id,type,sku,gtin_upc_ean_or_isbn,name,published,is_featured,visibility_in_catalog,short_description,description,date_sale_price_starts,date_sale_price_ends,tax_status,tax_class,in_stock,stock,low_stock_amount,backorders_allowed,sold_individually,weight_kg,length_cm,width_cm,height_cm,allow_customer_reviews,purchase_note,sale_price,regular_price,categories,tags,shipping_class,images,download_limit,download_expiry_days,parent,grouped_products,upsells,crosssells,external_url,button_text,position,brands,meta__shopify_product_id,meta_shopengine_product_views_count,meta_ekit_post_views_count,attribute_1_name,attribute_1_values,attribute_1_visible,attribute_1_global,attribute_2_name,attribute_2_values,attribute_2_visible,attribute_2_global,meta__shopify_variation_id,attribute_3_name,attribute_3_values,attribute_3_visible,attribute_3_global
442,simple,,,""" Black Dog Grooming Scissors Kit - Straight, Curved, Thinning & Texturizing Shears with Comb",1,0,visible,,"<p data-sourcepos=""11:1-11:458"">Achieve flawless and stylish grooming for your canine companion with the <strong>BITE Professional 7"" Black Dog Grooming Scissors Kit</strong>. This exceptional 5-piece set of essential <strong>beauty instruments</strong> is designed for superior precision, durability, and a sleek aesthetic. Each shear features a distinctive patterned blade and an all-black finish, providing both high performance and a sophisticated look for professional groomers and dedicated pet owners alike.</p>\n<ul data-sourcepos=""13:1-19:0"">\n<li data-sourcepos=""13:1-13:268"">\n<strong>Comprehensive 5-Piece Tool Set:</strong> Includes a 7"" straight cutting shear, a 7"" curved shear, and two distinct 7"" thinning/texturizing shears (one with wider teeth, one with finer teeth), along with a durable black grooming comb, covering all aspects of dog grooming.</li>\n<li data-sourcepos=""14:1-14:162"">\n<strong>Optimal 7-inch Length:</strong> The professional 7-inch size provides excellent reach and control, ideal for efficient grooming of various dog breeds and coat types.</li>\n<li data-sourcepos=""15:1-15:194"">\n<strong>Sleek Black Design:</strong> Features a striking all-black finish on both the blades and handles, complemented by a unique patterned texture on the shears, offering a modern and stylish appearance.</li>\n<li data-sourcepos=""16:1-16:191"">\n<strong>Razor-Sharp Precision:</strong> Crafted from high-quality materials (implied by ""Professional"") for exceptional sharpness, ensuring smooth, clean cuts without pulling or snagging your pet's fur.</li>\n<li data-sourcepos=""17:1-17:139"">\n<strong>Ergonomic Comfort:</strong> Designed with comfortable handles that provide a secure grip, reducing hand fatigue during long grooming sessions.</li>\n<li data-sourcepos=""18:1-19:0"">\n<strong>Convenient Storage:</strong> All tools come neatly organized in a durable black zippered case, ensuring easy storage, protection, and portability.</li>\n</ul>\n<p data-sourcepos=""20:1-20:118"">Discover more high-quality <strong>bite instruments</strong> and elevate your pet care routine with our premium grooming solutions.</p>\n<ul data-sourcepos=""13:1-19:0"">\n<li data-sourcepos=""13:1-13:210"">\n<strong>Premium 440C Stainless Steel:</strong> Each shear is meticulously crafted from high-grade 440C stainless steel, providing superior hardness, corrosion resistance, and long-lasting sharpness for effortless cutting.</li>\n<li data-sourcepos=""14:1-14:241"">\n<strong>Complete 4-Piece Professional Kit:</strong> Includes a 7.0-inch straight cutting shear, a 7.0-inch thinning shear, a 7.0-inch curved shear, and a durable purple grooming comb, offering all the specialized tools for comprehensive grooming tasks.</li>\n<li data-sourcepos=""15:1-15:209"">\n<strong>Elegant Rose Gold Aesthetic:</strong> Features a luxurious rose gold coating on the shears and handles, complemented by decorative jewels at the pivot, making this set a stylish addition to your grooming arsenal.</li>\n<li data-sourcepos=""16:1-16:208"">\n<strong>Precision &amp; Versatility:</strong> Designed for flawless performance, these shears allow for precise shaping, seamless blending, and refined finishing touches on all coat types, ensuring professional results.</li>\n<li data-sourcepos=""17:1-17:138"">\n<strong>Ergonomic Comfort:</strong> Engineered for comfortable handling and optimal control, reducing hand fatigue during extended grooming sessions.</li>\n<li data-sourcepos=""18:1-19:0"">\n<strong>Protective Storage Case:</strong> Comes with a sleek black case to keep your valuable tools organized, protected, and easily portable.</li>\n</ul>\n<p data-sourcepos=""20:1-20:118"">Discover more high-quality <strong>bite instruments</strong> and elevate your pet care routine with our premium grooming solutions.</p>",,,taxable,,1,54.0,,0,0,,,,,1,,,"119,00","Pet Grooming Instruments, Pet Grooming Kits","4-in-1 grooming set, 4-piece grooming kit, 440C stainless steel grooming, 4CR stainless steel scissors, 5 inch pet shears, 5-in-1 dog shears, 5-in-1 grooming kit, 5-in-1 grooming set, 5-in-1 pet grooming kit, 6-in-1 dog shears, 6-in-1 pet grooming kit, 7 inch dog shears, 7 inch pet shears, 8 inch pet shears, all-in-one pet groomer, Artecare dog grooming kit, beauty instruments, Bite Instruments, black and gold dog grooming, black and gold grooming scissors, black dog grooming set, black dog shears, black grooming kit, black grooming set, black grooming shears, black grooming tools, black handle shears, black titanium scissors, blue accent scissors, blunt tip scissors, cat facial trimmer, cat grooming scissors, cat grooming supplies, cat grooming tools, Citywish dog grooming kit, Citywish pet grooming kit, comfortable grooming tools, compact grooming scissors, complete pet grooming, comprehensive dog grooming, comprehensive dog kit, curved dog grooming scissors, curved dog scissors, curved grooming scissors, curved thinning straight chunkers, curved thinning straight scissors, curved thinning straight shears, detail grooming scissors, detail trimmer, dog comb, dog facial trimmer, dog grooming comb, dog grooming scissors, dog grooming shears, dog grooming supplies, dog grooming tools, dog hair cutting, dog hair cutting kit, dog nail care, dog nail clippers, dog nail file, dog scissors set, dog shears, dog styling scissors, dog thinning shears, down curved scissors, dragon style grooming scissors, durable dog grooming kit, durable dog scissors, durable grooming tools, durable pet shears, durable pet tools, ear hair scissors, facial trimmer for pets, fancy hair shears, Fenice Peak dog grooming scissors, Freewindo dog grooming kit, GEMEK dog grooming scissors, Gimars dog grooming scissors, gold dog grooming scissors, gold pet grooming shears, grooming instruments, grooming shears, grooming shears kit, home dog grooming, home grooming, home grooming kit, home pet grooming, Japanese dog grooming shears, JASON dog grooming scissors, large dog grooming, luxurious grooming kit, luxurious pet grooming, luxury pet grooming, multifunctional pet grooming set, nail clipper for dogs, non-slip handle scissors, paint coated shears, patterned blade scissors, paw trimming scissors, pet beauty instruments, pet beauty tools, pet body trimmer, pet care supplies, pet care tools, pet grooming comb, pet grooming kit, pet grooming scissors, pet grooming set, pet grooming supplies, pet hair clippers, pet hair cutting, pet hair cutting kit, pet safety scissors, pet styling kit, pet styling shears, Pets First scissors, plastic handle scissors, precision grooming, premium dog grooming, professional cat grooming scissors, professional dog grooming, professional dog grooming kit, professional dog grooming scissors, professional dog grooming set, professional dog shears, professional grooming instruments, professional grooming kit, professional grooming set, professional grooming supplies, professional grooming tools, professional pet grooming kit, professional pet grooming set, professional pet shears, professional pet tools, Purple Dragon dog grooming scissors, purple grooming set, razor-sharp dog grooming scissors, red accent grooming kit, rose gold dog grooming scissors, rose gold pet shears, rose gold shears, safe grooming scissors, safety grooming scissors, safety tip dog scissors, safety tip scissors, salon quality grooming, salon quality pet grooming, sharp dog scissors, sleek pet shears, small medium large dog grooming, small pet scissors, stainless steel dog scissors, stainless steel dog shears, stainless steel grooming kit, stainless steel grooming shears, stainless steel grooming tools, stainless steel pet scissors, stainless steel pet shears, stainless steel scissors, straight curved chunker scissors, straight curved thinning shears, straight dog scissors, straight grooming scissors, straight thinning curved scissors, straight thinning scissors, texturizing shears, thinning scissors, thinning shears, titanium coated dog scissors, titanium coated scissors, titanium pet scissors, unique grooming tools, up curved scissors",,"http://biteinstruments.com/wp-content/uploads/2025/10/7_DogGroomingScissorsKitBlack.jpg, http://biteinstruments.com/wp-content/uploads/2025/10/PremiumJapanese440CStainlessSteel.jpg, http://biteinstruments.com/wp-content/uploads/2025/10/blackthininngscissor.jpg, http://biteinstruments.com/wp-content/uploads/2025/10/thinningscissor.jpg, http://biteinstruments.com/wp-content/uploads/2025/10/blackcurvedscissor.jpg, http://biteinstruments.com/wp-content/uploads/2025/10/blackchunkerfordog.jpg, http://biteinstruments.com/wp-content/uploads/2025/10/remiumJapanese440CStainlessSteelStraight_Thinning_Curved_ChunkerShearsWithSteelComb.jpg",,,,,,,,,0,,8927434080492.0,236.0,236.0,,,,,,,,,,,,,
448,simple,,,"7.0in Titanium Professional Dog Grooming Scissors Set, BITE 6 in 1 Straight & Thinning & Upwards Curved & Downwards Curved Scissors & Comb for Dogs, Cats and Other Animals",1,0,visible,,"<p data-sourcepos=""11:1-11:515"">Achieve flawless, professional-level pet grooming results with the <strong>BITE Professional 7.0-inch Titanium Dog Grooming Scissors Set</strong>. This comprehensive collection of essential <strong>beauty instruments</strong> is designed for superior precision, comfort, and durability. Crafted from high-grade steel with a sleek black titanium coating, these shears offer exceptional sharpness and longevity. The kit includes a versatile range of specialized scissors and a matching comb, all neatly organized in a protective storage case.</p>\n<ul data-sourcepos=""13:1-19:0"">\n<li data-sourcepos=""13:1-13:158"">\n<strong>Professional Titanium Coating:</strong> Each scissor features a durable black titanium coating for enhanced sharpness, rust resistance, and a sophisticated look.</li>\n<li data-sourcepos=""14:1-14:168"">\n<strong>Comprehensive Set (5-Piece):</strong> Includes essential grooming shears: a straight scissor, a thinning shear, and two curved scissors, along with a sturdy grooming comb.</li>\n<li data-sourcepos=""15:1-15:119"">\n<strong>7.0-inch Professional Size:</strong> Ideal length for efficient and precise grooming of various dog breeds and coat types.</li>\n<li data-sourcepos=""16:1-16:163"">\n<strong>Ergonomic Design with Red Accents:</strong> Features comfortable handles with subtle red accents at the pivot point, ensuring a secure grip and reducing hand fatigue.</li>\n<li data-sourcepos=""17:1-17:134"">\n<strong>Razor-Sharp Blades:</strong> Engineered for smooth, effortless cutting, providing clean trims without pulling or damaging your pet's fur.</li>\n<li data-sourcepos=""18:1-19:0"">\n<strong>Versatile Grooming:</strong> Perfect for all your pet's styling needs, from intricate detailing to full body trims and blending.</li>\n</ul>\n<p data-sourcepos=""20:1-20:132"">Invest in this essential set of <strong>bite instruments</strong> for pet care and enjoy a comfortable, professional grooming experience at home!</p>",,,taxable,,1,45.0,,0,0,,,,,1,,,"44,45","Pet Grooming Instruments, Pet Grooming Kits","4CR stainless steel scissors, 5-in-1 dog shears, 5-in-1 pet grooming kit, 7 inch dog shears, Bite Instruments, black dog shears, black grooming set, black grooming shears, black grooming tools, black titanium scissors, blue accent scissors, curved dog grooming scissors, curved dog scissors, curved thinning straight shears, dog grooming comb, dog grooming scissors, dog shears, dog thinning shears, durable dog grooming kit, durable dog scissors, durable pet shears, GEMEK dog grooming scissors, Gimars dog grooming scissors, grooming instruments, grooming shears kit, home dog grooming, pet beauty instruments, pet beauty tools, pet care supplies, pet grooming kit, pet grooming set, pet hair clippers, pet hair cutting kit, premium dog grooming, professional dog grooming, professional grooming instruments, professional grooming tools, professional pet grooming kit, professional pet grooming set, razor-sharp dog grooming scissors, safety tip dog scissors, safety tip scissors, salon quality pet grooming, sleek pet shears, stainless steel dog scissors, stainless steel scissors, straight dog scissors, titanium coated dog scissors, titanium coated scissors",,"http://biteinstruments.com/wp-content/uploads/2025/10/DogGroomingKit_55394a05-d18a-4ca4-b02b-2c6ffdb9aeee.jpg, http://biteinstruments.com/wp-content/uploads/2025/10/upwardcurvedscissor.jpg, http://biteinstruments.com/wp-content/uploads/2025/10/downwardcurvedscissor.jpg, http://biteinstruments.com/wp-content/uploads/2025/10/bendingscissor.jpg, http://biteinstruments.com/wp-content/uploads/2025/10/dogstraightscissor.jpg, http://biteinstruments.com/wp-content/uploads/2025/10/GEMEK6in1Straight_Thinningscissor.jpg, http://biteinstruments.com/wp-content/uploads/2025/10/GEMEK6in1Straight_Thinning_UpwardsCurved_DownwardsCurvedScissors_Comb.jpg, http://biteinstruments.com/wp-content/uploads/2025/10/7.0inTitaniumProfessionalDogGroomingScissorskit.jpg, http://biteinstruments.com/wp-content/uploads/2025/10/7.0inTitaniumProfessionalDogGroomingScissorsSet.jpg",,,,,,,,,0,,8920319820012.0,245.0,244.0,,,,,,,,,,,,,
453,simple,,,Best Pet Nail Clippers & Claw Trimmer for Dogs & Cats – Professional Grooming Tool,1,0,visible,,"<p>Give your pets a safe, smooth, and stress-free nail trimming experience with the <strong data-start=""406"" data-end=""459"">Bite Instruments Pet Nail Clippers &amp; Claw Trimmer</strong>. Designed for both dogs and cats, these professional-grade clippers feature <strong data-start=""536"" data-end=""568"">sharp stainless-steel blades</strong> for a precise cut, and an <strong data-start=""595"" data-end=""624"">ergonomic non-slip handle</strong> for better control. Perfect for at-home grooming or professional pet salons, ensuring your furry friend’s nails stay healthy and comfortable.</p>\n<p>✅ <strong data-start=""772"" data-end=""796"">Features &amp; Benefits:</strong></p>\n<ul data-start=""799"" data-end=""1202"">\n<li data-start=""799"" data-end=""877"">🐾 <strong data-start=""804"" data-end=""836"">Sharp Stainless-Steel Blades</strong> – Clean, precise, and smooth trimming.</li>\n<li data-start=""878"" data-end=""959"">🐶 <strong data-start=""883"" data-end=""904"">Safe Guard Design</strong> – Prevents over-cutting to protect your pet’s claws.</li>\n<li data-start=""960"" data-end=""1031"">🐾 <strong data-start=""965"" data-end=""994"">Ergonomic Non-Slip Handle</strong> – Comfort grip for safe, easy use.</li>\n<li data-start=""1032"" data-end=""1110"">🐱 <strong data-start=""1037"" data-end=""1065"">Suitable for Dogs &amp; Cats</strong> – Ideal for small, medium, and large pets.</li>\n<li data-start=""1111"" data-end=""1202"">🐾 <strong data-start=""1116"" data-end=""1140"">Professional Quality</strong> – Trusted grooming tool for vets, groomers, and pet owners.</li>\n</ul>\n<p>Keep your pet’s paws healthy, safe, and stylish with <strong data-start=""1257"" data-end=""1277"">Bite Instruments</strong> grooming tools.</p>",,,taxable,,1,999.0,,0,0,,,,,1,,,"13,00","Pet Grooming Instruments, Pet Grooming Instruments > Pet Nail Cutters","Bite Instruments pet grooming, cat claw cutter, cat grooming accessories, cat nail trimmer, dog and cat nail clipper set, dog grooming tools, dog nail trimmer, dog scissors, grooming tools",,"http://biteinstruments.com/wp-content/uploads/2025/10/PetNailcLIPPER_2.jpg, http://biteinstruments.com/wp-content/uploads/2025/10/Pet_Nail_cLIPPER_3.jpg, http://biteinstruments.com/wp-content/uploads/2025/10/Pet_Nail_cLIPPER_4.jpg, http://biteinstruments.com/wp-content/uploads/2025/10/Pet_Nail_cLIPPER_5.jpg, http://biteinstruments.com/wp-content/uploads/2025/10/Pet_Nail_cLIPPER_1.jpg",,,,,,,,,0,,9010872451308.0,205.0,205.0,,,,,,,,,,,,,
454,simple,,,Best Pet Nail Clippers & Claw Trimmer for Dogs & Cats – Professional Grooming Tool,1,0,visible,,"<p>Give your pets a safe, smooth, and stress-free nail trimming experience with the <strong data-start=""406"" data-end=""459"">Bite Instruments Pet Nail Clippers &amp; Claw Trimmer</strong>. Designed for both dogs and cats, these professional-grade clippers feature <strong data-start=""536"" data-end=""568"">sharp stainless-steel blades</strong> for a precise cut, and an <strong data-start=""595"" data-end=""624"">ergonomic non-slip handle</strong> for better control. Perfect for at-home grooming or professional pet salons, ensuring your furry friend’s nails stay healthy and comfortable.</p>\n<p>✅ <strong data-start=""772"" data-end=""796"">Features &amp; Benefits:</strong></p>\n<ul data-start=""799"" data-end=""1202"">\n<li data-start=""799"" data-end=""877"">🐾 <strong data-start=""804"" data-end=""836"">Sharp Stainless-Steel Blades</strong> – Clean, precise, and smooth trimming.</li>\n<li data-start=""878"" data-end=""959"">🐶 <strong data-start=""883"" data-end=""904"">Safe Guard Design</strong> – Prevents over-cutting to protect your pet’s claws.</li>\n<li data-start=""960"" data-end=""1031"">🐾 <strong data-start=""965"" data-end=""994"">Ergonomic Non-Slip Handle</strong> – Comfort grip for safe, easy use.</li>\n<li data-start=""1032"" data-end=""1110"">🐱 <strong data-start=""1037"" data-end=""1065"">Suitable for Dogs &amp; Cats</strong> – Ideal for small, medium, and large pets.</li>\n<li data-start=""1111"" data-end=""1202"">🐾 <strong data-start=""1116"" data-end=""1140"">Professional Quality</strong> – Trusted grooming tool for vets, groomers, and pet owners.</li>\n</ul>\n<p>Keep your pet’s paws healthy, safe, and stylish with <strong data-start=""1257"" data-end=""1277"">Bite Instruments</strong> grooming tools.</p>",,,taxable,,1,999.0,,0,0,,,,,1,,,"7,99","Pet Grooming Instruments, Pet Grooming Instruments > Pet Nail Cutters","Bite Instruments pet grooming, cat claw cutter, cat grooming accessories, cat nail trimmer, dog and cat nail clipper set, dog grooming tools, dog nail trimmer, dog scissors, grooming tools",,"http://biteinstruments.com/wp-content/uploads/2025/10/B0C9G3QTCF_0_1.jpg, http://biteinstruments.com/wp-content/uploads/2025/10/pet_nail_cutter_3.jpg, http://biteinstruments.com/wp-content/uploads/2025/10/pet_nail_cutter_4.jpg, http://biteinstruments.com/wp-content/uploads/2025/10/pet_nail_cutter_2.jpg, http://biteinstruments.com/wp-content/uploads/2025/10/pet_nail_cutter_5.jpg, http://biteinstruments.com/wp-content/uploads/2025/10/pet_nail_cutter_6.jpg, http://biteinstruments.com/wp-content/uploads/2025/10/pet_nail_cutter_7.jpg",,,,,,,,,0,,9011466043628.0,203.0,203.0,,,,,,,,,,,,,
455,simple,,,Best Pet Nail Clippers & Claw Trimmer for Dogs & Cats – Professional Grooming Tool,1,0,visible,,"<p>Give your pets a safe, smooth, and stress-free nail trimming experience with the <strong data-start=""406"" data-end=""459"">Bite Instruments Pet Nail Clippers &amp; Claw Trimmer</strong>. Designed for both dogs and cats, these professional-grade clippers feature <strong data-start=""536"" data-end=""568"">sharp stainless-steel blades</strong> for a precise cut, and an <strong data-start=""595"" data-end=""624"">ergonomic non-slip handle</strong> for better control. Perfect for at-home grooming or professional pet salons, ensuring your furry friend’s nails stay healthy and comfortable.</p>\n<p>✅ <strong data-start=""772"" data-end=""796"">Features &amp; Benefits:</strong></p>\n<ul data-start=""799"" data-end=""1202"">\n<li data-start=""799"" data-end=""877"">🐾 <strong data-start=""804"" data-end=""836"">Sharp Stainless-Steel Blades</strong> – Clean, precise, and smooth trimming.</li>\n<li data-start=""878"" data-end=""959"">🐶 <strong data-start=""883"" data-end=""904"">Safe Guard Design</strong> – Prevents over-cutting to protect your pet’s claws.</li>\n<li data-start=""960"" data-end=""1031"">🐾 <strong data-start=""965"" data-end=""994"">Ergonomic Non-Slip Handle</strong> – Comfort grip for safe, easy use.</li>\n<li data-start=""1032"" data-end=""1110"">🐱 <strong data-start=""1037"" data-end=""1065"">Suitable for Dogs &amp; Cats</strong> – Ideal for small, medium, and large pets.</li>\n<li data-start=""1111"" data-end=""1202"">🐾 <strong data-start=""1116"" data-end=""1140"">Professional Quality</strong> – Trusted grooming tool for vets, groomers, and pet owners.</li>\n</ul>\n<p>Keep your pet’s paws healthy, safe, and stylish with <strong data-start=""1257"" data-end=""1277"">Bite Instruments</strong> grooming tools.</p>",,,taxable,,1,999.0,,0,0,,,,,1,,,"7,99","Pet Grooming Instruments, Pet Grooming Instruments > Pet Nail Cutters","Bite Instruments pet grooming, cat claw cutter, cat grooming accessories, cat nail trimmer, dog and cat nail clipper set, dog grooming tools, dog nail trimmer, dog scissors, grooming tools",,"http://biteinstruments.com/wp-content/uploads/2025/10/petnailcutter_1.jpg, http://biteinstruments.com/wp-content/uploads/2025/10/pet_nail_cutter_2_40a513ef-77e3-4ac8-aa1b-14fb6fe17466.jpg, http://biteinstruments.com/wp-content/uploads/2025/10/pet_nail_cutter_3_0ce59f6d-39f2-4051-aec4-2c80eb1780c8.jpg, http://biteinstruments.com/wp-content/uploads/2025/10/pet_nail_cutter_4_e61378cf-9a49-4bab-a37b-b0cf9a94c367.jpg, http://biteinstruments.com/wp-content/uploads/2025/10/pet_nail_cutter_5_27d17672-93ca-449f-ade3-6892557a6728.jpg, http://biteinstruments.com/wp-content/uploads/2025/10/pet_nail_cutter_6_56cc80d7-c175-4296-a563-f6d2bc3fe3ad.jpg",,,,,,,,,0,,9011515523308.0,205.0,205.0,,,,,,,,,,,,,
456,simple,,,Best Pet Nail Clippers & Claw Trimmer for Dogs & Cats – Professional Grooming Tool,1,0,visible,,"<p>Give your pets a safe, smooth, and stress-free nail trimming experience with the <strong data-start=""406"" data-end=""459"">Bite Instruments Pet Nail Clippers &amp; Claw Trimmer</strong>. Designed for both dogs and cats, these professional-grade clippers feature <strong data-start=""536"" data-end=""568"">sharp stainless-steel blades</strong> for a precise cut, and an <strong data-start=""595"" data-end=""624"">ergonomic non-slip handle</strong> for better control. Perfect for at-home grooming or professional pet salons, ensuring your furry friend’s nails stay healthy and comfortable.</p>\n<p>✅ <strong data-start=""772"" data-end=""796"">Features &amp; Benefits:</strong></p>\n<ul data-start=""799"" data-end=""1202"">\n<li class=""a-spacing-mini""><span class=""a-list-item""><strong>Easy to Use &amp; Precise</strong>: Bite Instruments cat claw clippers are designed for effortless trimming. Our user-friendly cat clippers features precise edges, ensuring a comfortable &amp; accurate trimming experience for your beloved companion.</span></li>\n<li class=""a-spacing-mini""><span class=""a-list-item""><strong>Pet-Friendly &amp; Compatible</strong>:Bite Instruments  Pet Nail Clippers are designed for stress-free trimming, featuring rounded tips, a non-slip handles, and precise stainless edges for safe &amp; gentle grooming sessions with long-lasting durability.</span></li>\n<li class=""a-spacing-mini""><span class=""a-list-item""><strong>Superior Quality:</strong> Our puppy nail clippers feature angled design for effortless trimming, &amp; to ensure precise, splinter-free cuts &amp; a professional finish. Excellent quality cat clippers for nails with flawless results.</span></li>\n<li class=""a-spacing-mini""><span class=""a-list-item""><strong>Perfect Gift: </strong>Treat your furry friend with Bite Instruments cat claw trimmer designed for precise &amp; stress-free trimming. With ergonomic design &amp; precise edges, our nail clippers for cats ensure a safe &amp; comfortable experience, making it the ultimate gift for your beloved cat.</span></li>\n<li class=""a-spacing-mini"">\n<span class=""a-list-item""><strong>Durable and Affordable:</strong> Our kitten nail clipper combines long-lasting durability with excellent value for money, ensuring a reliable &amp; cost-effective grooming tool for cats, puppies, guinea pigs, hamsters, birds, bunnies, and small breed pets.</span><br>\n</li>\n</ul>\n<p>Keep your pet’s paws healthy, safe, and stylish with <strong data-start=""1257"" data-end=""1277"">Bite Instruments</strong> grooming tools.</p>",,,taxable,,1,999.0,,0,0,,,,,1,,,"7,95","Pet Grooming Instruments, Pet Grooming Instruments > Pet Nail Cutters","Bite Instruments pet grooming, cat claw cutter, cat grooming accessories, cat nail trimmer, dog and cat nail clipper set, dog grooming tools, dog nail trimmer, dog scissors, grooming tools",,"http://biteinstruments.com/wp-content/uploads/2025/10/petnailclipper_1_copy_1.jpg, http://biteinstruments.com/wp-content/uploads/2025/10/pet_nail_clipper_2_copy_6d13b0ae-1006-4b4e-9d67-1b7ca182abc9.jpg, http://biteinstruments.com/wp-content/uploads/2025/10/pet_nail_clipper_3_copy.jpg, http://biteinstruments.com/wp-content/uploads/2025/10/pet_nail_clipper_5_copy.jpg, http://biteinstruments.com/wp-content/uploads/2025/10/pet_nail_clipper_4_f49de4b0-82a8-49a5-8fae-e5f903565942.jpg, http://biteinstruments.com/wp-content/uploads/2025/10/pet_nail_clipper_6_a1891826-0c8c-49aa-b313-1001d27173e1.jpg, http://biteinstruments.com/wp-content/uploads/2025/10/pet_nail_clipper_7_copy.jpg, http://biteinstruments.com/wp-content/uploads/2025/10/pet_nail_clipper_8_copy.jpg",,,,,,,,,0,,9012115865836.0,187.0,187.0,,,,,,,,,,,,,
457,simple,,,Best Pet Nail Clippers for Dogs & Cats – Professional Grooming Tool | Bite Instruments,1,0,visible,,"<p>Keep your furry friend’s nails neat, healthy, and safe with the <strong data-end=""482"" data-start=""425"">Bite Instruments Dog &amp; Cat Nail Clippers and Trimmers</strong>. Designed with <strong data-end=""541"" data-start=""498"">veterinary-grade stainless steel blades</strong>, these clippers ensure a <strong data-end=""589"" data-start=""567"">clean, precise cut</strong> every time. The <strong data-end=""636"" data-start=""606"">ergonomic non-slip handles</strong> provide maximum comfort and control, while the <strong data-end=""709"" data-start=""684"">built-in safety guard</strong> helps prevent over-cutting, making grooming stress-free for both you and your pet.</p>\n<p>Perfect for <strong data-end=""844"" data-start=""808"">dogs, cats, puppies, and kittens</strong> of all sizes – whether you’re a pet parent or a professional groomer, this tool guarantees salon-quality results at home.</p>\n<p>✅ <strong data-end=""996"" data-start=""972"">Features &amp; Benefits:</strong></p>\n<ul data-end=""1416"" data-start=""999"">\n<li class=""a-spacing-mini""><span class=""a-list-item""><span> </span><strong>Precision Cutting for Small Pets </strong>– Designed for small breed dogs and cats, the Bite Instruments Nail Clipper delivers clean, quick cuts with sharp, stainless steel blades.</span></li>\n<li class=""a-spacing-mini""><span class=""a-list-item"">🐾<strong> Vet-Recommended Grooming Tool </strong>– Developed with veterinary professionals to ensure safe, efficient, and comfortable nail trimming at home or in the clinic.</span></li>\n<li class=""a-spacing-mini""><span class=""a-list-item"">🛡️<strong> Built-In Safety Guard –</strong> Includes a protective cutting guard to help prevent over-trimming and reduce the risk of injury.</span></li>\n<li class=""a-spacing-mini""><span class=""a-list-item"">💪 <strong>Ergonomic, Non-Slip Handle </strong>– Designed for better control and a secure grip, minimizing hand fatigue for easy, stress-free grooming.</span></li>\n<li class=""a-spacing-mini"">\n<span class=""a-list-item"">✅<strong> Durable &amp; Easy to Use – </strong>A long-lasting, professional-grade nail trimmer that helps maintain your pet’s paw health while saving on grooming costs.</span><br>\n</li>\n</ul>\n<p>Give your pets the paw care they deserve with <strong data-end=""1484"" data-start=""1464"">Bite Instruments</strong> – where safety, comfort, and precision meet.</p>",,,taxable,,1,999.0,,0,0,,,,,1,,,"12,00","Pet Grooming Instruments, Pet Grooming Instruments > Pet Nail Cutters","best dog nail trimmers, Bite Instruments pet grooming, cat and dog nail cutter, cat claw cutter, cat grooming accessories, cat grooming nail clipper, cat nail trimmer, dog and cat nail clipper set, dog grooming nail tool, dog grooming tools, dog nail trimmer, dog nail trimmer professional, dog scissors, grooming tools",,"http://biteinstruments.com/wp-content/uploads/2025/10/petnailclipper_1_copy.jpg, http://biteinstruments.com/wp-content/uploads/2025/10/pet_nail_clipper_2_copy.jpg, http://biteinstruments.com/wp-content/uploads/2025/10/pet_nail_clipper_3_5db60b3a-f752-4643-9ebc-286d34419e18.jpg, http://biteinstruments.com/wp-content/uploads/2025/10/pet_nail_clipper_4_7cf3b8b0-0e14-4084-b037-98224955da31.jpg, http://biteinstruments.com/wp-content/uploads/2025/10/pet_nail_clipper_5_8d070d5a-84a3-4158-8c77-d145da1f8f72.jpg, http://biteinstruments.com/wp-content/uploads/2025/10/pet_nail_clipper_6_c12d9830-347e-4089-9c5b-4f65cf793509.jpg",,,,,,,,,0,,9012115112172.0,214.0,214.0,,,,,,,,,,,,,
458,simple,,,Best Pet Nail Clippers for Dogs & Cats – Professional Grooming Tool | Bite Instruments,1,0,visible,,"<p>Keep your furry friend’s nails neat, healthy, and safe with the <strong data-end=""482"" data-start=""425"">Bite Instruments Dog &amp; Cat Nail Clippers and Trimmers</strong>. Designed with <strong data-end=""541"" data-start=""498"">veterinary-grade stainless steel blades</strong>, these clippers ensure a <strong data-end=""589"" data-start=""567"">clean, precise cut</strong> every time. The <strong data-end=""636"" data-start=""606"">ergonomic non-slip handles</strong> provide maximum comfort and control, while the <strong data-end=""709"" data-start=""684"">built-in safety guard</strong> helps prevent over-cutting, making grooming stress-free for both you and your pet.</p>\n<p>Perfect for <strong data-end=""844"" data-start=""808"">dogs, cats, puppies, and kittens</strong> of all sizes – whether you’re a pet parent or a professional groomer, this tool guarantees salon-quality results at home.</p>\n<p>✅ <strong data-end=""996"" data-start=""972"">Features &amp; Benefits:</strong></p>\n<ul data-end=""1416"" data-start=""999"">\n<li class=""a-spacing-mini""><span class=""a-list-item""><span> </span><strong>Precision Cutting for Small Pets </strong>– Designed for small breed dogs and cats, the Bite Instruments Nail Clipper delivers clean, quick cuts with sharp, stainless steel blades.</span></li>\n<li class=""a-spacing-mini""><span class=""a-list-item"">🐾<strong> Vet-Recommended Grooming Tool </strong>– Developed with veterinary professionals to ensure safe, efficient, and comfortable nail trimming at home or in the clinic.</span></li>\n<li class=""a-spacing-mini""><span class=""a-list-item"">🛡️<strong> Built-In Safety Guard –</strong> Includes a protective cutting guard to help prevent over-trimming and reduce the risk of injury.</span></li>\n<li class=""a-spacing-mini""><span class=""a-list-item"">💪 <strong>Ergonomic, Non-Slip Handle </strong>– Designed for better control and a secure grip, minimizing hand fatigue for easy, stress-free grooming.</span></li>\n<li class=""a-spacing-mini"">\n<span class=""a-list-item"">✅<strong> Durable &amp; Easy to Use – </strong>A long-lasting, professional-grade nail trimmer that helps maintain your pet’s paw health while saving on grooming costs.</span><br>\n</li>\n</ul>\n<p>Give your pets the paw care they deserve with <strong data-end=""1484"" data-start=""1464"">Bite Instruments</strong> – where safety, comfort, and precision meet.</p>",,,taxable,,1,999.0,,0,0,,,,,1,,,"13,00","Pet Grooming Instruments, Pet Grooming Instruments > Pet Nail Cutters","best dog nail trimmers, Bite Instruments pet grooming, cat and dog nail cutter, cat claw cutter, cat grooming accessories, cat grooming nail clipper, cat nail trimmer, dog and cat nail clipper set, dog grooming nail tool, dog grooming tools, dog nail trimmer, dog nail trimmer professional, dog scissors, grooming tools",,"http://biteinstruments.com/wp-content/uploads/2025/10/dognailclliper_1_copy.jpg, http://biteinstruments.com/wp-content/uploads/2025/10/dog_nail_clliper_2.jpg, http://biteinstruments.com/wp-content/uploads/2025/10/dog_nail_clliper_4_copy.jpg, http://biteinstruments.com/wp-content/uploads/2025/10/dog_nail_clliper_5_copy.jpg, http://biteinstruments.com/wp-content/uploads/2025/10/dog_nail_clliper_6_copy.jpg",,,,,,,,,0,,9012115505388.0,209.0,209.0,,,,,,,,,,,,,
459,simple,,,Best Pet Nail Clippers for Dogs & Cats – Professional Grooming Tool | Bite Instruments,1,0,visible,,"<p>Keep your furry friend’s nails neat, healthy, and safe with the <strong data-end=""482"" data-start=""425"">Bite Instruments Dog &amp; Cat Nail Clippers and Trimmers</strong>. Designed with <strong data-end=""541"" data-start=""498"">veterinary-grade stainless steel blades</strong>, these clippers ensure a <strong data-end=""589"" data-start=""567"">clean, precise cut</strong> every time. The <strong data-end=""636"" data-start=""606"">ergonomic non-slip handles</strong> provide maximum comfort and control, while the <strong data-end=""709"" data-start=""684"">built-in safety guard</strong> helps prevent over-cutting, making grooming stress-free for both you and your pet.</p>\n<p>Perfect for <strong data-end=""844"" data-start=""808"">dogs, cats, puppies, and kittens</strong> of all sizes – whether you’re a pet parent or a professional groomer, this tool guarantees salon-quality results at home.</p>\n<p>✅ <strong data-end=""996"" data-start=""972"">Features &amp; Benefits:</strong></p>\n<ul data-end=""1416"" data-start=""999"">\n<li class=""a-spacing-mini""><span class=""a-list-item""><span> </span><strong>Precision Cutting for Small Pets </strong>– Designed for small breed dogs and cats, the Bite Instruments Nail Clipper delivers clean, quick cuts with sharp, stainless steel blades.</span></li>\n<li class=""a-spacing-mini""><span class=""a-list-item"">🐾<strong> Vet-Recommended Grooming Tool </strong>– Developed with veterinary professionals to ensure safe, efficient, and comfortable nail trimming at home or in the clinic.</span></li>\n<li class=""a-spacing-mini""><span class=""a-list-item"">🛡️<strong> Built-In Safety Guard –</strong> Includes a protective cutting guard to help prevent over-trimming and reduce the risk of injury.</span></li>\n<li class=""a-spacing-mini""><span class=""a-list-item"">💪 <strong>Ergonomic, Non-Slip Handle </strong>– Designed for better control and a secure grip, minimizing hand fatigue for easy, stress-free grooming.</span></li>\n<li class=""a-spacing-mini"">\n<span class=""a-list-item"">✅<strong> Durable &amp; Easy to Use – </strong>A long-lasting, professional-grade nail trimmer that helps maintain your pet’s paw health while saving on grooming costs.</span><br>\n</li>\n</ul>\n<p>Give your pets the paw care they deserve with <strong data-end=""1484"" data-start=""1464"">Bite Instruments</strong> – where safety, comfort, and precision meet.</p>",,,taxable,,1,999.0,,0,0,,,,,1,,,"13,00","Pet Grooming Instruments, Pet Grooming Instruments > Pet Nail Cutters","best dog nail trimmers, Bite Instruments pet grooming, cat and dog nail cutter, cat claw cutter, cat grooming accessories, cat grooming nail clipper, cat nail trimmer, dog and cat nail clipper set, dog grooming nail tool, dog grooming tools, dog nail trimmer, dog nail trimmer professional, dog scissors, grooming tools",,"http://biteinstruments.com/wp-content/uploads/2025/10/petnailclipper_4.jpg, http://biteinstruments.com/wp-content/uploads/2025/10/pet_nail_clipper_6_copy.jpg, http://biteinstruments.com/wp-content/uploads/2025/10/pet_nail_clipper_1_copy.jpg, http://biteinstruments.com/wp-content/uploads/2025/10/pet_nail_clipper_2_copy_6f92f6d0-f054-448c-8391-12158e04d9cd.jpg, http://biteinstruments.com/wp-content/uploads/2025/10/pet_nail_clipper_5_copy_9c33ec18-ebfa-4514-8da2-2e04249b9079.jpg, http://biteinstruments.com/wp-content/uploads/2025/10/pet_nail_clipper_7_copy_80055c7d-e2fa-407c-b55e-86a2590d56c5.jpg",,,,,,,,,0,,9012128973036.0,207.0,206.0,,,,,,,,,,,,,
462,variable,9010156994796-professional-dog-grooming-scissors-set-7-inch-8-inch-pet-grooming-scissors-chunkers-shears-for-dog-curved-dog-grooming-scissors-thinning-shears-for-dog-with-grooming-comb-copy,,Bite Instruments 37 Teeth Dog Grooming Thinning Shears – Japanese Steel,1,0,visible,,"<p>Give your pets a flawless, natural look with the <strong data-start=""408"" data-end=""457"">Bite Instruments Professional Thinning Shears</strong>. Designed with <strong data-start=""473"" data-end=""495"">37 precision teeth</strong>, these Japanese stainless steel thinning scissors blend, texturize, and remove bulk without leaving harsh lines, ensuring a smooth, polished finish every time.</p>\n<p>Perfect for <strong data-start=""671"" data-end=""706"">dogs and cats of all coat types</strong>, these grooming shears are a must-have tool for professional groomers and pet owners who want salon-quality results at home. The ergonomic handle provides comfort and reduces hand fatigue, allowing for better control during extended grooming sessions.</p>\n<p>✨ Features &amp; Benefits:</p>\n<ul data-start=""991"" data-end=""1491"">\n<li data-start=""991"" data-end=""1078"">\n<strong data-start=""993"" data-end=""1021"">37 Teeth Thinning Shears</strong> – Ideal for blending, thinning, and finishing touches.</li>\n<li data-start=""1079"" data-end=""1157"">\n<strong data-start=""1081"" data-end=""1117"">Premium Japanese Stainless Steel</strong> – Rust-resistant, sharp, and durable.</li>\n<li data-start=""1158"" data-end=""1247"">\n<strong data-start=""1160"" data-end=""1193"">Professional Grooming Results</strong> – Leaves a natural, seamless look on dogs and cats.</li>\n<li data-start=""1248"" data-end=""1315"">\n<strong data-start=""1250"" data-end=""1270"">Ergonomic Handle</strong> – Designed for comfort and reduced strain.</li>\n<li data-start=""1316"" data-end=""1391"">\n<strong data-start=""1318"" data-end=""1340"">For All Coat Types</strong> – Works on thick, curly, straight, and fine fur.</li>\n<li data-start=""1392"" data-end=""1491"">\n<strong data-start=""1394"" data-end=""1413"">Trusted Quality</strong> – Bite Instruments ensures long-lasting, professional-grade grooming tools.</li>\n</ul>",,,taxable,,1,,,0,0,,,,,1,,,,"Pet Grooming Instruments > Blenders\, Chunkers & Thinning Scissors, Pet Grooming Instruments","Bite Instruments, Bite Instruments thinning shears, curved dog grooming scissors, curved dog scissors, dog grooming comb, dog grooming scissors, dog grooming thinning scissors, dog hair cutting kit, dog shears, dog thinning shears, home dog grooming, Japanese steel dog scissors, Moontay grooming (if applicable based on brand recognition), pet beauty tools, pet care supplies, pet grooming kit, pet thinning shears, premium pet grooming tools, professional dog grooming, professional dog shears, professional pet grooming set, professional thinning shears for pets, purple dog grooming scissors, purple grooming set, safety tip scissors, stainless steel scissors, straight dog scissors, stylish pet shears",,"http://biteinstruments.com/wp-content/uploads/2025/10/thiningscissors_1.jpg, http://biteinstruments.com/wp-content/uploads/2025/10/thining_scissors_2.jpg, http://biteinstruments.com/wp-content/uploads/2025/10/thining_scissors_3.jpg, http://biteinstruments.com/wp-content/uploads/2025/10/thining_scissors_4.jpg, http://biteinstruments.com/wp-content/uploads/2025/10/thining_scissors_5.jpg, http://biteinstruments.com/wp-content/uploads/2025/10/thining_scissors_6.jpg",,,,,,,,,0,,9010156994796.0,222.0,222.0,Color,Black,0.0,0.0,Size,7.5 inches,0.0,0.0,,,,,
472,variable,9010162696428-professional-dog-grooming-thinning-shears-7inch-stainless-steel-blender-scissors-copy,,"Bite Instruments Blenders, Chunkers & Thinning Shears – Pet Grooming Tools",1,0,visible,,"<p><span>Achieve beautifully blended and textured hairstyles with the professional </span><strong>Stainless Steel  Blenders, Chunkers &amp; Thinning Shears</strong><span> from </span><strong>Bite Instruments</strong><span>. Designed for precision and control, these high-quality thinning shears are an indispensable tool for barbers, stylists, and home users looking to expertly remove bulk, soften lines, and create natural-looking volume in any hair type. Trust </span><strong>Bite Instruments</strong><span> for durable, sharp, and reliable hair cutting tools.</span></p>\n<p>Perfect for <strong data-start=""671"" data-end=""706"">dogs and cats of all coat types</strong>, these grooming shears are a must-have tool for professional groomers and pet owners who want salon-quality results at home. The ergonomic handle provides comfort and reduces hand fatigue, allowing for better control during extended grooming sessions.</p>\n<p>✨ Features &amp; Benefits:</p>\n<ul data-start=""991"" data-end=""1491"">\n<li class=""a-spacing-mini""><span class=""a-list-item""><strong>Professional Curved Chunkers Dog Grooming Scissors. </strong>8 inch design perfectly follows your pet’s body curve for smooth trimming of legs, face, and body.</span></li>\n<li class=""a-spacing-mini""><span class=""a-list-item"">Thinning Chunker Shears. Sharp, durable blades ensure precise cuts without pulling or damaging your pet’s hair.</span></li>\n<li class=""a-spacing-mini""><span class=""a-list-item""><strong>Natural Blending and Thinning.  </strong>Chunkers help remove bulk and blend fur naturally for a professional-looking, fluffy coat.</span></li>\n<li class=""a-spacing-mini""><span class=""a-list-item""><strong>Ergonomic and Comfortable</strong>. Curved shears for dogs feature an ergonomic handle that reduces hand fatigue during long grooming sessions.</span></li>\n<li class=""a-spacing-mini"">\n<span class=""a-list-item""><strong>Ideal for Home and Professional Grooming. </strong>Perfect for medium and large dogs, suitable for both professional groomers and pet owners.</span><br>\n</li>\n</ul>\n<p><span class=""a-list-item""><span>Elevate your hair styling capabilities with these essential <strong> Blenders, Chunkers &amp; Thinning Shears </strong></span><span>from </span><strong>Bite Instruments</strong><span>. They are a must-have for anyone seeking to perfect their hair cutting techniques and achieve salon-quality results.</span></span></p>",,,taxable,,1,,,0,0,,,,,1,,,,"Pet Grooming Instruments > Blenders\, Chunkers & Thinning Scissors, Pet Grooming Instruments","Bite Instruments, Bite Instruments thinning shears, blenders chunkers and thinners Bite Instruments, chunker shears dog groomer, curved dog grooming scissors, curved dog scissors, curved grooming scissors Bite Instruments, dog grooming comb, dog grooming scissors, dog grooming thinning scissors, dog hair cutting kit, dog shears, dog thinning shears, home dog grooming, Japanese steel dog scissors, Moontay grooming (if applicable based on brand recognition), pet beauty tools, pet care supplies, Pet Curved Chunker Shears, pet grooming chunker scissors, pet grooming kit, pet thinning shears, premium pet grooming tools, professional dog grooming, professional dog shears, professional pet grooming set, professional thinning shears for pets, purple dog grooming scissors, purple grooming set, safety tip scissors, stainless steel scissors, straight dog scissors, stylish pet shears, texturizing shears for pets",,"http://biteinstruments.com/wp-content/uploads/2025/10/DogGroomingScissors_1.jpg, http://biteinstruments.com/wp-content/uploads/2025/10/Dog_Grooming_Scissors_2.jpg, http://biteinstruments.com/wp-content/uploads/2025/10/Dog_Grooming_Scissors_3.jpg, http://biteinstruments.com/wp-content/uploads/2025/10/Dog_Grooming_Scissors_4.jpg, http://biteinstruments.com/wp-content/uploads/2025/10/Dog_Grooming_Scissors_5.jpg, http://biteinstruments.com/wp-content/uploads/2025/10/Dog_Grooming_Scissors_6.jpg, http://biteinstruments.com/wp-content/uploads/2025/10/Dog_Grooming_Scissors_7.jpg",,,,,,,,,0,,9010162696428.0,228.0,228.0,Size,8 inches,0.0,0.0,Color,"Purple, Rainbow, Black, Gold",0.0,0.0,,,,,
477,simple,,,"Bite Instruments Blenders, Chunkers & Thinning Shears – Pet Grooming Tools",1,0,visible,,"<p><span>Achieve beautifully blended and textured hairstyles with the professional </span><strong>Stainless Steel  Blenders, Chunkers &amp; Thinning Shears</strong><span> from </span><strong>Bite Instruments</strong><span>. Designed for precision and control, these high-quality thinning shears are an indispensable tool for barbers, stylists, and home users looking to expertly remove bulk, soften lines, and create natural-looking volume in any hair type. Trust </span><strong>Bite Instruments</strong><span> for durable, sharp, and reliable hair cutting tools.</span></p>\n<p>Perfect for <strong data-start=""671"" data-end=""706"">dogs and cats of all coat types</strong>, these grooming shears are a must-have tool for professional groomers and pet owners who want salon-quality results at home. The ergonomic handle provides comfort and reduces hand fatigue, allowing for better control during extended grooming sessions.</p>\n<p>✨ Features &amp; Benefits:</p>\n<ul data-start=""991"" data-end=""1491"">\n<li class=""a-spacing-mini""><span class=""a-list-item"">🐶<strong>[Sharp, Smooth &amp; Efficient]  Bite Instruments </strong> dog grooming thinning shears is made of Japanese 440C stainless steel, which means an extra durability, and a superbly sharp convex edge to the superior cutting action. The pet grooming scissors has a finely honed blade and perfect design for western hands, ensuring you will cut more dog hair efficiently and comfortably, which is a great choice of professional right handed pet groomer.</span></li>\n<li class=""a-spacing-mini""><span class=""a-list-item"">🐶<strong>[Super Comfortable Hands Feeling] </strong>The chunker shears for dog grooming has high precision CNC screw, good stability smooth opening and closing. Ergonomic grooming shears making them comfortable and lightweight to hold in your hand , effectively avoid wrist joint injury. Good Tools Make You Enjoy Your Work Even More.</span></li>\n<li class=""a-spacing-mini""><span class=""a-list-item"">🐶<strong>[Wide Application]</strong> The chunking shears for dog grooming which different from the traditional thinning scissors with 30% thinning, it's easier and faster for at-home DIY groomer, even it can instead of the straight scissors if you are not skilled on grooming. The thinning rate is 70%. These grooming scissors for dogs are suitable for pets over 11.8 inch/30CM( 15.7 inch/40cm) in length.</span></li>\n<li class=""a-spacing-mini""><span class=""a-list-item"">🐶<strong>[Great Gift Idea] </strong>The professional dog grooming scissors is ideal for a pet hospital, pet salons, and family to use on dogs, cats, and so on. You can become a professional pet groomer at home, Saving Time and Money, More is make you enjoy the feeling of taking care of your four-legged family member. The dog hair scissors for grooming is also definitely the perfect gift for relatives and friends, especially for dog or cat lovers.</span></li>\n<li class=""a-spacing-mini"">\n<span class=""a-list-item"">🐶<strong>[100% Satisfaction]</strong> Each pair of dog trimming scissors for grooming , we go through more than 10 inspection processes to ensure that you get the more satisfactory scissors. If you have any question, please contact us. We offer 100% satisfaction or money back. Invest with no risk.</span><br>\n</li>\n</ul>\n<p><span class=""a-list-item""><span>Elevate your hair styling capabilities with these essential <strong> Blenders, Chunkers &amp; Thinning Shears </strong></span><span>from </span><strong>Bite Instruments</strong><span>. They are a must-have for anyone seeking to perfect their hair cutting techniques and achieve salon-quality results.</span></span></p>",,,taxable,,1,53.0,,0,0,,,,,1,,,"32,00","Pet Grooming Instruments > Blenders\, Chunkers & Thinning Scissors, Pet Grooming Instruments","Bite Instruments, Bite Instruments thinning shears, blenders chunkers and thinners Bite Instruments, chunker shears dog groomer, curved dog grooming scissors, curved dog scissors, curved grooming scissors Bite Instruments, dog grooming comb, dog grooming scissors, dog grooming thinning scissors, dog hair cutting kit, dog shears, dog thinning shears, home dog grooming, Japanese steel dog scissors, Moontay grooming (if applicable based on brand recognition), pet beauty tools, pet care supplies, Pet Curved Chunker Shears, pet grooming chunker scissors, pet grooming kit, pet thinning shears, premium pet grooming tools, professional dog grooming, professional dog shears, professional pet grooming set, professional thinning shears for pets, purple dog grooming scissors, purple grooming set, safety tip scissors, stainless steel scissors, straight dog scissors, stylish pet shears, texturizing shears for pets",,"http://biteinstruments.com/wp-content/uploads/2025/10/DogGroomingScissors_1_2e502e55-b474-4cba-a940-0d43a7f0430c.jpg, http://biteinstruments.com/wp-content/uploads/2025/10/Dog_Grooming_Scissors_1.jpg, http://biteinstruments.com/wp-content/uploads/2025/10/Dog_Grooming_Scissors_2_107f7bf3-9468-4d26-b540-7f4a24c73370.jpg, http://biteinstruments.com/wp-content/uploads/2025/10/Dog_Grooming_Scissors_3_3f19b7f2-53c7-4f72-860d-28c72028d05d.jpg, http://biteinstruments.com/wp-content/uploads/2025/10/Dog_Grooming_Scissors_4_84a70689-91b0-4c40-bdfd-78e80642cc2c.jpg, http://biteinstruments.com/wp-content/uploads/2025/10/Dog_Grooming_Scissors_5_736fba20-a7c3-462a-ba62-71b54a61a872.jpg",,,,,,,,,0,,9010165973228.0,224.0,223.0,,,,,,,,,,,,,
479,simple,,,Bite Instruments Curved Pet Grooming Scissors – Professional Dog & Cat Hair Cutting Shears,1,0,visible,,"<p>Keep your pets looking their best with the <strong data-start=""2092"" data-end=""2141"">Bite Instruments Curved Pet Grooming Scissors</strong> – the perfect tool for safe and precise grooming at home or in the salon. Designed with <strong data-start=""2230"" data-end=""2253"">rounded safety tips</strong> and a curved blade, these scissors are ideal for trimming around delicate areas like the face, ears, and paws without the risk of accidental nicks. Made from <strong data-start=""2412"" data-end=""2444"">high-quality stainless steel</strong>, they deliver sharp, smooth cuts while staying rust-free and durable over time.</p>\n<p>The <strong data-start=""2532"" data-end=""2550"">ergonomic grip</strong> and <strong data-start=""2555"" data-end=""2577"">lightweight design</strong> reduce strain during long grooming sessions, while the <strong data-start=""2633"" data-end=""2653"">adjustable screw</strong> allows you to customize the tension to your preference. Whether you’re a <strong data-start=""2727"" data-end=""2751"">professional groomer</strong> or a <strong data-start=""2757"" data-end=""2771"">pet parent</strong>, these grooming scissors make it easy to achieve salon-quality results from the comfort of your home.</p>\n<p>With <strong data-start=""2882"" data-end=""2902"">Bite Instruments</strong>, you get tools trusted by professionals and loved by pet owners worldwide – because grooming should always be safe, precise, and stress-free.</p>\n<p>📌 Long Bullet Point Description:</p>\n<ul data-start=""1111"" data-end=""1987"">\n<li data-start=""1111"" data-end=""1311"">\n<strong data-start=""1113"" data-end=""1139"">Professional Precision</strong> – The <strong data-start=""1146"" data-end=""1191"">Bite Instruments Curved Grooming Scissors</strong> are designed to give you clean, accurate cuts, making them perfect for shaping around the face, ears, paws, and tail.</li>\n<li data-start=""1312"" data-end=""1444"">\n<strong data-start=""1314"" data-end=""1335"">Safe Rounded Tips</strong> – Curved design with <strong data-start=""1357"" data-end=""1378"">blunt safety ends</strong> ensures worry-free grooming, especially around sensitive areas.</li>\n<li data-start=""1445"" data-end=""1568"">\n<strong data-start=""1447"" data-end=""1474"">Premium Stainless Steel</strong> – Crafted with sharp, rust-resistant blades that glide through thick or fine fur with ease.</li>\n<li data-start=""1569"" data-end=""1724"">\n<strong data-start=""1571"" data-end=""1592"">Ergonomic Comfort</strong> – Lightweight design with soft silicone finger inserts and adjustable tension screw for maximum control and reduced hand fatigue.</li>\n<li data-start=""1725"" data-end=""1867"">\n<strong data-start=""1727"" data-end=""1757"">Multipurpose Grooming Tool</strong> – Suitable for dogs, cats, and all furry pets. Ideal for both professional groomers and pet owners at home.</li>\n<li data-start=""1868"" data-end=""1987"">\n<strong data-start=""1870"" data-end=""1892"">Durable &amp; Reliable</strong> – Long-lasting build ensures consistent performance and precise grooming results every time.</li>\n</ul>\n<p>Give your pets a salon-quality grooming experience with <strong data-start=""1610"" data-end=""1655"">Bite Instruments Curved Grooming Scissors</strong> – combining <strong data-start=""1668"" data-end=""1702"">safety, precision, and comfort</strong> in one tool.</p>",,,taxable,,1,500.0,,0,0,,,,,1,,,"30,00","Pet Grooming Instruments > Curved Scissors, Beauty Care Instruments > Barber Tools > Grooming Scissors","7 inch dog shears, beauty instruments, beauty tool, best grooming scissors for dogs, Bite Instruments, black dog grooming scissors, cat grooming scissors safe tips, cat grooming shears, cat grooming tools, curved blade scissors, curved dog grooming scissors, curved dog scissors, curved grooming scissors, curved grooming scissors Bite Instruments, curved scissors, curved shears for pets, dog grooming curved shears, dog grooming scissors, dog grooming shears, dog grooming straight shear, dog grooming supplies, dog grooming supplies Bite Instruments, dog hair cutting scissors, dog scissors, grooming instrument, grooming scissors, grooming shears, grooming supplies, grooming tools, home dog grooming, paw trimming scissors, pet beauty instruments, pet grooming, pet grooming accessories, pet grooming scissors, pet grooming scissors curved blades, pet grooming supplies, professional dog grooming tools, professional grooming tools",,"http://biteinstruments.com/wp-content/uploads/2025/10/petcurvedscissors_7.jpg, http://biteinstruments.com/wp-content/uploads/2025/10/pet_curved_scissors_1.jpg, http://biteinstruments.com/wp-content/uploads/2025/10/pet_curved_scissors_5.jpg, http://biteinstruments.com/wp-content/uploads/2025/10/pet_curved_scissors_2.jpg, http://biteinstruments.com/wp-content/uploads/2025/10/pet_curved_scissors_3.jpg, http://biteinstruments.com/wp-content/uploads/2025/10/pet_curved_scissors_4.jpg, http://biteinstruments.com/wp-content/uploads/2025/10/pet_curved_scissors_6.jpg",,,,,,,,,0,,9028570808556.0,232.0,231.0,,,,,,,,,,,,,
480,simple,,,Bite Instruments Dog Grooming Comb – Stainless Steel Pet Comb with Anti-Slip Handle,1,0,visible,,"<p>Discover the <strong data-start=""330"" data-end=""381"">Bite Instruments Professional Dog Grooming Comb</strong>, made with durable stainless steel and an <strong data-start=""424"" data-end=""454"">anti-slip ergonomic handle</strong> for effortless grooming. Perfect for dogs, cats, and pets with long or short coats, this comb helps <strong data-start=""555"" data-end=""612"">detangle, de-shed, and maintain a healthy, shiny coat</strong>. Ideal for home use or professional groomers</p>\n<p>Whether you’re a <strong data-start=""764"" data-end=""788"">professional groomer</strong> or a pet parent, this durable comb is a must-have grooming tool. With its <strong data-start=""863"" data-end=""891"">ergonomic anti-slip grip</strong> and dual-length teeth, it works efficiently on <strong data-start=""939"" data-end=""995"">all coat types – long, short, curly, or double coats</strong>.</p>\n<p>✨ <strong data-start=""1002"" data-end=""1019"">Key Features:</strong></p>\n<ul data-start=""1022"" data-end=""1423"">\n<li class=""a-spacing-mini""><span class=""a-list-item""><strong>【Longer,Deeper,Tapered Pins ,Safe Stainless Steel Pins.】&gt;&gt;</strong> Dog comb has long and wide tooth 1.3 Inches long tapered pins make easy to get rid of the undercoat second layer of hair that the dog or cat has. This greyhound comb for dogs and cats grooming light weight design also make it super gentle when you grooming or brushing or shedding your pet thoroughly remove loose mats, knots &amp; tangles easily and efficient.</span></li>\n<li class=""a-spacing-mini""><span class=""a-list-item""><strong>【Double-Sided Grooming.70%-80% Efficient Removing Tangles,Knots and Brushing Matted Fur.】&gt;&gt;</strong>Coarse Comb wide Tooth: our metal dogs and cats comb can be used for large areas grooming or brushing for tangled hair combing.The back, the tail, the limbs. Finer Comb long Tooth: Great for detailing and deshedding small areas around the face,make it look smoother and cleaner.It's Professional pet comb with fine tooth.</span></li>\n<li class=""a-spacing-mini""><span class=""a-list-item""><strong>【Suitable For Long-Haired Dogs and Cats.】&gt;&gt;</strong> Our dog comb for long haired dogs and cats will works well.DOG: Border herder, Samoyed, Sioux, Golden Retriever, Ancient herder, Chow Chow, Alaska, Shetty, Great pyrenees, Papillon, Megalodon, Afghan hound, Maltese. CAT:Muppet, Persian, Norwegian Wood, Maine Coon, Berman, Turkish Van, Paris Cat.it's useful steel metal comb for dogs and cats.</span></li>\n<li class=""a-spacing-mini""><span class=""a-list-item""><strong>【No Rust&amp;Corrosion,No Lose Colour.】&gt;&gt;</strong>The greyhound pets grooming comb handle surface is polished, dog comb surface is oxidized and painted, and treated with anti-rust. There are altogether four technological processes,make the color distribution more uniform and bright.</span></li>\n<li class=""a-spacing-mini"">\n<span class=""a-list-item""><strong>【Cambered Handle For More Comfort and Easier Hold On.】&gt;&gt;</strong>Our grooming comb for dogs and cats two ends of the handle are polished without sharp edges.This dog grooming comb It's safer and more comfortable to use for groomer.Handle surface through matte process flow, anti - slip.</span><br>\n</li>\n</ul>\n<p>Give your pet the comfort they deserve and make grooming time stress-free with <strong data-start=""1504"" data-end=""1542"">Bite Instruments Dog Grooming Comb</strong>.</p>",,,taxable,,1,45.0,,0,0,,,,,1,,,"13,00",Pet Grooming Instruments > Pet Combs,"beauty instruments, beauty tool, Bite Instruments, Bite Instruments dog comb, cat grooming comb, detangling comb, detangling comb for pets, dog comb long hair, dog comb short hair, dog grooming comb, grooming instruments, pet beauty instruments, pet beauty tools, pet care supplies, pet care tools, pet comb, pet grooming, pet grooming comb, pet grooming scissors, pet grooming set, pet grooming supplies, pet grooming tool, pet shedding comb, professional grooming comb, professional grooming tools, stainless steel pet comb, tainless steel dog comb",,"http://biteinstruments.com/wp-content/uploads/2025/10/petcomb_1_1.jpg, http://biteinstruments.com/wp-content/uploads/2025/10/pet_comb_2_c630b35e-efd3-4c7d-a04c-fed44a9b749e.jpg, http://biteinstruments.com/wp-content/uploads/2025/10/pet_comb_3_07c969ee-76d9-469e-830a-46a8f54307cb.jpg, http://biteinstruments.com/wp-content/uploads/2025/10/pet_comb_4_1938cbd5-a225-43dc-b9eb-7d6b74d75758.jpg",,,,,,,,,0,,9010864750828.0,197.0,196.0,,,,,,,,,,,,,
593,simple,,,Bite Instruments Pet Grooming Kit – Professional Dog Grooming Scissors Set,1,0,visible,,"<p><strong data-start=""527"" data-end=""573"">Groom Like a Pro with Bite Instruments ✨</strong></p>\n<p>Give your pets the salon treatment they deserve! The <strong data-start=""630"" data-end=""667"">Bite Instruments Pet Grooming Kit</strong> is designed for both <strong data-start=""689"" data-end=""714"">professional groomers</strong> and <strong data-start=""719"" data-end=""734"">pet parents</strong> who want to keep their furry friends looking fresh, clean, and stylish.</p>\n<ul class=""a-unordered-list a-vertical a-spacing-mini"">\n<li class=""a-spacing-mini""><span class=""a-list-item""><strong>Material：</strong>The pet grooming scissors use Japanese 440c high quality stainless steel, after vacuum quenching process, high steel hardness, good wear resistance. It has a longer service life than ordinary pet scissors</span></li>\n<li class=""a-spacing-mini""><span class=""a-list-item""><strong>sharp and Fine Cut </strong>- These dog &amp; cat grooming scissors are sharpened by Bite Instruments . Experts check the scissors' sharpening one by one. Consequently, the blades of these pet grooming scissors are extremely sharp, and the cut is very fine, precise, and fast, It works very well on any type of coat, regardless of whether it is thick, wiry, or curly.</span></li>\n<li class=""a-spacing-mini""><span class=""a-list-item""><strong>Safety Design：</strong> This new small curved grooming scissors with a safety round tip to prevent scratching pets when cutting their hair.</span></li>\n<li class=""a-spacing-mini""><span class=""a-list-item""><strong>Ergonomic handle:</strong> The handle corresponds with the ergonomic design principle grip comfortably and has a good sense of control and the structure design with fingers resting makes it easier to grasp the scissors and fingers Don't feel sore.</span></li>\n<li class=""a-spacing-mini""><span class=""a-list-item""><strong>Warranty: </strong>We fully trust the quality, durability, and utility of these pet grooming scissors. We provide 7X24 after-sales service and a one-year warranty to ensure your 100% satisfaction.</span></li>\n<li class=""a-spacing-mini"">✨ Why Choose Bite Instruments Pet Grooming Kit?\n<ul data-start=""1783"" data-end=""2139"">\n<li data-start=""1783"" data-end=""1841"">Professional-quality grooming tools trusted worldwide.</li>\n<li data-start=""1842"" data-end=""1895"">Safe rounded-tip design for stress-free grooming.</li>\n<li data-start=""1896"" data-end=""1959"">Sharp, rust-resistant stainless steel for long-lasting use.</li>\n<li data-start=""1960"" data-end=""2011"">Ergonomic grip for maximum comfort and control.</li>\n<li data-start=""2012"" data-end=""2064"">Complete kit for dogs, cats, and all furry pets.</li>\n<li data-start=""2065"" data-end=""2139"">Comes with a protective storage case for easy travel and organization.</li>\n</ul>\nMake grooming time easier, safer, and more enjoyable with the <strong data-start=""2203"" data-end=""2240"">Bite Instruments Pet Grooming Kit</strong> – because your pet deserves the best. 🐶🐱✂️</li>\n</ul>\n<p>🎁 Perfect for at-home grooming or professional salon use!</p>",,,taxable,,1,45.0,,0,0,,,,,1,,,"33,00","Pet Grooming Instruments, Pet Grooming Kits","4-in-1 grooming set, 4CR stainless steel scissors, 5-in-1 dog shears, 5-in-1 grooming kit, 5-in-1 pet grooming kit, 6-in-1 dog shears, 6-in-1 pet grooming kit, 7 inch dog shears, 7 inch pet shears, all-in-one pet groomer, Artecare dog grooming kit, beauty instruments, Bite Instruments, black and gold dog grooming, black and gold grooming scissors, black dog shears, black grooming set, black grooming shears, black grooming tools, black titanium scissors, blue accent scissors, cat grooming scissors, cat grooming supplies, Citywish pet grooming kit, comfortable grooming tools, complete pet grooming, comprehensive dog grooming, comprehensive dog kit, curved dog grooming scissors, curved dog scissors, curved grooming scissors, curved thinning straight shears, detail grooming scissors, dog comb, dog grooming comb, dog grooming scissors, dog grooming supplies, dog hair cutting kit, dog nail care, dog nail clippers, dog nail file, dog scissors set, dog shears, dog thinning shears, down curved scissors, durable dog grooming kit, durable dog scissors, durable pet shears, durable pet tools, Freewindo dog grooming kit, GEMEK dog grooming scissors, Gimars dog grooming scissors, gold dog grooming scissors, grooming instruments, grooming shears, grooming shears kit, home dog grooming, home pet grooming, JASON dog grooming scissors, luxurious grooming kit, luxurious pet grooming, multifunctional pet grooming set, nail clipper for dogs, paint coated shears, patterned blade scissors, pet beauty instruments, pet beauty tools, pet care supplies, pet care tools, pet grooming comb, pet grooming kit, pet grooming set, pet grooming supplies, pet hair clippers, pet hair cutting kit, pet styling kit, premium dog grooming, professional dog grooming, professional dog grooming set, professional dog shears, professional grooming instruments, professional grooming supplies, professional grooming tools, professional pet grooming kit, professional pet grooming set, professional pet shears, professional pet tools, razor-sharp dog grooming scissors, red accent grooming kit, safety grooming scissors, safety tip dog scissors, safety tip scissors, salon quality pet grooming, sharp dog scissors, sleek pet shears, small medium large dog grooming, stainless steel dog scissors, stainless steel grooming kit, stainless steel grooming tools, stainless steel pet shears, stainless steel scissors, straight dog scissors, straight grooming scissors, straight thinning curved scissors, thinning scissors, thinning shears, titanium coated dog scissors, titanium coated scissors, titanium pet scissors, up curved scissors",,"http://biteinstruments.com/wp-content/uploads/2025/10/PetGroomingKit_6.jpg, http://biteinstruments.com/wp-content/uploads/2025/10/Pet_Grooming_Kit_2.jpg, http://biteinstruments.com/wp-content/uploads/2025/10/Pet_Grooming_Kit_3.jpg, http://biteinstruments.com/wp-content/uploads/2025/10/Pet_Grooming_Kit_4.jpg, http://biteinstruments.com/wp-content/uploads/2025/10/Pet_Grooming_Kit_7.jpg, http://biteinstruments.com/wp-content/uploads/2025/10/Pet_Grooming_Kit_1.jpg, http://biteinstruments.com/wp-content/uploads/2025/10/Pet_Grooming_Kit_5.jpg",,,,,,,,,0,,9028546789612.0,213.0,212.0,,,,,,,,,,,,,
617,simple,,,Bite Instruments Premium Straight Shears – Dog & Cat Grooming Scissors,1,0,visible,,"<p>Achieve salon-quality grooming at home or in your pet salon with the <strong data-start=""449"" data-end=""493"">Bite Instruments Premium Straight Shears</strong>. Designed for <strong data-start=""508"" data-end=""545"">professional dog and cat grooming</strong>, these right-handed shears deliver precision, comfort, and control for both fine detailing and full grooming sessions.</p>\n<p>Crafted from <strong data-start=""681"" data-end=""713"">high-quality stainless steel</strong>, these shears feature ultra-sharp blades for smooth, clean cuts without pulling or snagging your pet’s fur. The ergonomic handle ensures comfort during long grooming sessions, making them ideal for professional groomers and pet owners alike.</p>\n<p>✨ Features &amp; Benefits:</p>\n<ul data-start=""988"" data-end=""1470"">\n<li data-start=""988"" data-end=""1071"">\n<strong data-start=""990"" data-end=""1026"">Professional Pet Grooming Shears</strong> – Perfect for dogs and cats of all breeds.</li>\n<li data-start=""1072"" data-end=""1144"">\n<strong data-start=""1074"" data-end=""1097"">Right-Handed Design</strong> – Comfortable grip for accuracy and control.</li>\n<li data-start=""1145"" data-end=""1229"">\n<strong data-start=""1147"" data-end=""1174"">Premium Stainless Steel</strong> – Sharp, durable blades for smooth and precise cuts.</li>\n<li data-start=""1230"" data-end=""1306"">\n<strong data-start=""1232"" data-end=""1252"">Ergonomic Handle</strong> – Reduces strain during extended grooming sessions.</li>\n<li data-start=""1307"" data-end=""1391"">\n<strong data-start=""1309"" data-end=""1330"">Multi-Purpose Use</strong> – Suitable for trimming, shaping, and full grooming needs.</li>\n<li data-start=""1392"" data-end=""1470"">\n<strong data-start=""1394"" data-end=""1411"">Trusted Brand</strong> – Bite Instruments quality grooming tools built to last.</li>\n</ul>\n<p>Upgrade your hairstyling tools with these professional-grade barber scissors.</p>",,,taxable,,1,34.0,,0,0,,,,,1,,,"18,50","Pet Grooming Instruments, Pet Grooming Instruments > Pet Straight Scissors","440C stainless steel scissors, 6.25 inch straight shear, 62 HRC hardness, 7.5 inch straight scissors, Andis left handed grooming scissors, anti-rust grooming, barber scissors, barber scissors for women, beauty instruments, Bite Instruments, black grooming scissors, blue iridescent shears, cat grooming shears, cat grooming supplies, corrosion resistant shears, dog grooming scissors, dog grooming straight shear, dog grooming supplies, dog hair cutting, durable grooming shears, durable pet shears, elegant grooming scissors, ergonomic pet shears, Fenice Peak dog grooming scissors, gift idea for pet lovers, gold touch grooming shears, hair cutting scissors, high precision pet scissors, high quality grooming, home haircut scissors, JP440C steel scissors, left hand shears, left handed cat grooming, left handed dog grooming, pet grooming gift, pet grooming scissors, pet hair cutting, pet styling tool, pet styling tools, professional grooming scissors, professional grooming supplies, professional grooming tools, professional pet shears, professional shears, professional straight scissors, rose gold grooming tools, salon quality pet grooming, Sharf pet grooming scissors, sharp dog scissors, sharp durable scissors, single grooming scissor, straight cutting scissors, straight grooming shear",,"http://biteinstruments.com/wp-content/uploads/2025/10/petgroomimgscissors_1.jpg, http://biteinstruments.com/wp-content/uploads/2025/10/pet_groomimg_scissors_2.jpg, http://biteinstruments.com/wp-content/uploads/2025/10/pet_groomimg_scissors_3.jpg, http://biteinstruments.com/wp-content/uploads/2025/10/pet_groomimg_scissors_4.jpg, http://biteinstruments.com/wp-content/uploads/2025/10/pet_groomimg_scissors_5.jpg",,,,,,,,,0,,9007958982892.0,195.0,194.0,,,,,,,,,,,,,
626,simple,,,Bite Instruments Professional  Dog Grooming Comb – Stainless Steel Pet Comb with Anti-Slip Handle,1,0,visible,,"<p>Discover the <strong data-start=""330"" data-end=""381"">Bite Instruments Professional Dog Grooming Comb</strong>, made with durable stainless steel and an <strong data-start=""424"" data-end=""454"">anti-slip ergonomic handle</strong> for effortless grooming. Perfect for dogs, cats, and pets with long or short coats, this comb helps <strong data-start=""555"" data-end=""612"">detangle, de-shed, and maintain a healthy, shiny coat</strong>. Ideal for home use or professional groomers</p>\n<p>Whether you’re a <strong data-start=""764"" data-end=""788"">professional groomer</strong> or a pet parent, this durable comb is a must-have grooming tool. With its <strong data-start=""863"" data-end=""891"">ergonomic anti-slip grip</strong> and dual-length teeth, it works efficiently on <strong data-start=""939"" data-end=""995"">all coat types – long, short, curly, or double coats</strong>.</p>\n<p>✨ <strong data-start=""1002"" data-end=""1019"">Key Features:</strong></p>\n<ul data-start=""1022"" data-end=""1423"">\n<li class=""a-spacing-mini""><span class=""a-list-item"">✅<strong> 【EASY TO GRIP AND COMFORTABLE】</strong>This dog comb is finished with a corrugated anti-slip rubber grip, which is comfortable to hold and easy to comb for a long time.</span></li>\n<li class=""a-spacing-mini""><span class=""a-list-item"">✅ <strong>【STURDY AND DURABLE】</strong>The teeth is made of high quality stainless steel, and the grip is made by advanced coating process, so that this cat comb is durable, corrosion resistant and will not fade, good for avoiding static electricity.</span></li>\n<li class=""a-spacing-mini""><span class=""a-list-item"">✅ <strong>【SAFE AND EASY TO REMOVE MATS】</strong>This deshedding tool with smooth and rounded ends prevents scratching, and the smooth stainless steel teeth break up tangles and effectively remove loose hair, dander &amp; dirt trapped beneath fur.</span></li>\n<li class=""a-spacing-mini""><span class=""a-list-item"">✅ <strong>【WORKS FOR MANY KINDS OF PETS】</strong>The teeth of our dog comb are spaced in two ways, so this pet comb could works for different sizes of dogs and cats, rabbits and so on.</span></li>\n<li class=""a-spacing-mini"">\n<span class=""a-list-item"">✅ <strong>【RISK-FREE LIFETIME GUARANTEE 】</strong>- We firmly stand by the lasting quality of our pet grooming tool. If for any reason you're not 100% happy with it, reach out to us to receive a refund or replacement.</span><br>\n</li>\n</ul>\n<p>Give your pet the comfort they deserve and make grooming time stress-free with <strong data-start=""1504"" data-end=""1542"">Bite Instruments Dog Grooming Comb</strong>.</p>",,,taxable,,1,45.0,,0,0,,,,,1,,,"5,99",Pet Grooming Instruments > Pet Combs,"beauty instruments, beauty tool, Bite Instruments, Bite Instruments dog comb, cat grooming comb, detangling comb, detangling comb for pets, dog comb long hair, dog comb short hair, dog grooming comb, grooming instruments, pet beauty instruments, pet beauty tools, pet care supplies, pet care tools, pet comb, pet grooming, pet grooming comb, pet grooming scissors, pet grooming set, pet grooming supplies, pet grooming tool, pet shedding comb, professional grooming comb, professional grooming tools, stainless steel pet comb, tainless steel dog comb",,"http://biteinstruments.com/wp-content/uploads/2025/10/petcomb_1_1d900de0-3d10-4e74-9fb9-b095f6b2ba53.jpg, http://biteinstruments.com/wp-content/uploads/2025/10/pet_comb_2_6bf360b3-fb47-49cd-a898-39f9ecbb3ae6.jpg, http://biteinstruments.com/wp-content/uploads/2025/10/pet_comb_3_6f51ef7b-eb0d-4711-9433-6b9336cf0a07.jpg, http://biteinstruments.com/wp-content/uploads/2025/10/pet_comb_4_399ab846-0fd0-4502-b605-40f8551d8b93.jpg, http://biteinstruments.com/wp-content/uploads/2025/10/pet_comb_5_e8efc6da-a325-4c29-8269-d827455cb133.jpg, http://biteinstruments.com/wp-content/uploads/2025/10/pet_comb_6_f1255961-03be-442d-85da-8c8a45784ef7.jpg, http://biteinstruments.com/wp-content/uploads/2025/10/pet_comb_7.jpg",,,,,,,,,0,,9010871369964.0,187.0,187.0,,,,,,,,,,,,,
694,simple,,,Bite Instruments Professional Hair Cutting Kit - All-Gold Barber Shears & Razor Set,1,0,visible,,"<p>Achieve a flawless cut with the sleek and powerful <b>Bite Instruments Professional Hair Cutting Kit</b>. This all-black barber set is designed for both the professional stylist and the home user, providing a complete and stylish solution for all your hair grooming needs. Every tool in this kit is crafted for precision, durability, and a clean, sharp look.</p>\n<p>The set includes all the essential instruments to create a wide range of styles, from simple trims to detailed cuts. The high-grade stainless steel is finished with a stylish black coating, ensuring long-lasting performance and resistance to corrosion. Housed in a compact, zippered case, this kit is perfectly organized and easy to carry, making it a reliable tool for any occasion.</p>\n<ul class=""a-unordered-list a-vertical a-spacing-mini"">\n<li class=""a-spacing-mini""><span class=""a-list-item""><strong>Well-made Barber's Shears:</strong> With finely sharpened blades and smooth surfaces, hair cutting scissors will not damage or split hair. Barber scissors are made of high-quality stainless steel, sharp, heat-resistant, corrosion-resistant, and rust-resistant. Sturdy, durable hair cutting scissors with excellent finish.</span></li>\n<li class=""a-spacing-mini""><span class=""a-list-item""><strong>Multifunctional Haircutting Scissors:</strong> This lightweight portable haircutting scissors can be used for hair and beards. Trim the hair of men, women, children and the elderly quickly and easily. Barber scissors specially designed for professional hairdressers, salons and families.</span></li>\n<li class=""a-spacing-mini""><span class=""a-list-item""><strong>Safe And Easy to Operate: </strong>Our hair cutting scissors allow you to trim your ears, nose and face safely. The unique easy-to-grip handle design of the hair cutting scissors allows the scissors to shake your fingers, and you can safely cut your hair every time!</span></li>\n<li class=""a-spacing-mini""><span class=""a-list-item""><strong>Ergonomics: </strong>The ergonomically designed lightweight and stylish handle makes our hair cutting scissors easy to grasp and reduces elbow, wrist and hand pressure.</span></li>\n<li class=""a-spacing-mini"">\n<span class=""a-list-item""><strong>Quality Service:</strong> 24 hours customer service, if you are not satisfied with our hair cutting scissors or service, please send us an email immediately.</span><br>\n</li>\n</ul>\n<p data-end=""1215"" data-start=""901"">✨ <strong data-end=""934"" data-start=""903"">Complete 6-piece barber kit</strong> – cutting scissors, thinning shears, comb &amp; case<br data-end=""986"" data-start=""983"">✨ <strong data-end=""1020"" data-start=""988"">High-quality stainless steel</strong> for durability &amp; precision<br data-end=""1050"" data-start=""1047"">✨ <strong data-end=""1079"" data-start=""1052"">Ergonomic handle design</strong> for comfort &amp; control<br data-end=""1104"" data-start=""1101"">✨ <strong data-end=""1154"" data-start=""1106"">Perfect for barbers, hairstylists &amp; home use</strong><br data-end=""1157"" data-start=""1154"">✨ <strong data-end=""1184"" data-start=""1159"">Portable leather case</strong> keeps tools safe &amp; organized</p>\n<p data-sourcepos=""26:1-26:127"">Discover more high-quality <strong>beauty instruments</strong> and essential tools to elevate your professional or home hairstyling routine.</p>",,,taxable,,1,50.0,,0,0,,,,,1,,,"37,00","Pet Grooming Instruments, Pet Grooming Kits","17 piece hair scissors set, 6 inch hair scissors, 6.5 inch hair scissors, 8 piece hairdressing set, adjustable hair scissors, barber cape, barber comb, barber essentials, barber scissors, beauty instruments, Bite Instruments, black and gold hair shears, black barber kit, black case kit, black gold barber kit, black hair cutting set, black hair scissors, black professional shears, blue hair scissors, buy hair scissors online, compact hair kit, complete haircut set, comprehensive hair kit, curved shears, elegant hair scissors, ergonomic hair scissors, gift hair styling set, gold finish scissors, gold hair cutting set, grooming kit, grooming scissors, hair clips, hair comb, hair combs, hair cutting comb, hair cutting gift, hair cutting kit with case, hair cutting scissors, hair cutting shears, hair cutting supplies, hair styling tools, hair stylist kit, hair stylist tools, hair ties, haircut tools, haircutting supplies, hairdressing scissors set, home hair cutting, home hair cutting kit, home haircut kit, luxury barber kit, matte black scissors, men's grooming, neck duster, precise cutting, professional barber kit, professional grooming kit, professional grooming supplies, professional hair cutting kit, professional hair cutting tools, professional hair scissors, professional hair scissors set, professional haircut kit, professional hairdressing scissors, professional hairdressing set, professional hairdressing supplies, professional shears, professional styling tools, razor blade scissors, salon hair tools, salon quality barber kit, salon quality hair tools, salon quality scissors, salon scissors, scissors adjuster, sharp hair shears, silver hair shears, stainless steel scissors, straight cutting scissors, straight razor, straight shears, texturizing shears, thinning scissors, thinning shears",,"http://biteinstruments.com/wp-content/uploads/2025/10/HairdressingShearsHaircutToolKit_1_16d4ec33-928a-4cbd-91b8-f494092b144f.jpg, http://biteinstruments.com/wp-content/uploads/2025/10/Hairdressing_Shears_Haircut_Tool_Kit_6.jpg, http://biteinstruments.com/wp-content/uploads/2025/10/Hairdressing_Shears_Haircut_Tool_Kit_2.jpg, http://biteinstruments.com/wp-content/uploads/2025/10/Hairdressing_Shears_Haircut_Tool_Kit_3.jpg, http://biteinstruments.com/wp-content/uploads/2025/10/Hairdressing_Shears_Haircut_Tool_Kit_5.jpg, http://biteinstruments.com/wp-content/uploads/2025/10/Hairdressing_Shears_Haircut_Tool_Kit_4.jpg",,,,,,,,,0,,9002503635180.0,348.0,346.0,,,,,,,,,,,,,
748,simple,,,Bite Instruments Professional Thinning Scissors with Toothed Blade Pet Grooming Tools,1,0,visible,,"<p data-sourcepos=""9:1-9:457"">Achieve beautifully blended and textured hairstyles with the professional<span> </span><strong>Stainless Steel Hair Thinning Scissors</strong><span> </span>from<span> </span><strong>Bite Instruments</strong>. Designed for precision and control, these high-quality thinning shears are an indispensable tool for barbers, stylists, and home users looking to expertly remove bulk, soften lines, and create natural-looking volume in any hair type. Trust<span> </span><strong>Bite Instruments</strong><span> </span>for durable, sharp, and reliable hair cutting tools.</p>\n<p data-sourcepos=""11:1-11:28"">Key Features &amp; Benefits:</p>\n<ul data-sourcepos=""13:1-19:0"">\n<li data-sourcepos=""13:1-13:223"">\n<strong>Efficient Hair Thinning &amp; Texturizing:</strong><span> </span>Features precisely crafted toothed blades designed for effective bulk removal, seamless blending, and adding natural-looking texture without compromising overall hair length.</li>\n<li data-sourcepos=""14:1-14:185"">\n<strong>Premium Stainless Steel Construction:</strong><span> </span>Made from high-grade, rust-resistant<span> </span><strong>stainless steel</strong>, ensuring long-lasting sharpness, durability, and easy maintenance for hygienic use.</li>\n<li data-sourcepos=""15:1-15:176"">\n<strong>Ergonomic Design:</strong><span> </span>The classic handle design provides a comfortable and secure grip, allowing for stable control and reduced hand fatigue during extended styling sessions.</li>\n<li data-sourcepos=""16:1-16:144"">\n<strong>Versatile Styling Tool:</strong><span> </span>Ideal for softening blunt lines, adding movement and volume, thinning out thick hair, or creating seamless layers.</li>\n<li data-sourcepos=""17:1-17:192"">\n<strong>Smooth Cutting Action:</strong><span> </span>Engineered for smooth, quiet operation, these shears glide through hair without snagging or pulling, ensuring a comfortable experience for both stylist and client.</li>\n<li data-sourcepos=""18:1-19:0"">\n<strong>Professional Grade:</strong><span> </span>A reliable choice for salon professionals and home users who demand exceptional performance and a polished finish.</li>\n</ul>\n<p data-sourcepos=""20:1-20:224"">Elevate your hair styling capabilities with these essential<span> </span><strong>thinning scissors</strong><span> </span>from<span> </span><strong>Bite Instruments</strong>. They are a must-have for anyone seeking to perfect their hair cutting techniques and achieve salon-quality results.</p>",,,taxable,,1,53.0,,0,0,,,,,1,,,"7,00","Pet Grooming Instruments > Blenders\, Chunkers & Thinning Scissors, Pet Grooming Instruments","Bite Instruments, Bite Instruments thinning shears, blenders chunkers and thinners Bite Instruments, chunker shears dog groomer, curved dog grooming scissors, curved dog scissors, curved grooming scissors Bite Instruments, dog grooming comb, dog grooming scissors, dog grooming thinning scissors, dog hair cutting kit, dog shears, dog thinning shears, home dog grooming, Japanese steel dog scissors, Moontay grooming (if applicable based on brand recognition), pet beauty tools, pet care supplies, Pet Curved Chunker Shears, pet grooming chunker scissors, pet grooming kit, pet thinning shears, premium pet grooming tools, professional dog grooming, professional dog shears, professional pet grooming set, professional thinning shears for pets, purple dog grooming scissors, purple grooming set, safety tip scissors, stainless steel scissors, straight dog scissors, stylish pet shears, texturizing shears for pets",,"http://biteinstruments.com/wp-content/uploads/2025/10/PetThinningShears_1.jpg, http://biteinstruments.com/wp-content/uploads/2025/10/Pet_Thinning_Shears_2.jpg, http://biteinstruments.com/wp-content/uploads/2025/10/Pet_Thinning_Shears_1.jpg, http://biteinstruments.com/wp-content/uploads/2025/10/Pet_Thinning_Shears_3.jpg, http://biteinstruments.com/wp-content/uploads/2025/10/Pet_Thinning_Shears_4.jpg, http://biteinstruments.com/wp-content/uploads/2025/10/Pet_Thinning_Shears_5.jpg, http://biteinstruments.com/wp-content/uploads/2025/10/Pet_Thinning_Shears_6.jpg, http://biteinstruments.com/wp-content/uploads/2025/10/Pet_Thinning_Shears_7.jpg",,,,,,,,,0,,9010166366444.0,205.0,204.0,,,,,,,,,,,,,
749,simple,,,Bite Instruments Professsional Dog Grooming Comb – Stainless Steel Pet Comb with Anti-Slip Handle,1,0,visible,,"<p>Discover the <strong data-start=""330"" data-end=""381"">Bite Instruments Professional Dog Grooming Comb</strong>, made with durable stainless steel and an <strong data-start=""424"" data-end=""454"">anti-slip ergonomic handle</strong> for effortless grooming. Perfect for dogs, cats, and pets with long or short coats, this comb helps <strong data-start=""555"" data-end=""612"">detangle, de-shed, and maintain a healthy, shiny coat</strong>. Ideal for home use or professional groomers</p>\n<p>Whether you’re a <strong data-start=""764"" data-end=""788"">professional groomer</strong> or a pet parent, this durable comb is a must-have grooming tool. With its <strong data-start=""863"" data-end=""891"">ergonomic anti-slip grip</strong> and dual-length teeth, it works efficiently on <strong data-start=""939"" data-end=""995"">all coat types – long, short, curly, or double coats</strong>.</p>\n<p>✨ <strong data-start=""1002"" data-end=""1019"">Key Features:</strong></p>\n<ul data-start=""1022"" data-end=""1423"">\n<li class=""a-spacing-mini""><span class=""a-list-item""><strong>SUITABLE FOR BOTH SMALL &amp; LARGE AREAS </strong>- includes a small and large comb for your convenience.</span></li>\n<li class=""a-spacing-mini""><span class=""a-list-item""><strong>ROUND &amp; GENTLE COMB TEETH: </strong>Unlike dematting combs with sharp teeth, this dog grooming comb features round teeth that break up tangles + effectively remove loose hair, dander &amp; dirt trapped beneath fur.</span></li>\n<li class=""a-spacing-mini""><span class=""a-list-item""><strong>ANTI-SLIP HANDLE FEATURES RAISED BUMPS FOR OPTIMAL COMFORT</strong>: The Poodle Pet Dog and Cat Combs were built with your hand and wrist in mind. Whether it's a tough coat you're tackling, a longer grooming session, or just wanting the most comfortable experience - this comb is engineered for you.</span></li>\n<li class=""a-spacing-mini""><span class=""a-list-item""><strong>THE PERFECT ALL-IN-ONE COMB:</strong> Combination spacing allows for touching up and finishing your pet's coat. The coarse spacing is great for breaking up the mat, loosening tangles and removing excess undercoat, while the medium side will remove that mat.</span></li>\n<li class=""a-spacing-mini""><span class=""a-list-item""><strong>IMPROVES OVERALL PET HEALTH: </strong>Designed to gently massage your pet's coat, the anti-scratch teeth on our dog &amp; cat comb naturally support the health of your furry best friend by boosting circulation.</span></li>\n<li class=""a-spacing-mini""><span class=""a-list-item""><strong>Included Components:</strong> 1 Set Of 2 Combs For Dogs &amp; Cats</span></li>\n</ul>\n<p>Give your pet the comfort they deserve and make grooming time stress-free with <strong data-start=""1504"" data-end=""1542"">Bite Instruments Dog Grooming Comb</strong>.</p>",,,taxable,,1,45.0,,0,0,,,,,1,,,"9,99",Pet Grooming Instruments > Pet Combs,"beauty instruments, beauty tool, Bite Instruments, Bite Instruments dog comb, cat grooming comb, detangling comb, detangling comb for pets, dog comb long hair, dog comb short hair, dog grooming comb, grooming instruments, pet beauty instruments, pet beauty tools, pet care supplies, pet care tools, pet comb, pet grooming, pet grooming comb, pet grooming scissors, pet grooming set, pet grooming supplies, pet grooming tool, pet shedding comb, professional grooming comb, professional grooming tools, stainless steel pet comb, tainless steel dog comb",,"http://biteinstruments.com/wp-content/uploads/2025/10/petcomb_1_1_669c20cb-352b-463a-b653-a6ed36d11dc2.jpg, http://biteinstruments.com/wp-content/uploads/2025/10/pet_comb_2_4f006e56-2a4d-4d4a-854d-fd1c1471a0b4.jpg, http://biteinstruments.com/wp-content/uploads/2025/10/pet_comb_3_11a6aadf-6d66-42bd-8ccd-d5a83885abae.jpg, http://biteinstruments.com/wp-content/uploads/2025/10/pet_comb_4_1b90b909-6b05-47de-9c16-ea516d38bbe3.jpg, http://biteinstruments.com/wp-content/uploads/2025/10/pet_comb_5_fef5e144-f9ec-446d-a80a-de8264ce2c6d.jpg, http://biteinstruments.com/wp-content/uploads/2025/10/pet_comb_6_86e416b3-c718-4c61-8517-429593ea4b5f.jpg",,,,,,,,,0,,9010871402732.0,174.0,172.0,,,,,,,,,,,,,
864,simple,,,Curved Chunkers Dog Grooming Scissors – Professional Pet Hair Texturizing Shears,1,0,visible,,"<p>Give your furry clients the perfect finish with the <strong data-start=""479"" data-end=""537"">Bite Instruments Curved Chunkers Dog Grooming Scissors</strong>. Designed for professional groomers and pet owners, these chunking shears are ideal for <strong data-start=""626"" data-end=""675"">blending, shaping, and adding natural texture</strong> to dog and cat coats.</p>\n<p>Crafted from <strong data-start=""714"" data-end=""750"">premium Japanese stainless steel</strong>, these curved chunkers deliver <strong data-start=""782"" data-end=""852"">razor-sharp precision, smooth cutting, and long-lasting durability</strong>. The ergonomic handle ensures comfort during long grooming sessions, while the curved blade design provides a natural contour for faces, paws, and body trims.</p>\n<p>Whether you’re grooming at home or in a salon, Bite Instruments chunkers make it easy to achieve <strong data-start=""1112"" data-end=""1144"">professional-quality results</strong> while keeping pets safe and comfortable.</p>\n<hr data-start=""1189"" data-end=""1192"">\n<p>✅ <strong data-start=""1200"" data-end=""1217"">Key Features:</strong></p>\n<ul data-start=""1220"" data-end=""1658"">\n<li data-start=""1220"" data-end=""1312"">\n<strong data-start=""1222"" data-end=""1254"">Professional Curved Chunkers</strong> – Perfect for blending, thinning &amp; finishing pet coats.</li>\n<li data-start=""1313"" data-end=""1395"">\n<strong data-start=""1315"" data-end=""1342"">Premium Stainless Steel</strong> – Razor-sharp blades for precision and durability.</li>\n<li data-start=""1396"" data-end=""1484"">\n<strong data-start=""1398"" data-end=""1425"">Ergonomic Handle Design</strong> – Comfortable grip reduces hand fatigue during long use.</li>\n<li data-start=""1485"" data-end=""1566"">\n<strong data-start=""1487"" data-end=""1512"">Ideal for Dogs &amp; Cats</strong> – Safe and effective for all breeds and coat types.</li>\n<li data-start=""1567"" data-end=""1658"">\n<strong data-start=""1569"" data-end=""1602"">Trusted by Groomers Worldwide</strong> – Bite Instruments tools are designed for excellence.</li>\n</ul>\n<p>Give your pets a salon-quality grooming experience with <strong data-start=""1610"" data-end=""1655"">Bite Instruments Curved <strong data-start=""479"" data-end=""537"">Chunkers </strong> Grooming Scissors</strong> – combining <strong data-start=""1668"" data-end=""1702"">safety, precision, and comfort</strong> in one tool.</p>",,,taxable,,1,500.0,,0,0,,,,,1,,,"30,00","Pet Grooming Instruments > Curved Scissors, Beauty Care Instruments > Barber Tools > Grooming Scissors","7 inch dog shears, beauty instruments, beauty tool, best grooming scissors for dogs, Bite Instruments, black dog grooming scissors, cat grooming scissors safe tips, cat grooming shears, cat grooming thinning shears, cat grooming tools, curved blade scissors, Curved Chunkers Shears for Groomers, curved dog grooming scissors, curved dog scissors, curved grooming scissors, curved grooming scissors Bite Instruments, curved scissors, curved shears for pets, Dog Grooming Chunkers, dog grooming curved shears, dog grooming scissors, dog grooming shears, dog grooming straight shear, dog grooming supplies, dog grooming supplies Bite Instruments, dog hair cutting scissors, dog scissors, grooming instrument, grooming scissors, grooming shears, grooming supplies, grooming tools, home dog grooming, paw trimming scissors, pet beauty instruments, pet grooming, pet grooming accessories, Pet Grooming Curved Chunkers, pet grooming scissors, pet grooming scissors curved blades, pet grooming scissors curved thinner, pet grooming supplies, professional dog grooming tools, professional grooming tools",,"http://biteinstruments.com/wp-content/uploads/2025/10/B0DX73GRBG_0copy.jpg, http://biteinstruments.com/wp-content/uploads/2025/10/pet_gromming_scissors_3.jpg, http://biteinstruments.com/wp-content/uploads/2025/10/pet_gromming_scissors_4.jpg, http://biteinstruments.com/wp-content/uploads/2025/10/pet_gromming_scissors_5.jpg, http://biteinstruments.com/wp-content/uploads/2025/10/pet_gromming_scissors_6.jpg, http://biteinstruments.com/wp-content/uploads/2025/10/pet_gromming_scissors_7.jpg",,,,,,,,,0,,9012313227500.0,210.0,209.0,,,,,,,,,,,,,
865,simple,,,Curved Dog Grooming Scissors | Professional Pet Grooming Tools with Safe Rounded Tips – Bite Instruments,1,0,visible,,"<p>✨ <strong data-start=""739"" data-end=""774"">Professional Grooming Made Easy</strong> ✨<br data-start=""776"" data-end=""779"">Give your furry friends the safe, flawless trim they deserve with <strong data-start=""845"" data-end=""894"">Bite Instruments Curved Dog Grooming Scissors</strong>. Designed with precision and safety in mind, these scissors are trusted by professional groomers and pet parents worldwide.</p>\n<hr data-start=""1022"" data-end=""1025"">\n<p>✅ <strong data-start=""1033"" data-end=""1050"">Key Features:</strong></p>\n<ul data-start=""1053"" data-end=""1495"">\n<li data-start=""1053"" data-end=""1159"">\n<strong data-start=""1055"" data-end=""1076"">Safe Rounded Tips</strong> – Protect your pets during grooming, especially around the face, ears, and paws.</li>\n<li data-start=""1160"" data-end=""1242"">\n<strong data-start=""1162"" data-end=""1194"">High-Quality Stainless Steel</strong> – Durable, rust-resistant, and built to last.</li>\n<li data-start=""1243"" data-end=""1335"">\n<strong data-start=""1245"" data-end=""1268"">Curved Blade Design</strong> – Ideal for shaping and styling coats with smooth, natural cuts.</li>\n<li data-start=""1336"" data-end=""1427"">\n<strong data-start=""1338"" data-end=""1358"">Ergonomic Handle</strong> – Comfortable grip reduces hand strain for long grooming sessions.</li>\n<li data-start=""1428"" data-end=""1495"">\n<strong data-start=""1430"" data-end=""1451"">Multi-Purpose Use</strong> – Perfect for dogs, cats, and small pets.</li>\n</ul>\n<hr data-start=""1497"" data-end=""1500"">\n<p>🌍 <strong data-start=""1509"" data-end=""1541"">Why Choose Bite Instruments?</strong></p>\n<ul data-start=""1544"" data-end=""1696"">\n<li data-start=""1544"" data-end=""1591"">Premium grooming tools at <strong data-start=""1572"" data-end=""1589"">better prices</strong>\n</li>\n<li data-start=""1592"" data-end=""1650"">\n<strong data-start=""1594"" data-end=""1621"">Customized logo options</strong> for professionals &amp; brands</li>\n<li data-start=""1651"" data-end=""1696"">\n<strong data-start=""1653"" data-end=""1675"">Worldwide shipping</strong> with fast delivery</li>\n</ul>\n<hr data-start=""1698"" data-end=""1701"">\n<p>👉 Upgrade your grooming kit with <strong data-start=""1737"" data-end=""1786"">Bite Instruments Curved Dog Grooming Scissors</strong> today and experience safe, stress-free grooming at home or in your salon!</p>",,,taxable,,1,500.0,,0,0,,,,,1,,,"27,00","Pet Grooming Instruments > Curved Scissors, Beauty Care Instruments > Barber Tools > Grooming Scissors","7 inch dog shears, beauty instruments, beauty tool, best grooming scissors for dogs, Bite Instruments, black dog grooming scissors, cat grooming scissors safe tips, cat grooming shears, cat grooming tools, curved blade scissors, curved dog grooming scissors, curved dog scissors, curved grooming scissors, curved grooming scissors Bite Instruments, curved scissors, curved shears for pets, dog grooming curved shears, dog grooming scissors, dog grooming shears, dog grooming straight shear, dog grooming supplies, dog grooming supplies Bite Instruments, dog hair cutting scissors, dog scissors, grooming instrument, grooming scissors, grooming shears, grooming supplies, grooming tools, home dog grooming, paw trimming scissors, pet beauty instruments, pet grooming, pet grooming accessories, pet grooming scissors, pet grooming scissors curved blades, pet grooming supplies, professional dog grooming tools, professional grooming tools",,"http://biteinstruments.com/wp-content/uploads/2025/10/B08DRF493R_0copy.jpg, http://biteinstruments.com/wp-content/uploads/2025/10/pet_curved_scissors_2_f079d957-65b5-4ab4-8a1a-29188d66ad21.jpg, http://biteinstruments.com/wp-content/uploads/2025/10/pet_curved_scissors_1_0bdf1238-7115-4c26-8bab-312e254d8881.jpg, http://biteinstruments.com/wp-content/uploads/2025/10/pet_curved_scissors_6_34c5babe-9244-4694-9721-3f497398b4ff.jpg, http://biteinstruments.com/wp-content/uploads/2025/10/pet_curved_scissors_5_0dcd809a-0354-4635-895a-9c87fc5eb4f4.jpg, http://biteinstruments.com/wp-content/uploads/2025/10/pet_curved_scissors_3_549f4871-e38f-4956-9387-cc2d96219e69.jpg",,,,,,,,,0,,9029585699052.0,203.0,201.0,,,,,,,,,,,,,
866,simple,,,Curved Grooming Scissors for Dogs & Cats – Professional Pet Shears by Bite Instruments,1,0,visible,,"<p>Achieve professional grooming results at home with the <strong data-start=""439"" data-end=""502"">Bite Instruments Curved Grooming Scissors for Dogs and Pets</strong>. Crafted with <strong data-start=""517"" data-end=""551"">premium stainless steel blades</strong>, these curved shears allow for <strong data-start=""583"" data-end=""625"">precise trimming around delicate areas</strong> such as the face, ears, paws, and tail.</p>\n<p data-start=""304"" data-end=""457"">Shop Bite Instruments Curved Grooming Scissors – safe, sharp &amp; ergonomic pet shears for dogs &amp; cats. Perfect for precise trimming of face, paws &amp; body.</p>\n<p>The <strong data-start=""673"" data-end=""720"">ergonomic design with a comfort grip handle</strong> reduces hand fatigue, making them perfect for long grooming sessions. The <strong data-start=""795"" data-end=""818"">rounded safety tips</strong> ensure your pet’s safety, giving you peace of mind while providing a smooth and stylish trim.</p>\n<p>Whether you’re a professional groomer or a pet parent, these scissors are an <strong data-start=""993"" data-end=""1020"">essential grooming tool</strong> for maintaining your pet’s healthy, neat, and tangle-free coat.</p>\n<p>✅ <strong data-start=""1090"" data-end=""1114"">Features &amp; Benefits:</strong></p>\n<ul data-start=""1117"" data-end=""1552"">\n<li class=""a-spacing-mini""><span class=""a-list-item""><strong>Long scissors: </strong>Our dog grooming scissor is 7.5 inches long, light weight and the long blade can cut a lot of animal hair at once, to make the trimming effect more natural and beautiful, while also saving your time and energy.</span></li>\n<li class=""a-spacing-mini""><span class=""a-list-item""><strong>Stainless steel: </strong>This pet grooming shears are made of high-quality stainless steel. The sharpness of the blade of the curved scissors for dogs are good. It makes you more comfortable when cutting the hair of your pet, and the cut effect is more beautiful and natural.</span></li>\n<li class=""a-spacing-mini""><span class=""a-list-item""><strong>Safety round head:</strong> Don't worry about accidentally poking them when trimming your pet's hair. This dog grooming scissor have a safety round head, even if you trim sensitive areas of your pet (face, ears, eyes, nose, paws) Provide security protection.</span></li>\n<li class=""a-spacing-mini""><span class=""a-list-item""><strong>Ergonomic design: </strong>According to ergonomic design, the curved scissors are comfortable and light weight to hold. The rubber ring on the handle not only reduces the pressure on the wrist, elbow and hand, but also allows you to hold them very comfortably.</span></li>\n<li class=""a-spacing-mini""><span class=""a-list-item""><strong>Noise reduction: </strong>A Pink noise reduction pad is placed on the handle of the pet grooming shears to avoid the sound of impact when trimming, so that your pet will not be so scared. Easily complete hair trimming.</span></li>\n</ul>\n<p>Give your pets a salon-quality grooming experience with <strong data-start=""1610"" data-end=""1655"">Bite Instruments Curved Grooming Scissors</strong> – combining <strong data-start=""1668"" data-end=""1702"">safety, precision, and comfort</strong> in one tool.</p>",,,taxable,,1,500.0,,0,0,,,,,1,,,"7,98","Pet Grooming Instruments > Curved Scissors, Beauty Care Instruments > Barber Tools > Grooming Scissors","7 inch dog shears, beauty instruments, beauty tool, best grooming scissors for dogs, Bite Instruments, black dog grooming scissors, cat grooming scissors safe tips, cat grooming shears, cat grooming tools, curved blade scissors, curved dog grooming scissors, curved dog scissors, curved grooming scissors, curved grooming scissors Bite Instruments, curved scissors, curved shears for pets, dog grooming curved shears, dog grooming scissors, dog grooming shears, dog grooming straight shear, dog grooming supplies, dog grooming supplies Bite Instruments, dog hair cutting scissors, dog scissors, grooming instrument, grooming scissors, grooming shears, grooming supplies, grooming tools, home dog grooming, paw trimming scissors, pet beauty instruments, pet grooming, pet grooming accessories, pet grooming scissors, pet grooming scissors curved blades, pet grooming supplies, professional dog grooming tools, professional grooming tools",,"http://biteinstruments.com/wp-content/uploads/2025/10/petcurvedgrommingscissors_1.jpg, http://biteinstruments.com/wp-content/uploads/2025/10/pet_curved_gromming_scissors_2.jpg, http://biteinstruments.com/wp-content/uploads/2025/10/pet_curved_gromming_scissors_3.jpg, http://biteinstruments.com/wp-content/uploads/2025/10/pet_curved_gromming_scissors_4.jpg, http://biteinstruments.com/wp-content/uploads/2025/10/pet_curved_gromming_scissors_5.jpg, http://biteinstruments.com/wp-content/uploads/2025/10/pet_curved_gromming_scissors_6.jpg",,,,,,,,,0,,9012169605356.0,194.0,193.0,,,,,,,,,,,,,
867,simple,,,Curved Grooming Scissors for Dogs & Cats – Professional Pet Shears by Bite Instruments,1,0,visible,,"<p>Achieve professional grooming results at home with the <strong data-start=""439"" data-end=""502"">Bite Instruments Curved Grooming Scissors for Dogs and Pets</strong>. Crafted with <strong data-start=""517"" data-end=""551"">premium stainless steel blades</strong>, these curved shears allow for <strong data-start=""583"" data-end=""625"">precise trimming around delicate areas</strong> such as the face, ears, paws, and tail.</p>\n<p data-start=""304"" data-end=""457"">Shop Bite Instruments Curved Grooming Scissors – safe, sharp &amp; ergonomic pet shears for dogs &amp; cats. Perfect for precise trimming of face, paws &amp; body.</p>\n<p>The <strong data-start=""673"" data-end=""720"">ergonomic design with a comfort grip handle</strong> reduces hand fatigue, making them perfect for long grooming sessions. The <strong data-start=""795"" data-end=""818"">rounded safety tips</strong> ensure your pet’s safety, giving you peace of mind while providing a smooth and stylish trim.</p>\n<p>Whether you’re a professional groomer or a pet parent, these scissors are an <strong data-start=""993"" data-end=""1020"">essential grooming tool</strong> for maintaining your pet’s healthy, neat, and tangle-free coat.</p>\n<p>✅ <strong data-start=""1090"" data-end=""1114"">Features &amp; Benefits:</strong></p>\n<ul data-start=""1117"" data-end=""1552"">\n<li class=""a-spacing-mini""><span class=""a-list-item""><strong>Long scissors: </strong>Our dog grooming scissor is 7.5 inches long, light weight and the long blade can cut a lot of animal hair at once, to make the trimming effect more natural and beautiful, while also saving your time and energy.</span></li>\n<li class=""a-spacing-mini""><span class=""a-list-item""><strong>Stainless steel: </strong>This pet grooming shears are made of high-quality stainless steel. The sharpness of the blade of the curved scissors for dogs are good. It makes you more comfortable when cutting the hair of your pet, and the cut effect is more beautiful and natural.</span></li>\n<li class=""a-spacing-mini""><span class=""a-list-item""><strong>Safety round head:</strong> Don't worry about accidentally poking them when trimming your pet's hair. This dog grooming scissor have a safety round head, even if you trim sensitive areas of your pet (face, ears, eyes, nose, paws) Provide security protection.</span></li>\n<li class=""a-spacing-mini""><span class=""a-list-item""><strong>Ergonomic design: </strong>According to ergonomic design, the curved scissors are comfortable and light weight to hold. The rubber ring on the handle not only reduces the pressure on the wrist, elbow and hand, but also allows you to hold them very comfortably.</span></li>\n<li class=""a-spacing-mini""><span class=""a-list-item""><strong>Noise reduction: </strong>A Pink noise reduction pad is placed on the handle of the pet grooming shears to avoid the sound of impact when trimming, so that your pet will not be so scared. Easily complete hair trimming.</span></li>\n</ul>\n<p>Give your pets a salon-quality grooming experience with <strong data-start=""1610"" data-end=""1655"">Bite Instruments Curved Grooming Scissors</strong> – combining <strong data-start=""1668"" data-end=""1702"">safety, precision, and comfort</strong> in one tool.</p>",,,taxable,,1,500.0,,0,0,,,,,1,,,"7,98","Pet Grooming Instruments > Curved Scissors, Beauty Care Instruments > Barber Tools > Grooming Scissors","7 inch dog shears, beauty instruments, beauty tool, best grooming scissors for dogs, Bite Instruments, black dog grooming scissors, cat grooming scissors safe tips, cat grooming shears, cat grooming tools, curved blade scissors, curved dog grooming scissors, curved dog scissors, curved grooming scissors, curved grooming scissors Bite Instruments, curved scissors, curved shears for pets, dog grooming curved shears, dog grooming scissors, dog grooming shears, dog grooming straight shear, dog grooming supplies, dog grooming supplies Bite Instruments, dog hair cutting scissors, dog scissors, grooming instrument, grooming scissors, grooming shears, grooming supplies, grooming tools, home dog grooming, paw trimming scissors, pet beauty instruments, pet grooming, pet grooming accessories, pet grooming scissors, pet grooming scissors curved blades, pet grooming supplies, professional dog grooming tools, professional grooming tools",,"http://biteinstruments.com/wp-content/uploads/2025/10/B08D3QWG6R_0copy.jpg, http://biteinstruments.com/wp-content/uploads/2025/10/pet_gromming_scissors_18.jpg, http://biteinstruments.com/wp-content/uploads/2025/10/pet_gromming_scissors_1.jpg, http://biteinstruments.com/wp-content/uploads/2025/10/pet_gromming_scissors_17.jpg, http://biteinstruments.com/wp-content/uploads/2025/10/pet_gromming_scissors_19.jpg",,,,,,,,,0,,9012329939180.0,186.0,185.0,,,,,,,,,,,,,
868,simple,,,Curved Grooming Scissors for Dogs & Pets | Bite Instruments,1,0,visible,,"<p>Achieve professional grooming results at home with the <strong data-start=""439"" data-end=""502"">Bite Instruments Curved Grooming Scissors for Dogs and Pets</strong>. Crafted with <strong data-start=""517"" data-end=""551"">premium stainless steel blades</strong>, these curved shears allow for <strong data-start=""583"" data-end=""625"">precise trimming around delicate areas</strong> such as the face, ears, paws, and tail.</p>\n<p data-start=""304"" data-end=""457"">Shop Bite Instruments Curved Grooming Scissors – safe, sharp &amp; ergonomic pet shears for dogs &amp; cats. Perfect for precise trimming of face, paws &amp; body.</p>\n<p>The <strong data-start=""673"" data-end=""720"">ergonomic design with a comfort grip handle</strong> reduces hand fatigue, making them perfect for long grooming sessions. The <strong data-start=""795"" data-end=""818"">rounded safety tips</strong> ensure your pet’s safety, giving you peace of mind while providing a smooth and stylish trim.</p>\n<p>Whether you’re a professional groomer or a pet parent, these scissors are an <strong data-start=""993"" data-end=""1020"">essential grooming tool</strong> for maintaining your pet’s healthy, neat, and tangle-free coat.</p>\n<p>✅ <strong data-start=""1090"" data-end=""1114"">Features &amp; Benefits:</strong></p>\n<ul data-start=""1117"" data-end=""1552"">\n<li data-start=""1117"" data-end=""1212"">🐾 <strong data-start=""1122"" data-end=""1145"">Curved Blade Design</strong> – Ideal for shaping and contouring around the face, paws &amp; body.</li>\n<li data-start=""1213"" data-end=""1306"">🐶 <strong data-start=""1218"" data-end=""1245"">Premium Stainless Steel</strong> – Sharp, durable, and rust-resistant for long-lasting use.</li>\n<li data-start=""1307"" data-end=""1382"">🐱 <strong data-start=""1312"" data-end=""1333"">Safe Rounded Tips</strong> – Protects pets from accidental nicks or cuts.</li>\n<li data-start=""1383"" data-end=""1468"">🐾 <strong data-start=""1388"" data-end=""1413"">Ergonomic Grip Handle</strong> – Comfortable and slip-resistant for better control.</li>\n<li data-start=""1469"" data-end=""1552"">🐶 <strong data-start=""1474"" data-end=""1504"">Professional Grooming Tool</strong> – Trusted by groomers &amp; pet owners worldwide.</li>\n</ul>\n<p>Give your pets a salon-quality grooming experience with <strong data-start=""1610"" data-end=""1655"">Bite Instruments Curved Grooming Scissors</strong> – combining <strong data-start=""1668"" data-end=""1702"">safety, precision, and comfort</strong> in one tool.</p>",,,taxable,,1,999.0,,0,0,,,,,1,,,"7,90","Pet Grooming Instruments > Curved Scissors, Beauty Care Instruments > Barber Tools > Grooming Scissors","7 inch dog shears, beauty instruments, beauty tool, best grooming scissors for dogs, Bite Instruments, black dog grooming scissors, cat grooming scissors safe tips, cat grooming shears, cat grooming tools, curved blade scissors, curved dog grooming scissors, curved dog scissors, curved grooming scissors, curved grooming scissors Bite Instruments, curved scissors, curved shears for pets, dog grooming curved shears, dog grooming scissors, dog grooming shears, dog grooming straight shear, dog grooming supplies, dog grooming supplies Bite Instruments, dog hair cutting scissors, dog scissors, grooming instrument, grooming scissors, grooming shears, grooming supplies, grooming tools, home dog grooming, paw trimming scissors, pet beauty instruments, pet grooming, pet grooming accessories, pet grooming scissors, pet grooming scissors curved blades, pet grooming supplies, professional dog grooming tools, professional grooming tools",,"http://biteinstruments.com/wp-content/uploads/2025/10/PETcurvedgroomingscissors_1.jpg, http://biteinstruments.com/wp-content/uploads/2025/10/PET_curved_grooming_scissors_2.jpg, http://biteinstruments.com/wp-content/uploads/2025/10/PET_curved_grooming_scissors_3.jpg, http://biteinstruments.com/wp-content/uploads/2025/10/PET_curved_grooming_scissors_4.jpg, http://biteinstruments.com/wp-content/uploads/2025/10/PET_curved_grooming_scissors_5.jpg, http://biteinstruments.com/wp-content/uploads/2025/10/PET_curved_grooming_scissors_6.jpg",,,,,,,,,0,,9012164100332.0,195.0,195.0,,,,,,,,,,,,,
869,simple,,,Curved Grooming Scissors for Dogs and Pets – Safety Round Tips,1,0,visible,,"<p>These professional <strong>curved grooming scissors </strong>are ideal for trimming your pet’s face, ears, and delicate areas with safety and precision. Designed with <strong>rounded tips</strong> to protect your pet from injury, they are perfect for both dogs and cats. Whether you're a professional groomer or pet owner, these <strong>curved scissors </strong>provide <strong>smooth cutting</strong> and <strong>comfortable grip</strong> for precise grooming.</p>\n<p><strong>Features:</strong><br>- Safety round tips for extra protection<br>- Curved blades for better contouring<br>- Stainless steel for long-lasting sharpness<br>- Lightweight and ergonomic design<br>- Ideal for small and large pets<br></p>",,,taxable,,1,999.0,,0,0,,,,,1,,,"7,90","Pet Grooming Instruments > Curved Scissors, Beauty Care Instruments > Barber Tools > Grooming Scissors","curved scissors, dog scissors, grooming tools, pet grooming",,"http://biteinstruments.com/wp-content/uploads/2025/10/curved-dog-grooming-scissors-safety-tips.jpg, http://biteinstruments.com/wp-content/uploads/2025/10/dog-grooming-kits.jpg, http://biteinstruments.com/wp-content/uploads/2025/10/dog-grooming-scissors.jpg, http://biteinstruments.com/wp-content/uploads/2025/10/pet-grooming-kets.jpg, http://biteinstruments.com/wp-content/uploads/2025/10/pet-grooming-scissors-professional-stainless.jpg, http://biteinstruments.com/wp-content/uploads/2025/10/professional-stainless-scissors.jpg, http://biteinstruments.com/wp-content/uploads/2025/10/videoframe_69039.png",,,,,,,,,0,,8912831185132.0,202.0,202.0,,,,,,,,,,,,,
870,simple,,,Curved Thinner Grooming Scissors for Dogs & Pets | Bite Instruments,1,0,visible,,"<p>Achieve professional grooming results at home with the <strong data-end=""502"" data-start=""439"">Bite Instruments Curved Thinner Grooming Scissors for Dogs and Pets</strong>. Crafted with <strong data-end=""551"" data-start=""517"">premium stainless steel blades</strong>, these curved shears allow for <strong data-end=""625"" data-start=""583"">precise trimming around delicate areas</strong> such as the face, ears, paws, and tail.</p>\n<p data-end=""457"" data-start=""304"">Shop Bite Instruments Curved Thinner Grooming Scissors – safe, sharp &amp; ergonomic pet shears for dogs &amp; cats. Perfect for precise trimming of face, paws &amp; body.The <strong data-end=""720"" data-start=""673"">ergonomic design with a comfort grip handle</strong> reduces hand fatigue, making them perfect for long grooming sessions. The <strong data-end=""818"" data-start=""795"">rounded safety tips</strong> ensure your pet’s safety, giving you peace of mind while providing a smooth and stylish trim. Whether you’re a professional groomer or a pet parent, these scissors are an <strong data-end=""1020"" data-start=""993"">essential grooming tool</strong> for maintaining your pet’s healthy, neat, and tangle-free coat.</p>\n<p>✅ <strong data-end=""1114"" data-start=""1090"">Features &amp; Benefits:</strong></p>\n<ul data-end=""1552"" data-start=""1117"">\n<li class=""a-spacing-mini""><span class=""a-list-item""><strong>Premium Material</strong> Our dog grooming scissor is made of high-quality 440C stainless steel, ensuring durability and long-lasting sharpness. Each scissor suffers precise process carefully polishing and grinding, so that the scissors are better quality and more solid.</span></li>\n<li class=""a-spacing-mini""><span class=""a-list-item""><strong>Sharp Convex Edge:</strong> The razor-sharp blades of this grooming scissors provide precise cutting and grooming for your pet, making it easy to achieve professional results at home. The slightly curved blade allows you to more easily cut your dog's hair into a round and cute shape.</span></li>\n<li class=""a-spacing-mini""><span class=""a-list-item""><strong>New Design:</strong> Curved thinning shears for dogs are the newest addition to dog grooming shears. Equipped with 42 teeth,this dog shear for grooming delivers professional results with 25%-30% thinning rate, gives a much softer and natural finish.</span></li>\n<li class=""a-spacing-mini""><span class=""a-list-item""><strong>Comfortable Use Experience:</strong> This dog trimming scissors features ergonomically shaped offset handles and slightly bent down thumb for a comfortable scissor grip, optimum control and therefore greater accuracy, while the permanent finger rest offers extra control and a greater level of balance.</span></li>\n<li class=""a-spacing-mini""><span class=""a-list-item""><strong>Adjustment Screw &amp; Muffler:</strong> The adjustable screw allows you to fine-tune the tension of the blades, providing precise control based on your furry friends' grooming needs. Additionally, the muffler reduces noise levels and alleviate any stress and anxiety that your pet may feel during grooming.</span></li>\n</ul>\n<p>Give your pets a salon-quality grooming experience with <strong data-end=""1655"" data-start=""1610"">Bite Instruments Curved Thinner Grooming Scissors</strong> – combining <strong data-end=""1702"" data-start=""1668"">safety, precision, and comfort</strong> in one tool.</p>",,,taxable,,1,500.0,,0,0,,,,,1,,,"30,00","Pet Grooming Instruments > Curved Scissors, Beauty Care Instruments > Barber Tools > Grooming Scissors","7 inch dog shears, beauty instruments, beauty tool, best grooming scissors for dogs, Bite Instruments, black dog grooming scissors, cat grooming scissors safe tips, cat grooming shears, cat grooming tools, curved blade scissors, curved dog grooming scissors, curved dog scissors, curved grooming scissors, curved grooming scissors Bite Instruments, curved scissors, curved shears for pets, dog grooming curved shears, dog grooming scissors, dog grooming shears, dog grooming straight shear, dog grooming supplies, dog grooming supplies Bite Instruments, dog hair cutting scissors, dog scissors, grooming instrument, grooming scissors, grooming shears, grooming supplies, grooming tools, home dog grooming, paw trimming scissors, pet beauty instruments, pet grooming, pet grooming accessories, pet grooming scissors, pet grooming scissors curved blades, pet grooming supplies, professional dog grooming tools, professional grooming tools",,"http://biteinstruments.com/wp-content/uploads/2025/10/petcurvedgrommingscissors_1_1.jpg, http://biteinstruments.com/wp-content/uploads/2025/10/pet_curved_gromming_scissors_2_7e43488f-16c0-4945-97bc-bd933e2ecdd3.jpg, http://biteinstruments.com/wp-content/uploads/2025/10/pet_curved_gromming_scissors_3_c64c32a1-223f-4a97-ac75-4fe9b80f72b6.jpg, http://biteinstruments.com/wp-content/uploads/2025/10/pet_curved_gromming_scissors_4_6f1817f7-ce38-4d23-8202-45cb064739bf.jpg, http://biteinstruments.com/wp-content/uploads/2025/10/pet_curved_gromming_scissors_5_e6ce50f5-01ef-486b-83a1-66e0debddd90.jpg, http://biteinstruments.com/wp-content/uploads/2025/10/pet_curved_gromming_scissors_6_c758a5b0-9bbe-45d3-b0b5-1b6a509d6a85.jpg",,,,,,,,,0,,9012173373676.0,209.0,208.0,,,,,,,,,,,,,
871,simple,,,Curved Thinning Grooming Scissors for Dogs & Pets Professional Pet Hair Thinners | Bite Instruments,1,0,visible,,"<p>Achieve professional grooming results at home with the <strong data-end=""502"" data-start=""439"">Bite Instruments Curved Thinner Grooming Scissors for Dogs and Pets</strong>. Crafted with <strong data-end=""551"" data-start=""517"">premium stainless steel blades</strong>, these curved shears allow for <strong data-end=""625"" data-start=""583"">precise trimming around delicate areas</strong> such as the face, ears, paws, and tail.</p>\n<p data-end=""457"" data-start=""304"">Shop Bite Instruments Curved Thinner Grooming Scissors – safe, sharp &amp; ergonomic pet shears for dogs &amp; cats. Perfect for precise trimming of face, paws &amp; body.The <strong data-end=""720"" data-start=""673"">ergonomic design with a comfort grip handle</strong> reduces hand fatigue, making them perfect for long grooming sessions. The <strong data-end=""818"" data-start=""795"">rounded safety tips</strong> ensure your pet’s safety, giving you peace of mind while providing a smooth and stylish trim. Whether you’re a professional groomer or a pet parent, these scissors are an <strong data-end=""1020"" data-start=""993"">essential grooming tool</strong> for maintaining your pet’s healthy, neat, and tangle-free coat.</p>\n<p>✅ <strong data-end=""1114"" data-start=""1090"">Features &amp; Benefits:</strong></p>\n<ul data-end=""1552"" data-start=""1117"">\n<li class=""a-spacing-mini""><span class=""a-list-item""><strong>sharp and Fine Cut </strong>- These professional thinning scissors are sharpened by handicraftsmen. Experts check the scissors' sharpening one by one. Consequently, the blades of these hair scissors are extremely sharp, and the cut is very fine, precise, and fast, regardless of the hair's quantity or type it is being used on.</span></li>\n<li class=""a-spacing-mini""><span class=""a-list-item""><strong>✂️440C Steel &amp; Ultra Quality </strong>- The steel quality and the fine craftsmanship it is executed are the main factors defining the hardness, sharpness, and sharpness resistance, but also the shiny and professional look of the thinning scissors. Therefore, the hair-cutting scissors are made of the highest quality 440C stainless steel, containing the best quality pure metals, with the greatest resistance, hardness, and wear resistance from all the stainless alloys.</span></li>\n<li class=""a-spacing-mini""><span class=""a-list-item""><strong>✂️ Extremely Durable &amp; Multipurpose </strong>- Thanks to the 440C steel and the craftsmanship with it designed, the blades of this hair thinning shears maintain their sharpness for a long time regardless of the number of uses. Fenice hair thinning scissors are perfect both for amateurs and professionals because they are simple to use and they cut very fine any type of hair – for dog, cat</span></li>\n<li class=""a-spacing-mini""><span class=""a-list-item""><strong>✔️ Comfortable &amp; Smooth Motion </strong>- The handle of these texturizing scissors is designed to perfectly fit the hand, so the cut is more precise and the comfort is increased. The joint of the blades is professionally made, which is why the motion and the adjustment of these thinning shears are very fine, with long-lasting resistance and reduced sound to motion.</span></li>\n</ul>\n<p>Give your pets a salon-quality grooming experience with <strong data-end=""1655"" data-start=""1610"">Bite Instruments Curved Thinner Grooming Scissors</strong> – combining <strong data-end=""1702"" data-start=""1668"">safety, precision, and comfort</strong> in one tool.</p>",,,taxable,,1,500.0,,0,0,,,,,1,,,"35,00","Pet Grooming Instruments > Curved Scissors, Beauty Care Instruments > Barber Tools > Grooming Scissors","7 inch dog shears, beauty instruments, beauty tool, best grooming scissors for dogs, Bite Instruments, black dog grooming scissors, cat grooming scissors safe tips, cat grooming shears, cat grooming thinning shears, cat grooming tools, curved blade scissors, curved dog grooming scissors, curved dog scissors, curved grooming scissors, curved grooming scissors Bite Instruments, curved scissors, curved shears for pets, dog grooming curved shears, dog grooming scissors, dog grooming shears, dog grooming straight shear, dog grooming supplies, dog grooming supplies Bite Instruments, dog hair cutting scissors, dog scissors, grooming instrument, grooming scissors, grooming shears, grooming supplies, grooming tools, home dog grooming, paw trimming scissors, pet beauty instruments, pet grooming, pet grooming accessories, pet grooming scissors, pet grooming scissors curved blades, pet grooming scissors curved thinner, pet grooming supplies, professional dog grooming tools, professional grooming tools",,"http://biteinstruments.com/wp-content/uploads/2025/10/petcurvedgroomingscissors_2_1_1.jpg, http://biteinstruments.com/wp-content/uploads/2025/10/pet_curved_grooming_scissors_2_feceeb42-b311-47d2-8fe8-5bf3feb9de5c.jpg, http://biteinstruments.com/wp-content/uploads/2025/10/pet_curved_grooming_scissors_3_1.jpg, http://biteinstruments.com/wp-content/uploads/2025/10/pet_curved_grooming_scissors_3_10f6e290-422b-474f-a22c-3250aa6568ea.jpg, http://biteinstruments.com/wp-content/uploads/2025/10/pet_curved_grooming_scissors_4_62b14d4d-ab1c-42fb-b29b-d0270ac2824f.jpg",,,,,,,,,0,,9012175864044.0,178.0,178.0,,,,,,,,,,,,,
872,simple,,,Curved Thinning Grooming Scissors for Dogs & Pets Professional Pet Hair Thinners | Bite Instruments,1,0,visible,,"<p>Achieve professional grooming results at home with the <strong data-end=""502"" data-start=""439"">Bite Instruments Curved Thinner Grooming Scissors for Dogs and Pets</strong>. Crafted with <strong data-end=""551"" data-start=""517"">premium stainless steel blades</strong>, these curved shears allow for <strong data-end=""625"" data-start=""583"">precise trimming around delicate areas</strong> such as the face, ears, paws, and tail.</p>\n<p data-end=""457"" data-start=""304"">Shop Bite Instruments Curved Thinner Grooming Scissors – safe, sharp &amp; ergonomic pet shears for dogs &amp; cats. Perfect for precise trimming of face, paws &amp; body.The <strong data-end=""720"" data-start=""673"">ergonomic design with a comfort grip handle</strong> reduces hand fatigue, making them perfect for long grooming sessions. The <strong data-end=""818"" data-start=""795"">rounded safety tips</strong> ensure your pet’s safety, giving you peace of mind while providing a smooth and stylish trim. Whether you’re a professional groomer or a pet parent, these scissors are an <strong data-end=""1020"" data-start=""993"">essential grooming tool</strong> for maintaining your pet’s healthy, neat, and tangle-free coat.</p>\n<p>✅ <strong data-end=""1114"" data-start=""1090"">Features &amp; Benefits:</strong></p>\n<ul data-end=""1552"" data-start=""1117"">\n<li class=""a-spacing-mini""><span class=""a-list-item""><strong>sharp and Fine Cut </strong>- These professional thinning scissors are sharpened by handicraftsmen. Experts check the scissors' sharpening one by one. Consequently, the blades of these hair scissors are extremely sharp, and the cut is very fine, precise, and fast, regardless of the hair's quantity or type it is being used on.</span></li>\n<li class=""a-spacing-mini""><span class=""a-list-item""><strong>✂️440C Steel &amp; Ultra Quality </strong>- The steel quality and the fine craftsmanship it is executed are the main factors defining the hardness, sharpness, and sharpness resistance, but also the shiny and professional look of the thinning scissors. Therefore, the hair-cutting scissors are made of the highest quality 440C stainless steel, containing the best quality pure metals, with the greatest resistance, hardness, and wear resistance from all the stainless alloys.</span></li>\n<li class=""a-spacing-mini""><span class=""a-list-item""><strong>✂️ Extremely Durable &amp; Multipurpose </strong>- Thanks to the 440C steel and the craftsmanship with it designed, the blades of this hair thinning shears maintain their sharpness for a long time regardless of the number of uses. Fenice hair thinning scissors are perfect both for amateurs and professionals because they are simple to use and they cut very fine any type of hair – for dog, cat</span></li>\n<li class=""a-spacing-mini""><span class=""a-list-item""><strong>✔️ Comfortable &amp; Smooth Motion </strong>- The handle of these texturizing scissors is designed to perfectly fit the hand, so the cut is more precise and the comfort is increased. The joint of the blades is professionally made, which is why the motion and the adjustment of these thinning shears are very fine, with long-lasting resistance and reduced sound to motion.</span></li>\n</ul>\n<p>Give your pets a salon-quality grooming experience with <strong data-end=""1655"" data-start=""1610"">Bite Instruments Curved Thinner Grooming Scissors</strong> – combining <strong data-end=""1702"" data-start=""1668"">safety, precision, and comfort</strong> in one tool.</p>",,,taxable,,1,500.0,,0,0,,,,,1,,,"30,00","Pet Grooming Instruments > Curved Scissors, Beauty Care Instruments > Barber Tools > Grooming Scissors","7 inch dog shears, beauty instruments, beauty tool, best grooming scissors for dogs, Bite Instruments, black dog grooming scissors, cat grooming scissors safe tips, cat grooming shears, cat grooming thinning shears, cat grooming tools, curved blade scissors, curved dog grooming scissors, curved dog scissors, curved grooming scissors, curved grooming scissors Bite Instruments, curved scissors, curved shears for pets, dog grooming curved shears, dog grooming scissors, dog grooming shears, dog grooming straight shear, dog grooming supplies, dog grooming supplies Bite Instruments, dog hair cutting scissors, dog scissors, grooming instrument, grooming scissors, grooming shears, grooming supplies, grooming tools, home dog grooming, paw trimming scissors, pet beauty instruments, pet grooming, pet grooming accessories, pet grooming scissors, pet grooming scissors curved blades, pet grooming scissors curved thinner, pet grooming supplies, professional dog grooming tools, professional grooming tools",,"http://biteinstruments.com/wp-content/uploads/2025/10/B00XB1HEPY_0_1.jpg, http://biteinstruments.com/wp-content/uploads/2025/10/pet_gromming_tools_1.jpg, http://biteinstruments.com/wp-content/uploads/2025/10/pet_gromming_tools_2.jpg, http://biteinstruments.com/wp-content/uploads/2025/10/pet_gromming_tools_3.jpg, http://biteinstruments.com/wp-content/uploads/2025/10/pet_gromming_tools_4.jpg",,,,,,,,,0,,9012328169708.0,184.0,184.0,,,,,,,,,,,,,
891,simple,,,Dog & Cat Nail Clippers and Trimmers – Professional Pet Claw Cutter | Bite Instruments,1,0,visible,,"<p>Keep your furry friend’s nails neat, healthy, and safe with the <strong data-start=""425"" data-end=""482"">Bite Instruments Dog &amp; Cat Nail Clippers and Trimmers</strong>. Designed with <strong data-start=""498"" data-end=""541"">veterinary-grade stainless steel blades</strong>, these clippers ensure a <strong data-start=""567"" data-end=""589"">clean, precise cut</strong> every time. The <strong data-start=""606"" data-end=""636"">ergonomic non-slip handles</strong> provide maximum comfort and control, while the <strong data-start=""684"" data-end=""709"">built-in safety guard</strong> helps prevent over-cutting, making grooming stress-free for both you and your pet.</p>\n<p>Perfect for <strong data-start=""808"" data-end=""844"">dogs, cats, puppies, and kittens</strong> of all sizes – whether you’re a pet parent or a professional groomer, this tool guarantees salon-quality results at home.</p>\n<p>✅ <strong data-start=""972"" data-end=""996"">Features &amp; Benefits:</strong></p>\n<ul data-start=""999"" data-end=""1416"">\n<li data-start=""999"" data-end=""1081"">🐾 <strong data-start=""1004"" data-end=""1036"">Sharp Stainless-Steel Blades</strong> – Ensures quick, clean, and safe trimming.</li>\n<li data-start=""1082"" data-end=""1172"">🐶 <strong data-start=""1087"" data-end=""1112"">Built-In Safety Guard</strong> – Prevents accidental cuts and protects your pet’s claws.</li>\n<li data-start=""1173"" data-end=""1254"">🐱 <strong data-start=""1178"" data-end=""1208"">Ergonomic Non-Slip Handles</strong> – Comfortable grip for effortless grooming.</li>\n<li data-start=""1255"" data-end=""1333"">🐾 <strong data-start=""1260"" data-end=""1281"">For All Pet Sizes</strong> – Ideal for small, medium, and large dogs &amp; cats.</li>\n<li data-start=""1334"" data-end=""1416"">🐶 <strong data-start=""1339"" data-end=""1369"">Professional Grooming Tool</strong> – Trusted by vets, groomers, and pet lovers.</li>\n</ul>\n<p>Give your pets the paw care they deserve with <strong data-start=""1464"" data-end=""1484"">Bite Instruments</strong> – where safety, comfort, and precision meet.</p>",,,taxable,,1,999.0,,0,0,,,,,1,,,"13,00","Pet Grooming Instruments, Pet Grooming Instruments > Pet Nail Cutters","best dog nail trimmers, Bite Instruments pet grooming, cat and dog nail cutter, cat claw cutter, cat grooming accessories, cat grooming nail clipper, cat nail trimmer, dog and cat nail clipper set, dog grooming nail tool, dog grooming tools, dog nail trimmer, dog nail trimmer professional, dog scissors, grooming tools",,"http://biteinstruments.com/wp-content/uploads/2025/10/PETNAILCLIPPER_1_1.jpg, http://biteinstruments.com/wp-content/uploads/2025/10/PET_NAIL_CLIPPER_2.jpg, http://biteinstruments.com/wp-content/uploads/2025/10/PET_NAIL_CLIPPER_3_d2c7e95b-fb1e-46a7-86ed-45949c3b34c0.jpg, http://biteinstruments.com/wp-content/uploads/2025/10/PET_NAIL_CLIPPER_1_7916c872-6e78-4880-9d87-0a070634c334.jpg, http://biteinstruments.com/wp-content/uploads/2025/10/PET_NAIL_CLIPPER_4_d7b4e1ed-2f4f-4b19-94a0-1af6956d262d.jpg",,,,,,,,,0,,9010872778988.0,209.0,209.0,,,,,,,,,,,,,
892,simple,,,Dog & Cat Nail Clippers and Trimmers – Professional Pet Claw Cutter | Bite Instruments,1,0,visible,,"<p>Keep your furry friend’s nails neat, healthy, and safe with the <strong data-start=""425"" data-end=""482"">Bite Instruments Dog &amp; Cat Nail Clippers and Trimmers</strong>. Designed with <strong data-start=""498"" data-end=""541"">veterinary-grade stainless steel blades</strong>, these clippers ensure a <strong data-start=""567"" data-end=""589"">clean, precise cut</strong> every time. The <strong data-start=""606"" data-end=""636"">ergonomic non-slip handles</strong> provide maximum comfort and control, while the <strong data-start=""684"" data-end=""709"">built-in safety guard</strong> helps prevent over-cutting, making grooming stress-free for both you and your pet.</p>\n<p>Perfect for <strong data-start=""808"" data-end=""844"">dogs, cats, puppies, and kittens</strong> of all sizes – whether you’re a pet parent or a professional groomer, this tool guarantees salon-quality results at home.</p>\n<p>✅ <strong data-start=""972"" data-end=""996"">Features &amp; Benefits:</strong></p>\n<ul data-start=""999"" data-end=""1416"">\n<li data-start=""999"" data-end=""1081"">🐾 <strong data-start=""1004"" data-end=""1036"">Sharp Stainless-Steel Blades</strong> – Ensures quick, clean, and safe trimming.</li>\n<li data-start=""1082"" data-end=""1172"">🐶 <strong data-start=""1087"" data-end=""1112"">Built-In Safety Guard</strong> – Prevents accidental cuts and protects your pet’s claws.</li>\n<li data-start=""1173"" data-end=""1254"">🐱 <strong data-start=""1178"" data-end=""1208"">Ergonomic Non-Slip Handles</strong> – Comfortable grip for effortless grooming.</li>\n<li data-start=""1255"" data-end=""1333"">🐾 <strong data-start=""1260"" data-end=""1281"">For All Pet Sizes</strong> – Ideal for small, medium, and large dogs &amp; cats.</li>\n<li data-start=""1334"" data-end=""1416"">🐶 <strong data-start=""1339"" data-end=""1369"">Professional Grooming Tool</strong> – Trusted by vets, groomers, and pet lovers.</li>\n</ul>\n<p>Give your pets the paw care they deserve with <strong data-start=""1464"" data-end=""1484"">Bite Instruments</strong> – where safety, comfort, and precision meet.</p>",,,taxable,,1,999.0,,0,0,,,,,1,,,"13,00","Pet Grooming Instruments, Pet Grooming Instruments > Pet Nail Cutters","best dog nail trimmers, Bite Instruments pet grooming, cat and dog nail cutter, cat claw cutter, cat grooming accessories, cat grooming nail clipper, cat nail trimmer, dog and cat nail clipper set, dog grooming nail tool, dog grooming tools, dog nail trimmer, dog nail trimmer professional, dog scissors, grooming tools",,"http://biteinstruments.com/wp-content/uploads/2025/10/B0DHPH9XK1_0copy.jpg, http://biteinstruments.com/wp-content/uploads/2025/10/oetnailcutter_2.jpg, http://biteinstruments.com/wp-content/uploads/2025/10/oetnailcutter_3.jpg, http://biteinstruments.com/wp-content/uploads/2025/10/oetnailcutter_4.jpg, http://biteinstruments.com/wp-content/uploads/2025/10/oetnailcutter_5.jpg, http://biteinstruments.com/wp-content/uploads/2025/10/oetnailcutter_6.jpg",,,,,,,,,0,,9011551174892.0,192.0,192.0,,,,,,,,,,,,,
893,simple,,,Dog & Cat Nail Clippers and Trimmers – Professional Pet Claw Cutter | Bite Instruments,1,0,visible,,"<p>Keep your furry friend’s nails neat, healthy, and safe with the <strong data-start=""425"" data-end=""482"">Bite Instruments Dog &amp; Cat Nail Clippers and Trimmers</strong>. Designed with <strong data-start=""498"" data-end=""541"">veterinary-grade stainless steel blades</strong>, these clippers ensure a <strong data-start=""567"" data-end=""589"">clean, precise cut</strong> every time. The <strong data-start=""606"" data-end=""636"">ergonomic non-slip handles</strong> provide maximum comfort and control, while the <strong data-start=""684"" data-end=""709"">built-in safety guard</strong> helps prevent over-cutting, making grooming stress-free for both you and your pet.</p>\n<p>Perfect for <strong data-start=""808"" data-end=""844"">dogs, cats, puppies, and kittens</strong> of all sizes – whether you’re a pet parent or a professional groomer, this tool guarantees salon-quality results at home.</p>\n<p>✅ <strong data-start=""972"" data-end=""996"">Features &amp; Benefits:</strong></p>\n<ul data-start=""999"" data-end=""1416"">\n<li class=""a-spacing-mini""><span class=""a-list-item""><strong>Nail Clippers with Precision Edge: </strong>This dog nail clipper is crafted for sharp, precise cuts, making it an indispensable part of your dog and puppy grooming toolkit</span></li>\n<li class=""a-spacing-mini""><span class=""a-list-item""><strong>Nail Trimmers with Ergonomic Comfort: </strong>The non-slip grip of our nail trimmer for dogs offers supreme control for a stress-free dog grooming session and comfortable dog claw care</span></li>\n<li class=""a-spacing-mini""><span class=""a-list-item""><strong>Safe &amp; Secure Pet Supplies: </strong>Equipped with a safety stop, this puppy nail clipper protects your pet during grooming, reflecting our commitment to dog claw care and grooming</span></li>\n<li class=""a-spacing-mini""><span class=""a-list-item""><strong>Sized to Fit: </strong>Available in Standard and Large, our nail clippers for dogs cater to every breed, from a nail trimmer for large dogs to a small dog nail clipper</span></li>\n<li class=""a-spacing-mini"">\n<span class=""a-list-item"">Coastal Pet Cares: We design and deliver quality products that people trust for the pets they love</span><br>\n</li>\n</ul>\n<p>Give your pets the paw care they deserve with <strong data-start=""1464"" data-end=""1484"">Bite Instruments</strong> – where safety, comfort, and precision meet.</p>",,,taxable,,1,999.0,,0,0,,,,,1,,,"16,00","Pet Grooming Instruments, Pet Grooming Instruments > Pet Nail Cutters","best dog nail trimmers, Bite Instruments pet grooming, cat and dog nail cutter, cat claw cutter, cat grooming accessories, cat grooming nail clipper, cat nail trimmer, dog and cat nail clipper set, dog grooming nail tool, dog grooming tools, dog nail trimmer, dog nail trimmer professional, dog scissors, grooming tools",,"http://biteinstruments.com/wp-content/uploads/2025/10/B0002ARQV4_0_copy.jpg, http://biteinstruments.com/wp-content/uploads/2025/10/pet_nail_clipper_2_6908a88f-cf21-407e-856c-75f367924154.jpg, http://biteinstruments.com/wp-content/uploads/2025/10/pet_nail_clipper_3_73a8258f-4eb3-401e-8aef-4cd847a53c1c.jpg, http://biteinstruments.com/wp-content/uploads/2025/10/pet_nail_clipper_4_09bd80c2-7082-4969-a0e6-3086ace25dac.jpg, http://biteinstruments.com/wp-content/uploads/2025/10/pet_nail_clipper_5_318ac7a5-f746-4ffc-8caf-a18179ddb6ba.jpg, http://biteinstruments.com/wp-content/uploads/2025/10/pet_nail_clipper_6.jpg",,,,,,,,,0,,9012096172268.0,205.0,205.0,,,,,,,,,,,,,
894,simple,,,Dog & Cat Nail Clippers and Trimmers – Professional Pet Claw Cutter | Bite Instruments,1,0,visible,,"<p>Keep your furry friend’s nails neat, healthy, and safe with the <strong data-end=""482"" data-start=""425"">Bite Instruments Dog &amp; Cat Nail Clippers and Trimmers</strong>. Designed with <strong data-end=""541"" data-start=""498"">veterinary-grade stainless steel blades</strong>, these clippers ensure a <strong data-end=""589"" data-start=""567"">clean, precise cut</strong> every time. The <strong data-end=""636"" data-start=""606"">ergonomic non-slip handles</strong> provide maximum comfort and control, while the <strong data-end=""709"" data-start=""684"">built-in safety guard</strong> helps prevent over-cutting, making grooming stress-free for both you and your pet.</p>\n<p>Perfect for <strong data-end=""844"" data-start=""808"">dogs, cats, puppies, and kittens</strong> of all sizes – whether you’re a pet parent or a professional groomer, this tool guarantees salon-quality results at home.</p>\n<p>✅ <strong data-end=""996"" data-start=""972"">Features &amp; Benefits:</strong></p>\n<ul data-end=""1416"" data-start=""999"">\n<li class=""a-spacing-mini""><span class=""a-list-item""><strong>COMFORT GRIP </strong>- The non-slip grip handle provides a comfortable and secure hold, ensuring that you have full control over the clipping process and preventing accidental slips.</span></li>\n<li class=""a-spacing-mini""><span class=""a-list-item""><strong>SAFE AND EASY</strong> - The clipper has a safety guard that helps prevent over-cutting, which can be especially useful for pet owners who are new to trimming their pet's nails.</span></li>\n<li class=""a-spacing-mini""><span class=""a-list-item""><strong>QUALITY MATERIALS </strong>- The blades are made of high-quality stainless steel, which helps ensure durability and long-lasting sharpness.</span></li>\n<li class=""a-spacing-mini""><span class=""a-list-item"">AGE RANGE - All Stages</span></li>\n</ul>\n<p>Give your pets the paw care they deserve with <strong data-end=""1484"" data-start=""1464"">Bite Instruments</strong> – where safety, comfort, and precision meet.</p>",,,taxable,,1,999.0,,0,0,,,,,1,,,"12,00","Pet Grooming Instruments, Pet Grooming Instruments > Pet Nail Cutters","best dog nail trimmers, Bite Instruments pet grooming, cat and dog nail cutter, cat claw cutter, cat grooming accessories, cat grooming nail clipper, cat nail trimmer, dog and cat nail clipper set, dog grooming nail tool, dog grooming tools, dog nail trimmer, dog nail trimmer professional, dog scissors, grooming tools",,"http://biteinstruments.com/wp-content/uploads/2025/10/B003N353H6_0.jpg, http://biteinstruments.com/wp-content/uploads/2025/10/pet_nal_clipper_2.jpg, http://biteinstruments.com/wp-content/uploads/2025/10/pet_nal_clipper_3.jpg, http://biteinstruments.com/wp-content/uploads/2025/10/pet_nal_clipper_4.jpg, http://biteinstruments.com/wp-content/uploads/2025/10/pet_nal_clipper_5.jpg, http://biteinstruments.com/wp-content/uploads/2025/10/pet_nal_clipper_6.jpg",,,,,,,,,0,,9012097155308.0,198.0,197.0,,,,,,,,,,,,,
895,simple,,,Dog Fleece Jacket – Warm Winter Pet Coat with Leash Ring for Small & Medium Dogs,1,0,visible,,"<p data-start=""424"" data-end=""784"">Keep your furry friend warm, stylish, and comfortable this winter with the <strong data-start=""499"" data-end=""537"">Bite Instruments Dog Fleece Jacket</strong>. Designed with soft, breathable fleece, this pet coat provides superior warmth without restricting movement. The built-in <strong data-start=""660"" data-end=""687"">D-ring leash attachment</strong> makes it practical for daily walks, while the sleeveless design ensures easy wear and comfort.</p>\n<p data-start=""786"" data-end=""938"">Perfect for small and medium-sized dogs, this winter dog coat is lightweight, durable, and machine washable—making it a must-have for every pet owner.</p>\n<p data-start=""940"" data-end=""1310"">✅ <strong data-start=""942"" data-end=""973"">Soft &amp; Cozy Fleece Fabric –</strong> Keeps dogs warm during cold weather.<br data-start=""1010"" data-end=""1013"">✅ <strong data-start=""1015"" data-end=""1040"">Built-in Leash Ring –</strong> Easy to attach a leash without extra harness.<br data-start=""1086"" data-end=""1089"">✅ <strong data-start=""1091"" data-end=""1110"">Easy On &amp; Off –</strong> Sleeveless design for hassle-free wear.<br data-start=""1150"" data-end=""1153"">✅ <strong data-start=""1155"" data-end=""1185"">Lightweight &amp; Breathable –</strong> Comfortable for indoor &amp; outdoor use.<br data-start=""1223"" data-end=""1226"">✅ <strong data-start=""1228"" data-end=""1254"">Stylish &amp; Functional –</strong> Available in a modern design that fits all occasions.</p>\n<p data-start=""1312"" data-end=""1476"">Whether for a chilly walk, outdoor adventure, or cozy nights at home, this <strong data-start=""1387"" data-end=""1418"">Bite Instruments Dog Jacket</strong> is the ultimate blend of warmth, function, and fashion.</p>",,,taxable,,1,45.0,,0,0,,,,,1,,,"17,00",Pet Grooming Instruments > Pet Coat Kings,"Dog coat with leash ring, dog fleece jacket, Dog fleece vest, Dog winter clothing, Medium dog jacket, Outdoor dog jacket, pet care supplies, Pet fleece sweater, Pet warm clothing, Pet winter jacket, Puppy winter coat, Small dog jacket, Warm dog clothes, Winter dog coat",,"http://biteinstruments.com/wp-content/uploads/2025/10/petjacket_1.jpg, http://biteinstruments.com/wp-content/uploads/2025/10/pet_jacket_2.jpg, http://biteinstruments.com/wp-content/uploads/2025/10/pet_jacket_4.jpg, http://biteinstruments.com/wp-content/uploads/2025/10/pet_jacket_5.jpg, http://biteinstruments.com/wp-content/uploads/2025/10/pet_jacket_7.jpg, http://biteinstruments.com/wp-content/uploads/2025/10/pet_jacket_8.jpg, http://biteinstruments.com/wp-content/uploads/2025/10/pet_jacket_6.jpg",,,,,,,,,0,,9012425687276.0,186.0,186.0,,,,,,,,,,,,,
896,simple,,,"Dog Grooming Comb Stainless Steel Pet Comb for Dogs & Cats, Anti-Slip, Detangling & Shedding Tool",1,0,visible,,"<p>Discover the <strong data-end=""381"" data-start=""330"">Bite Instruments Professional Dog Grooming Comb</strong>, made with durable stainless steel and an <strong data-end=""454"" data-start=""424"">anti-slip ergonomic handle</strong> for effortless grooming. Perfect for dogs, cats, and pets with long or short coats, this comb helps <strong data-end=""612"" data-start=""555"">detangle, de-shed, and maintain a healthy, shiny coat</strong>. Ideal for home use or professional groomers</p>\n<p>Whether you’re a <strong data-end=""788"" data-start=""764"">professional groomer</strong> or a pet parent, this durable comb is a must-have grooming tool. With its <strong data-end=""891"" data-start=""863"">ergonomic anti-slip grip</strong> and dual-length teeth, it works efficiently on <strong data-end=""995"" data-start=""939"">all coat types – long, short, curly, or double coats</strong>.</p>\n<p>✨ <strong data-end=""1019"" data-start=""1002"">Key Features:</strong></p>\n<ul data-end=""1423"" data-start=""1022"">\n<li class=""a-spacing-mini""><span class=""a-list-item""><strong>ROUND &amp; GENTLE COMB TEETH: </strong>Unlike dematting combs with sharp teeth, this dog grooming comb features round teeth that break up tangles +effectively remove loose hair, dander &amp; dirt trapped beneath fur.</span></li>\n<li class=""a-spacing-mini""><span class=""a-list-item""><strong>ERGONOMIC NO-SLIP HANDLE:</strong> Finished with a rubbery grip, our grooming comb is safer &amp; easier to use than most groom tools. The non-slip coating prevents slippery accidents to keep you &amp; your pet safe.</span></li>\n<li class=""a-spacing-mini""><span class=""a-list-item""><strong>IMPROVES OVERALL PET HEALTH: </strong>Designed to gently massage your pet's coat, the anti-scratch teeth on our dog &amp; cat comb naturally support the health of your furry best friend by boosting circulation.</span></li>\n<li class=""a-spacing-mini""><span class=""a-list-item""><strong>COMB COMES WITH FREE EBOOK:</strong> DIY pet grooming can be a bit tricky if tools are not used correctly, which is why every SP pet hair comb includes a download of our helpful instructional guide.</span></li>\n<li class=""a-spacing-mini"">\n<span class=""a-list-item""><strong>RISK-FREE LIFETIME GUARANTEE: </strong>We firmly stand by the lasting quality of our pet grooming tool. If for any reason you're not 100% happy with it, reach out to us to receive a refund or replacement.</span><br>\n</li>\n</ul>\n<p>Give your pet the comfort they deserve and make grooming time stress-free with <strong data-end=""1542"" data-start=""1504"">Bite Instruments Dog Grooming Comb</strong>.</p>",,,taxable,,1,45.0,,0,0,,,,,1,,,"12,00",Pet Grooming Instruments > Pet Combs,"beauty instruments, beauty tool, Bite Instruments, Bite Instruments dog comb, cat grooming comb, detangling comb, detangling comb for pets, dog comb long hair, dog comb short hair, dog grooming comb, grooming instruments, pet beauty instruments, pet beauty tools, pet care supplies, pet care tools, pet comb, pet grooming, pet grooming comb, pet grooming scissors, pet grooming set, pet grooming supplies, pet grooming tool, pet shedding comb, professional grooming comb, professional grooming tools, stainless steel pet comb, tainless steel dog comb",,"http://biteinstruments.com/wp-content/uploads/2025/10/petcomb_1_2.jpg, http://biteinstruments.com/wp-content/uploads/2025/10/pet_comb_2_486e6d9e-3099-4b36-83b7-680081b518b5.jpg, http://biteinstruments.com/wp-content/uploads/2025/10/pet_comb_3_40858e20-4854-411c-ac6f-0a63ee161f2d.jpg, http://biteinstruments.com/wp-content/uploads/2025/10/pet_comb_4_ce50bd18-76ac-4e70-829e-a2601be178f4.jpg, http://biteinstruments.com/wp-content/uploads/2025/10/pet_comb_5_20e5184b-8956-402c-8ad7-eacad07c21ff.jpg",,,,,,,,,0,,9010867372268.0,191.0,191.0,,,,,,,,,,,,,
897,simple,,,Dog Grooming Comb with Anti-Slip Handle | Bite Instruments,1,0,visible,,"<p>Discover the <strong data-start=""330"" data-end=""381"">Bite Instruments Professional Dog Grooming Comb</strong>, made with durable stainless steel and an <strong data-start=""424"" data-end=""454"">anti-slip ergonomic handle</strong> for effortless grooming. Perfect for dogs, cats, and pets with long or short coats, this comb helps <strong data-start=""555"" data-end=""612"">detangle, de-shed, and maintain a healthy, shiny coat</strong>. Ideal for home use or professional groomers</p>\n<p>Whether you’re a <strong data-start=""764"" data-end=""788"">professional groomer</strong> or a pet parent, this durable comb is a must-have grooming tool. With its <strong data-start=""863"" data-end=""891"">ergonomic anti-slip grip</strong> and dual-length teeth, it works efficiently on <strong data-start=""939"" data-end=""995"">all coat types – long, short, curly, or double coats</strong>.</p>\n<p>✨ <strong data-start=""1002"" data-end=""1019"">Key Features:</strong></p>\n<ul data-start=""1022"" data-end=""1423"">\n<li class=""a-spacing-mini""><span class=""a-list-item"">✅<strong> 【EASY TO GRIP AND COMFORTABLE】</strong>This dog comb is finished with a corrugated anti-slip rubber grip, which is comfortable to hold and easy to comb for a long time.</span></li>\n<li class=""a-spacing-mini""><span class=""a-list-item"">✅ <strong>【STURDY AND DURABLE】</strong>The teeth is made of high quality stainless steel, and the grip is made by advanced coating process, so that this cat comb is durable, corrosion resistant and will not fade, good for avoiding static electricity.</span></li>\n<li class=""a-spacing-mini""><span class=""a-list-item"">✅ <strong>【SAFE AND EASY TO REMOVE MATS】</strong>This deshedding tool with smooth and rounded ends prevents scratching, and the smooth stainless steel teeth break up tangles and effectively remove loose hair, dander &amp; dirt trapped beneath fur.</span></li>\n<li class=""a-spacing-mini""><span class=""a-list-item"">✅ <strong>【WORKS FOR MANY KINDS OF PETS】</strong>The teeth of our dog comb are spaced in two ways, so this pet comb could works for different sizes of dogs and cats, rabbits and so on.</span></li>\n<li class=""a-spacing-mini"">\n<span class=""a-list-item"">✅ <strong>【RISK-FREE LIFETIME GUARANTEE 】</strong>- We firmly stand by the lasting quality of our pet grooming tool. If for any reason you're not 100% happy with it, reach out to us to receive a refund or replacement.</span><br>\n</li>\n</ul>\n<p>Give your pet the comfort they deserve and make grooming time stress-free with <strong data-start=""1504"" data-end=""1542"">Bite Instruments Dog Grooming Comb</strong>.</p>",,,taxable,,1,45.0,,0,0,,,,,1,,,"7,99",Pet Grooming Instruments > Pet Combs,"beauty instruments, beauty tool, Bite Instruments, Bite Instruments dog comb, cat grooming comb, detangling comb, detangling comb for pets, dog comb long hair, dog comb short hair, dog grooming comb, grooming instruments, pet beauty instruments, pet beauty tools, pet care supplies, pet care tools, pet comb, pet grooming, pet grooming comb, pet grooming scissors, pet grooming set, pet grooming supplies, pet grooming tool, pet shedding comb, professional grooming comb, professional grooming tools, stainless steel pet comb, tainless steel dog comb",,"http://biteinstruments.com/wp-content/uploads/2025/10/petcomb_1_3.jpg, http://biteinstruments.com/wp-content/uploads/2025/10/pet_comb_1.jpg, http://biteinstruments.com/wp-content/uploads/2025/10/pet_comb_2_7eead0d3-cace-429b-b684-e70f3f6618f6.jpg, http://biteinstruments.com/wp-content/uploads/2025/10/pet_comb_3_d6d94370-c792-4590-aabe-06fad788c010.jpg, http://biteinstruments.com/wp-content/uploads/2025/10/pet_comb_4_5ae25dc1-71dd-4704-ae8f-c8e150b5ddf3.jpg, http://biteinstruments.com/wp-content/uploads/2025/10/pet_comb_5_90cad0bd-73fc-484f-a72b-4054256d1161.jpg, http://biteinstruments.com/wp-content/uploads/2025/10/pet_comb_6_c18b3a36-df6e-4ac7-aa65-154e327e6662.jpg",,,,,,,,,0,,9010868551916.0,198.0,198.0,,,,,,,,,,,,,
898,simple,,,Dog Grooming Comb with Anti-Slip Handle | Bite Instruments,1,0,visible,,"<p>Discover the <strong data-start=""330"" data-end=""381"">Bite Instruments Professional Dog Grooming Comb</strong>, made with durable stainless steel and an <strong data-start=""424"" data-end=""454"">anti-slip ergonomic handle</strong> for effortless grooming. Perfect for dogs, cats, and pets with long or short coats, this comb helps <strong data-start=""555"" data-end=""612"">detangle, de-shed, and maintain a healthy, shiny coat</strong>. Ideal for home use or professional groomers</p>\n<p>Whether you’re a <strong data-start=""764"" data-end=""788"">professional groomer</strong> or a pet parent, this durable comb is a must-have grooming tool. With its <strong data-start=""863"" data-end=""891"">ergonomic anti-slip grip</strong> and dual-length teeth, it works efficiently on <strong data-start=""939"" data-end=""995"">all coat types – long, short, curly, or double coats</strong>.</p>\n<p>✨ <strong data-start=""1002"" data-end=""1019"">Key Features:</strong></p>\n<ul data-start=""1022"" data-end=""1423"">\n<li class=""a-spacing-mini""><span class=""a-list-item"">✅<strong> 【EASY TO GRIP AND COMFORTABLE】</strong>This dog comb is finished with a corrugated anti-slip rubber grip, which is comfortable to hold and easy to comb for a long time.</span></li>\n<li class=""a-spacing-mini""><span class=""a-list-item"">✅ <strong>【STURDY AND DURABLE】</strong>The teeth is made of high quality stainless steel, and the grip is made by advanced coating process, so that this cat comb is durable, corrosion resistant and will not fade, good for avoiding static electricity.</span></li>\n<li class=""a-spacing-mini""><span class=""a-list-item"">✅ <strong>【SAFE AND EASY TO REMOVE MATS】</strong>This deshedding tool with smooth and rounded ends prevents scratching, and the smooth stainless steel teeth break up tangles and effectively remove loose hair, dander &amp; dirt trapped beneath fur.</span></li>\n<li class=""a-spacing-mini""><span class=""a-list-item"">✅ <strong>【WORKS FOR MANY KINDS OF PETS】</strong>The teeth of our dog comb are spaced in two ways, so this pet comb could works for different sizes of dogs and cats, rabbits and so on.</span></li>\n<li class=""a-spacing-mini"">\n<span class=""a-list-item"">✅ <strong>【RISK-FREE LIFETIME GUARANTEE 】</strong>- We firmly stand by the lasting quality of our pet grooming tool. If for any reason you're not 100% happy with it, reach out to us to receive a refund or replacement.</span><br>\n</li>\n</ul>\n<p>Give your pet the comfort they deserve and make grooming time stress-free with <strong data-start=""1504"" data-end=""1542"">Bite Instruments Dog Grooming Comb</strong>.</p>",,,taxable,,1,45.0,,0,0,,,,,1,,,"5,99",Pet Grooming Instruments > Pet Combs,"beauty instruments, beauty tool, Bite Instruments, Bite Instruments dog comb, cat grooming comb, detangling comb, detangling comb for pets, dog comb long hair, dog comb short hair, dog grooming comb, grooming instruments, pet beauty instruments, pet beauty tools, pet care supplies, pet care tools, pet comb, pet grooming, pet grooming comb, pet grooming scissors, pet grooming set, pet grooming supplies, pet grooming tool, pet shedding comb, professional grooming comb, professional grooming tools, stainless steel pet comb, tainless steel dog comb",,"http://biteinstruments.com/wp-content/uploads/2025/10/petcomb_1_4.jpg, http://biteinstruments.com/wp-content/uploads/2025/10/pet_comb_1_7e7d2126-70ae-4d44-a931-081f98fe0c4e.jpg, http://biteinstruments.com/wp-content/uploads/2025/10/pet_comb_2_c696dfab-ed92-4014-9a68-07a5ba29181a.jpg, http://biteinstruments.com/wp-content/uploads/2025/10/pet_comb_3_622031cc-83f7-4976-add9-c7f3d492fbab.jpg, http://biteinstruments.com/wp-content/uploads/2025/10/pet_comb_4_46849a85-2b4c-4cdd-baee-514ba0bd0ad8.jpg, http://biteinstruments.com/wp-content/uploads/2025/10/pet_comb_5_353caf9d-2100-46b8-a1b5-bde27d2f861f.jpg, http://biteinstruments.com/wp-content/uploads/2025/10/pet_comb_6_fb594fd4-e722-46e5-b75e-6c385ca1db4c.jpg",,,,,,,,,0,,9010870255852.0,192.0,192.0,,,,,,,,,,,,,
899,simple,,,Dog Grooming Comb – Stainless Steel Pet Comb with Anti-Slip Handle for Dogs & Cats,1,0,visible,,"<p>Discover the <strong data-end=""381"" data-start=""330"">Bite Instruments Professional Dog Grooming Comb</strong>, made with durable stainless steel and an <strong data-end=""454"" data-start=""424"">anti-slip ergonomic handle</strong> for effortless grooming. Perfect for dogs, cats, and pets with long or short coats, this comb helps <strong data-end=""612"" data-start=""555"">detangle, de-shed, and maintain a healthy, shiny coat</strong>. Ideal for home use or professional groomers</p>\n<p>Whether you’re a <strong data-end=""788"" data-start=""764"">professional groomer</strong> or a pet parent, this durable comb is a must-have grooming tool. With its <strong data-end=""891"" data-start=""863"">ergonomic anti-slip grip</strong> and dual-length teeth, it works efficiently on <strong data-end=""995"" data-start=""939"">all coat types – long, short, curly, or double coats</strong>.</p>\n<p>✨ <strong data-end=""1019"" data-start=""1002"">Key Features:</strong></p>\n<ul data-end=""1423"" data-start=""1022"">\n<li data-end=""1100"" data-start=""1022"">✅ <strong data-end=""1054"" data-start=""1026"">Premium Stainless Steel:</strong>  <span class=""a-list-item"">High quality static-free stainless steel teeth, strong enough to ensure they're durable &amp; reusable for years to come.</span>\n</li>\n<li data-end=""1181"" data-start=""1101"">✅ <span class=""a-list-item""><strong>Comfortable and Safe:</strong> rounded teeth gently massage the pet skin.</span>\n</li>\n<li data-end=""1271"" data-start=""1182"">✅ <strong data-end=""1207"" data-start=""1186"">Comfort Grooming:</strong> Gentle on skin while effectively removing mats and loose fur.</li>\n<li class=""a-spacing-mini""><span class=""a-list-item""><strong>Ergonomic designed</strong> anti-slip handle, comfortable and eas to hold.</span></li>\n<li data-end=""1344"" data-start=""1272"">✅ <strong data-end=""1294"" data-start=""1276"">Multi-Purpose:</strong> Ideal for <strong data-end=""1341"" data-start=""1305"">dogs, cats, and other furry pets</strong>.</li>\n<li data-end=""1423"" data-start=""1345"">✅ <strong data-end=""1374"" data-start=""1349"">Professional Quality:</strong> Trusted by groomers, made by Bite Instruments.</li>\n</ul>\n<p>Give your pet the comfort they deserve and make grooming time stress-free with <strong data-end=""1542"" data-start=""1504"">Bite Instruments Dog Grooming Comb</strong>.</p>",,,taxable,,1,45.0,,0,0,,,,,1,,,"8,00",Pet Grooming Instruments > Pet Combs,"beauty instruments, beauty tool, Bite Instruments, Bite Instruments dog comb, cat grooming comb, detangling comb, detangling comb for pets, dog comb long hair, dog comb short hair, dog grooming comb, grooming instruments, pet beauty instruments, pet beauty tools, pet care supplies, pet care tools, pet comb, pet grooming, pet grooming comb, pet grooming scissors, pet grooming set, pet grooming supplies, pet grooming tool, pet shedding comb, professional grooming comb, professional grooming tools, stainless steel pet comb, tainless steel dog comb",,"http://biteinstruments.com/wp-content/uploads/2025/10/petcomb_1.jpg, http://biteinstruments.com/wp-content/uploads/2025/10/pet_comb_4.jpg, http://biteinstruments.com/wp-content/uploads/2025/10/pet_comb_5.jpg, http://biteinstruments.com/wp-content/uploads/2025/10/pet_comb_3.jpg, http://biteinstruments.com/wp-content/uploads/2025/10/pet_comb_2.jpg",,,,,,,,,0,,9010855477484.0,195.0,195.0,,,,,,,,,,,,,
900,variable,8920199594220-dog-grooming-kit-with-safety-round-tips-stainless-steel-professional-dog-shears-set-thinning-curved-scissors-and-comb-for-cat-pet,,"Dog Grooming Kit with Safety Round Tips Stainless Steel Professional Dog Shears Set - Thinning, Curved Scissors and Comb for Cat Pet",1,0,visible,,"<p data-sourcepos=""11:1-11:580"">Give your furry companions a comfortable and professional grooming experience with the <strong>Bite Instruments Professional Dog &amp; Cat Grooming Kit</strong>. This essential set of <strong>beauty instruments</strong> is expertly designed for precision, safety, and ease of use for both dogs and cats. Crafted from high-quality <strong>Stainless Steel</strong> and featuring stylish pink accents on the handles, these shears offer superior sharpness and durability for all your pet's styling needs. The kit includes versatile grooming scissors and a robust comb, making it a comprehensive solution for home or professional use.</p>\n<ul data-sourcepos=""13:1-19:0"">\n<li data-sourcepos=""13:1-13:183"">\n<strong>Professional Grooming Kit:</strong> Includes a straight cutting shear and thinning shear, along with a durable grooming comb, providing versatile tools for various coat types and styles.</li>\n<li data-sourcepos=""14:1-14:147"">\n<strong>High-Quality Stainless Steel:</strong> Constructed for excellent sharpness, long-lasting performance, and rust resistance, ensuring hygienic grooming.</li>\n<li data-sourcepos=""15:1-15:123"">\n<strong>Designed for Dogs &amp; Cats:</strong> Versatile tools suitable for all breeds and sizes of both canine and feline companions.</li>\n<li data-sourcepos=""16:1-16:137"">\n<strong>Safety Tips:</strong> Scissors feature rounded safety tips to minimize the risk of accidental nicks or pokes, especially in sensitive areas.</li>\n<li data-sourcepos=""17:1-17:159"">\n<strong>Comfortable Pink Accents:</strong> Ergonomically designed handles with vibrant pink silicone inserts provide a secure and comfortable grip, reducing hand fatigue.</li>\n<li data-sourcepos=""18:1-19:0"">\n<strong>Achieve Salon-Quality Results:</strong> Helps you maintain your pet's coat with precision, leading to a neat, healthy, and beautifully groomed appearance.</li>\n</ul>\n<p data-sourcepos=""20:1-20:112"">Discover more high-quality <strong>bite instruments</strong> and grooming solutions for all your pet care needs in our store.</p>",,,taxable,,1,,,0,0,,,,,1,,,,"Pet Grooming Instruments, Pet Grooming Kits","4CR stainless steel scissors, 5-in-1 dog shears, 5-in-1 pet grooming kit, beauty instruments, Bite Instruments, black dog shears, black grooming set, black grooming tools, blue accent scissors, cat grooming scissors, cat grooming supplies, curved dog grooming scissors, curved dog scissors, dog and cat grooming, dog grooming comb, dog grooming scissors, dog shears, dog thinning shears, durable dog grooming kit, durable pet grooming tools, durable pet shears, FAIGEO dog grooming kit, Gimars dog grooming scissors, grooming instruments, home dog grooming, home pet grooming, pet beauty instruments, pet beauty tools, pet care supplies, pet comb, pet grooming kit, pet hair clippers, pet hair cutting kit, pink accent scissors, premium dog grooming, professional dog grooming, professional grooming instruments, professional grooming tools, professional pet grooming kit, professional pet grooming set, razor-sharp dog grooming scissors, safety tip dog scissors, safety tip scissors, salon quality pet care, sleek pet shears, stainless steel dog scissors, stainless steel scissors, stainless steel shears set, straight dog scissors, straight grooming scissors, thinning shears, titanium coated scissors",,"http://biteinstruments.com/wp-content/uploads/2025/10/DogGroomingKits.jpg, http://biteinstruments.com/wp-content/uploads/2025/10/DogGroomingKitwithSafetyRoundTips.jpg, http://biteinstruments.com/wp-content/uploads/2025/10/StainlessSteelProfessionalDogShearsSet.jpg, http://biteinstruments.com/wp-content/uploads/2025/10/CurvedScissors.jpg, http://biteinstruments.com/wp-content/uploads/2025/10/DogShearsSet.jpg, http://biteinstruments.com/wp-content/uploads/2025/10/Dogcomb.jpg, http://biteinstruments.com/wp-content/uploads/2025/10/CombforCatPet.jpg, http://biteinstruments.com/wp-content/uploads/2025/10/DogThinningscissor.jpg, http://biteinstruments.com/wp-content/uploads/2025/10/Thinning_CurvedScissorsandCombforCatPet.jpg",,,,,,,,,0,,8920199594220.0,220.0,219.0,Color,"Blue, Pink",0.0,0.0,,,,,,,,,
903,simple,,,Dog Grooming Scissors & Deshedder - 7 in 1 Pet Grooming Scissors Set with undercoat brush,1,0,visible,,"<p><strong data-start=""527"" data-end=""573"">Groom Like a Pro with Bite Instruments ✨</strong></p>\n<p>Give your pets the salon treatment they deserve! The <strong data-start=""630"" data-end=""667"">Bite Instruments Pet Grooming Kit</strong> is designed for both <strong data-start=""689"" data-end=""714"">professional groomers</strong> and <strong data-start=""719"" data-end=""734"">pet parents</strong> who want to keep their furry friends looking fresh, clean, and stylish.</p>\n<p>✅ Kit Includes:</p>\n<ul data-start=""832"" data-end=""1182"">\n<li data-start=""832"" data-end=""910"">✂️ <strong data-start=""837"" data-end=""856"">Curved Scissors</strong> – Perfect for trimming around paws, face, and tail.</li>\n<li data-start=""911"" data-end=""973"">✂️ <strong data-start=""916"" data-end=""937"">Straight Scissors</strong> – For precise, all-over trimming.</li>\n<li data-start=""974"" data-end=""1042"">✂️ <strong data-start=""979"" data-end=""998"">Thinning Shears</strong> – Blend thick coats for a natural finish.</li>\n<li data-start=""1043"" data-end=""1113"">🪮 <strong data-start=""1048"" data-end=""1072"">Stainless Steel Comb</strong> – Detangles and preps fur for cutting.</li>\n<li data-start=""1114"" data-end=""1182"">🎒 <strong data-start=""1119"" data-end=""1138"">Protective Case</strong> – Keeps your tools safe and travel-ready.</li>\n</ul>\n<p>💎 Features &amp; Benefits:</p>\n<ul data-start=""1214"" data-end=""1524"">\n<li data-start=""1214"" data-end=""1281"">Sharp <strong data-start=""1222"" data-end=""1256"">premium stainless steel blades</strong> for smooth, clean cuts</li>\n<li data-start=""1282"" data-end=""1346"">Ergonomic design with <strong data-start=""1306"" data-end=""1322"">finger rests</strong> for comfort &amp; control</li>\n<li data-start=""1347"" data-end=""1408"">\n<strong data-start=""1349"" data-end=""1365"">Rounded tips</strong> for safe grooming around sensitive areas</li>\n<li data-start=""1409"" data-end=""1479"">Durable &amp; long-lasting tools trusted by <strong data-start=""1451"" data-end=""1477"">pet groomers worldwide</strong>\n</li>\n<li data-start=""1480"" data-end=""1524"">Ideal for <strong data-start=""1492"" data-end=""1522"">dogs, cats, and small pets</strong>\n</li>\n</ul>\n<p>🎁 Perfect for at-home grooming or professional salon use!</p>",,,taxable,,1,45.0,,0,0,,,,,1,,,"33,00","Pet Grooming Instruments, Pet Grooming Kits","4-in-1 grooming set, 4CR stainless steel scissors, 5-in-1 dog shears, 5-in-1 grooming kit, 5-in-1 pet grooming kit, 6-in-1 dog shears, 6-in-1 pet grooming kit, 7 inch dog shears, 7 inch pet shears, all-in-one pet groomer, Artecare dog grooming kit, beauty instruments, Bite Instruments, black and gold dog grooming, black and gold grooming scissors, black dog shears, black grooming set, black grooming shears, black grooming tools, black titanium scissors, blue accent scissors, cat grooming scissors, cat grooming supplies, Citywish pet grooming kit, comfortable grooming tools, complete pet grooming, comprehensive dog grooming, comprehensive dog kit, curved dog grooming scissors, curved dog scissors, curved grooming scissors, curved thinning straight shears, detail grooming scissors, dog comb, dog grooming comb, dog grooming scissors, dog grooming supplies, dog hair cutting kit, dog nail care, dog nail clippers, dog nail file, dog scissors set, dog shears, dog thinning shears, down curved scissors, durable dog grooming kit, durable dog scissors, durable pet shears, durable pet tools, Freewindo dog grooming kit, GEMEK dog grooming scissors, Gimars dog grooming scissors, gold dog grooming scissors, grooming instruments, grooming shears, grooming shears kit, home dog grooming, home pet grooming, JASON dog grooming scissors, luxurious grooming kit, luxurious pet grooming, multifunctional pet grooming set, nail clipper for dogs, paint coated shears, patterned blade scissors, pet beauty instruments, pet beauty tools, pet care supplies, pet care tools, pet grooming comb, pet grooming kit, pet grooming set, pet grooming supplies, pet hair clippers, pet hair cutting kit, pet styling kit, premium dog grooming, professional dog grooming, professional dog grooming set, professional dog shears, professional grooming instruments, professional grooming supplies, professional grooming tools, professional pet grooming kit, professional pet grooming set, professional pet shears, professional pet tools, razor-sharp dog grooming scissors, red accent grooming kit, safety grooming scissors, safety tip dog scissors, safety tip scissors, salon quality pet grooming, sharp dog scissors, sleek pet shears, small medium large dog grooming, stainless steel dog scissors, stainless steel grooming kit, stainless steel grooming tools, stainless steel pet shears, stainless steel scissors, straight dog scissors, straight grooming scissors, straight thinning curved scissors, thinning scissors, thinning shears, titanium coated dog scissors, titanium coated scissors, titanium pet scissors, up curved scissors",,"http://biteinstruments.com/wp-content/uploads/2025/10/doggroomingset_1.jpg, http://biteinstruments.com/wp-content/uploads/2025/10/dog_grooming_set_2.jpg, http://biteinstruments.com/wp-content/uploads/2025/10/dog_grooming_set_7.jpg, http://biteinstruments.com/wp-content/uploads/2025/10/dog_grooming_set_3.jpg, http://biteinstruments.com/wp-content/uploads/2025/10/dog_grooming_set_4.jpg, http://biteinstruments.com/wp-content/uploads/2025/10/dog_grooming_set_5.jpg, http://biteinstruments.com/wp-content/uploads/2025/10/dog_grooming_set_6.jpg",,,,,,,,,0,,9027098050796.0,208.0,206.0,,,,,,,,,,,,,
904,variable,8920153784556-dog-grooming-scissors-kit-professional-4cr-with-safety-round-tip-5-in-1-heavy-duty-titanium-coated-thinning-curved-straight-shears,,"Dog Grooming Scissors Kit Professional 4CR with Safety Round Tip, 5 in 1 Heavy Duty Titanium Coated Thinning & Curved & Straight Shears",1,0,visible,,"<p data-sourcepos=""11:1-11:575"">Achieve salon-quality pet grooming at home with the <strong>Gimars Professional 5-in-1 Dog Grooming Scissors Kit</strong>. This sleek set of essential <strong>beauty instruments</strong> is designed for precision, comfort, and safety, ensuring your furry friend looks their absolute best. Crafted from high-grade <strong>4CR Stainless Steel</strong> with a stylish black finish and vibrant blue accents, these professional-grade tools offer superior sharpness and durability. The complete kit includes a variety of specialized shears and a matching comb, all neatly organized in a convenient zippered storage case.</p>\n<ul data-sourcepos=""13:1-19:0"">\n<li data-sourcepos=""13:1-13:169"">\n<strong>Complete 5-in-1 Kit:</strong> Features essential grooming shears including straight scissors, thinning shears, and curved scissors, along with a high-quality grooming comb.</li>\n<li data-sourcepos=""14:1-14:146"">\n<strong>Premium 4CR Stainless Steel:</strong> Ensures exceptional sharpness, long-lasting performance, and resistance to rust and corrosion for hygienic use.</li>\n<li data-sourcepos=""15:1-15:182"">\n<strong>Safety Round Tips:</strong> Designed with blunt, rounded tips on relevant scissors to enhance safety, minimizing the risk of accidental pokes or cuts in sensitive areas during grooming.</li>\n<li data-sourcepos=""16:1-16:187"">\n<strong>Ergonomic Design &amp; Blue Accents:</strong> Comfortable finger rings with eye-catching blue silicone inserts provide a secure grip, reducing hand fatigue during extended grooming sessions.</li>\n<li data-sourcepos=""17:1-17:167"">\n<strong>Versatile &amp; Professional:</strong> Ideal for trimming, thinning, and styling all types of pet coats, suitable for both professional groomers and dedicated pet owners.</li>\n<li data-sourcepos=""18:1-19:0"">\n<strong>Convenient Storage:</strong> Comes with a durable zippered case to keep your entire kit organized, protected, and easily portable for travel or tidy storage.</li>\n</ul>\n<p data-sourcepos=""20:1-20:143"">Invest in this essential set of <strong>bite instruments</strong> for pet care and enjoy precise, comfortable, and professional grooming results every time!</p>",,,taxable,,1,,,0,0,,,,,1,,,,"Pet Grooming Instruments, Pet Grooming Kits","4CR stainless steel scissors, 5-in-1 dog shears, Bite Instruments, black grooming set, blue accent scissors, curved dog grooming scissors, curved dog scissors, dog grooming comb, dog grooming scissors, dog shears, dog thinning shears, durable pet shears, Gimars dog grooming scissors, grooming instruments, home dog grooming, pet beauty tools, pet care supplies, pet grooming kit, pet hair clippers, pet hair cutting kit, premium dog grooming, professional dog grooming, professional grooming instruments, professional pet grooming kit, safety tip dog scissors, safety tip scissors, stainless steel scissors, straight dog scissors, titanium coated scissors",,"http://biteinstruments.com/wp-content/uploads/2025/10/DogGroomingScissorsKit.jpg, http://biteinstruments.com/wp-content/uploads/2025/10/HeavyDutyTitaniumCoatedThinning_Curved_StraightShears.jpg, http://biteinstruments.com/wp-content/uploads/2025/10/HeavyDutyTitaniumCoatedThinning_Curved.jpg, http://biteinstruments.com/wp-content/uploads/2025/10/blackcolorDogGroomingScissorsKit.jpg, http://biteinstruments.com/wp-content/uploads/2025/10/DogGroomingScissorsKitprofessional.jpg, http://biteinstruments.com/wp-content/uploads/2025/10/TitaniumCoatedThinning_Curved_StraightShears.jpg, http://biteinstruments.com/wp-content/uploads/2025/10/4CRwithSafetyRoundTip.jpg, http://biteinstruments.com/wp-content/uploads/2025/10/pinkThinning_Curved_StraightShears.jpg, http://biteinstruments.com/wp-content/uploads/2025/10/SilverThinning_Curved_StraightShears.jpg, http://biteinstruments.com/wp-content/uploads/2025/10/RainbowTitaniumCoatedThinning_Curved_StraightShears.jpg",,,,,,,,,0,,8920153784556.0,189.0,188.0,Color,"Black, Pink, Blue, Rainbow",0.0,0.0,,,,,,,,,
909,simple,,,"Dog Grooming Scissors Set - Professional 6 in 1 Dog Shears Kit - 6.5"" Thinning, 7"" Straight, 7"" Up-Curved, 7"" Down-curved Scissors with Comb",1,0,visible,,"<p><strong data-start=""527"" data-end=""573"">Groom Like a Pro with Bite Instruments ✨</strong></p>\n<p>Give your pets the salon treatment they deserve! The <strong data-start=""630"" data-end=""667"">Bite Instruments Pet Grooming Kit</strong> is designed for both <strong data-start=""689"" data-end=""714"">professional groomers</strong> and <strong data-start=""719"" data-end=""734"">pet parents</strong> who want to keep their furry friends looking fresh, clean, and stylish.</p>\n<p>✅ Kit Includes:</p>\n<ul data-start=""832"" data-end=""1182"">\n<li data-start=""832"" data-end=""910"">✂️ <strong data-start=""837"" data-end=""856"">Curved Scissors</strong> – Perfect for trimming around paws, face, and tail.</li>\n<li data-start=""911"" data-end=""973"">✂️ <strong data-start=""916"" data-end=""937"">Straight Scissors</strong> – For precise, all-over trimming.</li>\n<li data-start=""974"" data-end=""1042"">✂️ <strong data-start=""979"" data-end=""998"">Thinning Shears</strong> – Blend thick coats for a natural finish.</li>\n<li data-start=""1043"" data-end=""1113"">🪮 <strong data-start=""1048"" data-end=""1072"">Stainless Steel Comb</strong> – Detangles and preps fur for cutting.</li>\n<li data-start=""1114"" data-end=""1182"">🎒 <strong data-start=""1119"" data-end=""1138"">Protective Case</strong> – Keeps your tools safe and travel-ready.</li>\n</ul>\n<p>💎 Features &amp; Benefits:</p>\n<ul data-start=""1214"" data-end=""1524"">\n<li data-start=""1214"" data-end=""1281"">Sharp <strong data-start=""1222"" data-end=""1256"">premium stainless steel blades</strong> for smooth, clean cuts</li>\n<li data-start=""1282"" data-end=""1346"">Ergonomic design with <strong data-start=""1306"" data-end=""1322"">finger rests</strong> for comfort &amp; control</li>\n<li data-start=""1347"" data-end=""1408"">\n<strong data-start=""1349"" data-end=""1365"">Rounded tips</strong> for safe grooming around sensitive areas</li>\n<li data-start=""1409"" data-end=""1479"">Durable &amp; long-lasting tools trusted by <strong data-start=""1451"" data-end=""1477"">pet groomers worldwide</strong>\n</li>\n<li data-start=""1480"" data-end=""1524"">Ideal for <strong data-start=""1492"" data-end=""1522"">dogs, cats, and small pets</strong>\n</li>\n</ul>\n<p>🎁 Perfect for at-home grooming or professional salon use!</p>",,,taxable,,1,45.0,,0,0,,,,,1,,,"37,00","Pet Grooming Instruments, Pet Grooming Kits","4-in-1 grooming set, 4CR stainless steel scissors, 5-in-1 dog shears, 5-in-1 grooming kit, 5-in-1 pet grooming kit, 6-in-1 dog shears, 6-in-1 pet grooming kit, 7 inch dog shears, 7 inch pet shears, all-in-one pet groomer, Artecare dog grooming kit, beauty instruments, Bite Instruments, black and gold dog grooming, black and gold grooming scissors, black dog shears, black grooming set, black grooming shears, black grooming tools, black titanium scissors, blue accent scissors, cat grooming scissors, cat grooming supplies, Citywish pet grooming kit, comfortable grooming tools, complete pet grooming, comprehensive dog grooming, comprehensive dog kit, curved dog grooming scissors, curved dog scissors, curved grooming scissors, curved thinning straight shears, detail grooming scissors, dog comb, dog grooming comb, dog grooming scissors, dog grooming supplies, dog hair cutting kit, dog nail care, dog nail clippers, dog nail file, dog scissors set, dog shears, dog thinning shears, down curved scissors, durable dog grooming kit, durable dog scissors, durable pet shears, durable pet tools, Freewindo dog grooming kit, GEMEK dog grooming scissors, Gimars dog grooming scissors, gold dog grooming scissors, grooming instruments, grooming shears, grooming shears kit, home dog grooming, home pet grooming, JASON dog grooming scissors, luxurious grooming kit, luxurious pet grooming, multifunctional pet grooming set, nail clipper for dogs, paint coated shears, patterned blade scissors, pet beauty instruments, pet beauty tools, pet care supplies, pet care tools, pet grooming comb, pet grooming kit, pet grooming set, pet grooming supplies, pet hair clippers, pet hair cutting kit, pet styling kit, premium dog grooming, professional dog grooming, professional dog grooming set, professional dog shears, professional grooming instruments, professional grooming supplies, professional grooming tools, professional pet grooming kit, professional pet grooming set, professional pet shears, professional pet tools, razor-sharp dog grooming scissors, red accent grooming kit, safety grooming scissors, safety tip dog scissors, safety tip scissors, salon quality pet grooming, sharp dog scissors, sleek pet shears, small medium large dog grooming, stainless steel dog scissors, stainless steel grooming kit, stainless steel grooming tools, stainless steel pet shears, stainless steel scissors, straight dog scissors, straight grooming scissors, straight thinning curved scissors, thinning scissors, thinning shears, titanium coated dog scissors, titanium coated scissors, titanium pet scissors, up curved scissors",,"http://biteinstruments.com/wp-content/uploads/2025/10/doggroomingkit_1_f41ab21b-a03c-481d-9c8b-333f889eff38.jpg, http://biteinstruments.com/wp-content/uploads/2025/10/dog_grooming_kit_5_9b92ca21-d3e4-4599-9b22-d5289e937fd6.jpg, http://biteinstruments.com/wp-content/uploads/2025/10/dog_grooming_kit_6_4eec7cb4-9071-494d-966b-bf86486e2fb3.jpg, http://biteinstruments.com/wp-content/uploads/2025/10/dog_grooming_kit_4_b4cb5d95-441d-4f62-9666-828162eabf2a.jpg, http://biteinstruments.com/wp-content/uploads/2025/10/dog_grooming_kit_3_af3a9553-60a2-455a-b6ef-56a2ddb0ab99.jpg",,,,,,,,,0,,9027092283628.0,198.0,197.0,,,,,,,,,,,,,
910,variable,9013551595756-dog-grooming-scissors-kit-professional-4cr-with-safety-round-tip-5-in-1-heavy-duty-titanium-coated-thinning-curved-straight-shears-copy,,Dog Grooming Scissors Set 8 Inch 4 Pieces Straight & Curved Thinning Scissors Stainless Steel,1,0,visible,,"<p data-sourcepos=""11:1-11:575"">Achieve salon-quality pet grooming at home with the <strong>Gimars Professional Dog Grooming Scissors Kit</strong>. This sleek set of essential <strong>beauty instruments</strong> is designed for precision, comfort, and safety, ensuring your furry friend looks their absolute best. Crafted from high-grade <strong>4CR Stainless Steel</strong> with a stylish black finish and vibrant blue accents, these professional-grade tools offer superior sharpness and durability. The complete kit includes a variety of specialized shears and a matching comb, all neatly organized in a convenient zippered storage case.</p>\n<ul data-sourcepos=""13:1-19:0"">\n<li class=""a-spacing-mini""><span class=""a-list-item""><strong>Perfect 4-piece grooming kit</strong> for personal use and pet shops, including a curved blade up and down, scissors for cutting dog hair and thinning scissors. A necessary basic grooming kit for pets.</span></li>\n<li class=""a-spacing-mini""><span class=""a-list-item""><strong>Specially designed for cutting pet hair and cats</strong>. The curved blade makes it easier for you to cut the hair around the ear or other special parts of your pet, the thinning scissors can cut maximum thick hair without effort, straight scissors can be used for cutting both long and short hair, making your pets beautiful and easy with our scissors set.</span></li>\n<li class=""a-spacing-mini""><span class=""a-list-item""><strong>The premium dog grooming scissors</strong> are made of high quality Japanese 440C steel, ultra sharp convex edge and hollow ground concave blades - smooth cutting, durability and razor sharpness</span></li>\n<li class=""a-spacing-mini""><span class=""a-list-item""><strong>Comfortable offset handle </strong>with slightly curved thumb for extremely comfortable gripping and help minimize strain and discomfort</span></li>\n<li class=""a-spacing-mini"">\n<span class=""a-list-item""><strong>The adjustable tension screw </strong>makes it easy to adjust the grooming scissors to the needs and ensure a smooth scissor effect. Plus, these grooming scissors are precisely weighted to give a perfect feel, weight and balance</span><br>\n</li>\n</ul>\n<p data-sourcepos=""20:1-20:143"">Invest in this essential set of <strong>bite instruments</strong> for pet care and enjoy precise, comfortable, and professional grooming results every time!</p>",,,taxable,,1,,,0,0,,,,,1,,,,"Pet Grooming Instruments, Pet Grooming Kits","4CR stainless steel scissors, 5-in-1 dog shears, Bite Instruments, black grooming set, blue accent scissors, curved dog grooming scissors, curved dog scissors, dog grooming comb, dog grooming scissors, dog shears, dog thinning shears, durable pet shears, Gimars dog grooming scissors, grooming instruments, home dog grooming, pet beauty tools, pet care supplies, pet grooming kit, pet hair clippers, pet hair cutting kit, premium dog grooming, professional dog grooming, professional grooming instruments, professional pet grooming kit, safety tip dog scissors, safety tip scissors, stainless steel scissors, straight dog scissors, titanium coated scissors",,"http://biteinstruments.com/wp-content/uploads/2025/10/petgroomingkits_4.jpg, http://biteinstruments.com/wp-content/uploads/2025/10/B07VRBWK79_1_copy.jpg, http://biteinstruments.com/wp-content/uploads/2025/10/pet_grooming_kits_1.jpg, http://biteinstruments.com/wp-content/uploads/2025/10/pet_grooming_kits_2.jpg, http://biteinstruments.com/wp-content/uploads/2025/10/pet_grooming_kits_3.jpg",,,,,,,,,0,,9013551595756.0,212.0,212.0,Color,"Black, Pink, Blue, Rainbow",0.0,0.0,,,,,,,,,
915,simple,,,"Dog Grooming Scissors,Curved Chunkers Shears Dog Grooming with Safety Round Tips, Sharp and Comfortable 4 in 1 Dog Scissors for Grooming",1,0,visible,,"<p data-sourcepos=""11:1-11:423"">Achieve professional-quality grooming for your furry companions with the <strong>BITE Professional 4-in-1 Gold Pet Grooming Scissors Set</strong>. This elegant kit of essential <strong>beauty instruments</strong> is designed for sharpness, comfort, and safety, making home grooming a breeze for small, medium, and large dogs or cats. Crafted from durable stainless steel with stunning gold accents, these shears offer both performance and style.</p>\n<ul data-sourcepos=""13:1-19:0"">\n<li data-sourcepos=""13:1-13:173"">\n<strong>Comprehensive 4-in-1 Set:</strong> Includes a 7"" straight scissor, a 7"" thinning scissor, a 7"" curved scissor, and a 19CM grooming comb, covering a wide range of styling needs.</li>\n<li data-sourcepos=""14:1-14:146"">\n<strong>Sharp &amp; Comfortable Blades:</strong> Engineered for precise, effortless cutting, ensuring a smooth grooming experience for both you and your pet.</li>\n<li data-sourcepos=""15:1-15:164"">\n<strong>Safety Round Tips:</strong> Designed with blunt, rounded tips on the shears to enhance safety and minimize the risk of accidental pokes, especially in sensitive areas.</li>\n<li data-sourcepos=""16:1-16:136"">\n<strong>Premium Gold Accents:</strong> Features ergonomic handles with elegant gold-colored finger rings, providing a comfortable and stylish grip.</li>\n<li data-sourcepos=""17:1-17:143"">\n<strong>Versatile for All Pet Sizes:</strong> Suitable for various dog breeds and sizes, as well as cats, making it an ideal all-around grooming solution.</li>\n<li data-sourcepos=""18:1-19:0"">\n<strong>Durable Stainless Steel:</strong> Constructed for long-lasting performance and easy maintenance, ensuring your tools remain in top condition.</li>\n</ul>\n<p data-sourcepos=""20:1-20:125"">Explore more high-quality <strong>bite instruments</strong> and comprehensive grooming solutions for all your pet care needs in our store.</p>",,,taxable,,1,45.0,,0,0,,,,,1,,,"69,45","Pet Grooming Instruments, Pet Grooming Kits","4-in-1 grooming set, 4CR stainless steel scissors, 5-in-1 dog shears, 5-in-1 pet grooming kit, 6-in-1 dog shears, 6-in-1 pet grooming kit, 7 inch dog shears, 7 inch pet shears, all-in-one pet groomer, Artecare dog grooming kit, beauty instruments, Bite Instruments, black and gold grooming scissors, black dog shears, black grooming set, black grooming shears, black grooming tools, black titanium scissors, blue accent scissors, cat grooming scissors, cat grooming supplies, Citywish pet grooming kit, comfortable grooming tools, complete pet grooming, comprehensive dog grooming, comprehensive dog kit, curved dog grooming scissors, curved dog scissors, curved grooming scissors, curved thinning straight shears, detail grooming scissors, dog comb, dog grooming comb, dog grooming scissors, dog grooming supplies, dog nail care, dog nail clippers, dog nail file, dog scissors set, dog shears, dog thinning shears, durable dog grooming kit, durable dog scissors, durable pet shears, durable pet tools, Freewindo dog grooming kit, GEMEK dog grooming scissors, Gimars dog grooming scissors, gold dog grooming scissors, grooming instruments, grooming shears, grooming shears kit, home dog grooming, home pet grooming, luxurious grooming kit, multifunctional pet grooming set, nail clipper for dogs, paint coated shears, pet beauty instruments, pet beauty tools, pet care supplies, pet care tools, pet grooming comb, pet grooming kit, pet grooming set, pet grooming supplies, pet hair clippers, pet hair cutting kit, premium dog grooming, professional dog grooming, professional dog grooming set, professional dog shears, professional grooming instruments, professional grooming supplies, professional grooming tools, professional pet grooming kit, professional pet grooming set, professional pet shears, professional pet tools, razor-sharp dog grooming scissors, red accent grooming kit, safety grooming scissors, safety tip dog scissors, safety tip scissors, salon quality pet grooming, sharp dog scissors, sleek pet shears, small medium large dog grooming, stainless steel dog scissors, stainless steel grooming kit, stainless steel grooming tools, stainless steel pet shears, stainless steel scissors, straight dog scissors, straight grooming scissors, straight thinning curved scissors, thinning scissors, thinning shears, titanium coated dog scissors, titanium coated scissors, titanium pet scissors",,"http://biteinstruments.com/wp-content/uploads/2025/10/DogGroomingwithSafetyRoundTips.jpg, http://biteinstruments.com/wp-content/uploads/2025/10/DogGroomingwithSafetyRoundTips_SharpandComfortable4in1DogScissorsforGrooming.jpg, http://biteinstruments.com/wp-content/uploads/2025/10/ScissorsforGrooming.jpg, http://biteinstruments.com/wp-content/uploads/2025/10/CITYWISHDogGroomingScissor.jpg, http://biteinstruments.com/wp-content/uploads/2025/10/CITYWISHDogGroomingScissors.jpg, http://biteinstruments.com/wp-content/uploads/2025/10/CatScissorsforGrooming.jpg, http://biteinstruments.com/wp-content/uploads/2025/10/catgroomingScissorsforGrooming.jpg",,,,,,,,,0,,8920466292972.0,203.0,202.0,,,,,,,,,,,,,
916,simple,,,"Dog Scissors for Grooming, Straight Dog Shears, 8.0 inch for Pet Grooming",1,0,visible,,"<p>Achieve salon-quality grooming at home or in your pet salon with the <strong data-start=""449"" data-end=""493"">Bite Instruments Premium Straight Shears</strong>. Designed for <strong data-start=""508"" data-end=""545"">professional dog and cat grooming</strong>, these right-handed shears deliver precision, comfort, and control for both fine detailing and full grooming sessions.</p>\n<p>Crafted from <strong data-start=""681"" data-end=""713"">high-quality stainless steel</strong>, these shears feature ultra-sharp blades for smooth, clean cuts without pulling or snagging your pet’s fur. The ergonomic handle ensures comfort during long grooming sessions, making them ideal for professional groomers and pet owners alike.</p>\n<p>✨ Features &amp; Benefits:</p>\n<ul data-start=""988"" data-end=""1470"">\n<li class=""a-spacing-mini""><span class=""a-list-item""><strong>【Sharp】--</strong> Made of 440C steel from Japan, the straight grooming scissors for dogs is sharp, durable, and perfect for professional pet groomers or home use It is specifically designed for straight cutting, providing precise and clean trims for your dog's fur.</span></li>\n<li class=""a-spacing-mini""><span class=""a-list-item""><strong>【Straight Blade】--</strong> The straight scissors has a professional convex edge and is your best choice for overall trimming of your dog or cat’s coat. It can be used to cut long hair and furs on body. Making them an excellent choice for professional groomers or as essential shears for home grooming. 8.0 inch is designed for large dog grooming.</span></li>\n<li class=""a-spacing-mini""><span class=""a-list-item""><strong>【Easy to Use】--</strong> Ergonomically designed handle is suitable for right-handed users, offering a comfortable hold for extended use without hand fatigue.</span></li>\n<li class=""a-spacing-mini""><span class=""a-list-item""><strong>【Thumb Adjustable Screw】-- </strong>Easy and convenient adjustment with a hand-twist screw.</span></li>\n<li class=""a-spacing-mini"">\n<span class=""a-list-item""><strong>【Warranty】-- </strong>If you are unsatisfied, no need for your return the straight cutting scissors, just contact us. We offer 100% satisfaction solution or money back. Invest with No Risk.</span><br>\n</li>\n</ul>\n<p>Upgrade your hairstyling tools with these professional-grade barber scissors.</p>",,,taxable,,1,34.0,,0,0,,,,,1,,,"8,99","Pet Grooming Instruments, Pet Grooming Instruments > Pet Straight Scissors","440C stainless steel scissors, 6.25 inch straight shear, 62 HRC hardness, 7.5 inch straight scissors, Andis left handed grooming scissors, anti-rust grooming, barber scissors, barber scissors for women, beauty instruments, Bite Instruments, black grooming scissors, blue iridescent shears, cat grooming shears, cat grooming supplies, corrosion resistant shears, dog grooming scissors, dog grooming straight shear, dog grooming supplies, dog hair cutting, durable grooming shears, durable pet shears, elegant grooming scissors, ergonomic pet shears, Fenice Peak dog grooming scissors, gift idea for pet lovers, gold touch grooming shears, hair cutting scissors, high precision pet scissors, high quality grooming, home haircut scissors, JP440C steel scissors, left hand shears, left handed cat grooming, left handed dog grooming, pet grooming gift, pet grooming scissors, pet hair cutting, pet styling tool, pet styling tools, professional grooming scissors, professional grooming supplies, professional grooming tools, professional pet shears, professional shears, professional straight scissors, rose gold grooming tools, salon quality pet grooming, Sharf pet grooming scissors, sharp dog scissors, sharp durable scissors, single grooming scissor, straight cutting scissors, straight grooming shear",,"http://biteinstruments.com/wp-content/uploads/2025/10/dog_groomimg_scissors_1_copy_f071e591-3039-4a09-a795-3123c67f7188.jpg, http://biteinstruments.com/wp-content/uploads/2025/10/dog_groomimg_scissors_2_copy.jpg, http://biteinstruments.com/wp-content/uploads/2025/10/dog_groomimg_scissors_4.jpg, http://biteinstruments.com/wp-content/uploads/2025/10/dog_groomimg_scissors_3_copy.jpg",,,,,,,,,0,,9008010133740.0,201.0,201.0,,,,,,,,,,,,,
917,simple,,,Dog Sweater – Warm Fleece Pet Coat | Bite Instruments,1,0,visible,,"<p data-start=""424"" data-end=""784"">Keep your furry friend warm, stylish, and comfortable this winter with the <strong data-start=""499"" data-end=""537"">Bite Instruments Dog Fleece Jacket</strong>. Designed with soft, breathable fleece, this pet coat provides superior warmth without restricting movement. The built-in <strong data-start=""660"" data-end=""687"">D-ring leash attachment</strong> makes it practical for daily walks, while the sleeveless design ensures easy wear and comfort.</p>\n<p data-start=""786"" data-end=""938"">Perfect for small and medium-sized dogs, this winter dog coat is lightweight, durable, and machine washable—making it a must-have for every pet owner.</p>\n<ul class=""a-unordered-list a-vertical a-spacing-mini"">\n<li class=""a-spacing-mini""><span class=""a-list-item"">❄️<strong> FOR SMALL DOGS OR CATS</strong> ❄️ Dog dress for small dogs girl boy is available in 4 sizes xxs, xs ,s, m , Dog jacket coat suitable for most dogs. Recommended for chihuahua / pomeranian / pugs / maltese / shih tzu puppy / poodle / mini dachshund / maltipoo / Boston terrier puppy / yorkie / toy poodle / french bulldog puppy / miniature poodle / min pin and so on. girl dog clothes,teacup dog clothes ,dog winter clothes, small dog clothes female.</span></li>\n<li class=""a-spacing-mini""><span class=""a-list-item"">❄️<strong> DOG HOODIES FOR SMALL DOGS</strong> ❄️ Dog Dress Hoodie Cut higher in the belly for easy potty breaks, pullover design makes it easy to put on and take off. Convenient to walk the dog.Dog sweaters for small dogs boy can be applied for both indoor and outdoor activities,girl dog winter outfits perfect has a warm effect.</span></li>\n<li class=""a-spacing-mini""><span class=""a-list-item"">❄️ <strong>DOG SWEATER</strong>  ❄️ Small dog dress made of fleece Fabric, soft &amp; warm. With tiny dog dog outfits keep your fur baby warm, during the cold weather. Toasty-warm and thermal soft fabric, perfect to stay warm in winter</span></li>\n<li class=""a-spacing-mini""><span class=""a-list-item"">❄️<strong> DOG WINTER COAT </strong>❄️ while the thick hood offers extra warmth to face and neck. chihuahua dresses can be applied for both indoor and outdoor activities, dog winter clothes perfect for a Halloween costume and Christmas present and gift, Perfect for daily wears and walks, parties, gatherings and photoshoot.</span></li>\n<li class=""a-spacing-mini"">\n<span class=""a-list-item"">❄️ <strong>SMALL DOG WINTER CLOTHES </strong>❄️ winter dog dresses for enjoyable walking. Cute and Fashion Style - plaid printed design and the soft color bring a cute look to this pet hoodie dress.</span><br>\n</li>\n</ul>\n<p data-start=""1312"" data-end=""1476"">Whether for a chilly walk, outdoor adventure, or cozy nights at home, this <strong data-start=""1387"" data-end=""1418"">Bite Instruments Dog Jacket</strong> is the ultimate blend of warmth, function, and fashion.</p>",,,taxable,,1,45.0,,0,0,,,,,1,,,"16,00",Pet Grooming Instruments > Pet Coat Kings,"Dog coat with leash ring, dog fleece jacket, Dog fleece vest, Dog winter clothing, Medium dog jacket, Outdoor dog jacket, pet care supplies, Pet fleece sweater, Pet warm clothing, Pet winter jacket, Puppy winter coat, Small dog jacket, Warm dog clothes, Winter dog coat",,"http://biteinstruments.com/wp-content/uploads/2025/10/cutedogcoat_1.jpg, http://biteinstruments.com/wp-content/uploads/2025/10/cute_dog_coat_3.jpg, http://biteinstruments.com/wp-content/uploads/2025/10/cute_dog_coat_2.jpg, http://biteinstruments.com/wp-content/uploads/2025/10/cute_dog_coat_4.jpg, http://biteinstruments.com/wp-content/uploads/2025/10/cute_dog_coat_5.jpg, http://biteinstruments.com/wp-content/uploads/2025/10/cute_dog_coat_6.jpg",,,,,,,,,0,,9012434927852.0,219.0,218.0,,,,,,,,,,,,,
918,simple,,,Dog Sweater – Warm Fleece Pet Coat | Bite Instruments,1,0,visible,,"<p data-start=""424"" data-end=""784"">Keep your furry friend warm, stylish, and comfortable this winter with the <strong data-start=""499"" data-end=""537"">Bite Instruments Dog Fleece Jacket</strong>. Designed with soft, breathable fleece, this pet coat provides superior warmth without restricting movement. The built-in <strong data-start=""660"" data-end=""687"">D-ring leash attachment</strong> makes it practical for daily walks, while the sleeveless design ensures easy wear and comfort.</p>\n<p data-start=""786"" data-end=""938"">Perfect for small and medium-sized dogs, this winter dog coat is lightweight, durable, and machine washable—making it a must-have for every pet owner.</p>\n<ul class=""a-unordered-list a-vertical a-spacing-mini"">\n<li class=""a-spacing-mini""><span class=""a-list-item"">❄️<strong> FOR SMALL DOGS OR CATS</strong> ❄️ Dog dress for small dogs girl boy is available in 4 sizes xxs, xs ,s, m , Dog jacket coat suitable for most dogs. Recommended for chihuahua / pomeranian / pugs / maltese / shih tzu puppy / poodle / mini dachshund / maltipoo / Boston terrier puppy / yorkie / toy poodle / french bulldog puppy / miniature poodle / min pin and so on. girl dog clothes,teacup dog clothes ,dog winter clothes, small dog clothes female.</span></li>\n<li class=""a-spacing-mini""><span class=""a-list-item"">❄️<strong> DOG HOODIES FOR SMALL DOGS</strong> ❄️ Dog Dress Hoodie Cut higher in the belly for easy potty breaks, pullover design makes it easy to put on and take off. Convenient to walk the dog.Dog sweaters for small dogs boy can be applied for both indoor and outdoor activities,girl dog winter outfits perfect has a warm effect.</span></li>\n<li class=""a-spacing-mini""><span class=""a-list-item"">❄️ <strong>DOG SWEATER</strong>  ❄️ Small dog dress made of fleece Fabric, soft &amp; warm. With tiny dog dog outfits keep your fur baby warm, during the cold weather. Toasty-warm and thermal soft fabric, perfect to stay warm in winter</span></li>\n<li class=""a-spacing-mini""><span class=""a-list-item"">❄️<strong> DOG WINTER COAT </strong>❄️ while the thick hood offers extra warmth to face and neck. chihuahua dresses can be applied for both indoor and outdoor activities, dog winter clothes perfect for a Halloween costume and Christmas present and gift, Perfect for daily wears and walks, parties, gatherings and photoshoot.</span></li>\n<li class=""a-spacing-mini"">\n<span class=""a-list-item"">❄️ <strong>SMALL DOG WINTER CLOTHES </strong>❄️ winter dog dresses for enjoyable walking. Cute and Fashion Style - plaid printed design and the soft color bring a cute look to this pet hoodie dress.</span><br>\n</li>\n</ul>\n<p data-start=""1312"" data-end=""1476"">Whether for a chilly walk, outdoor adventure, or cozy nights at home, this <strong data-start=""1387"" data-end=""1418"">Bite Instruments Dog Jacket</strong> is the ultimate blend of warmth, function, and fashion.</p>",,,taxable,,1,45.0,,0,0,,,,,1,,,"16,00",Pet Grooming Instruments > Pet Coat Kings,"Dog coat with leash ring, dog fleece jacket, Dog fleece vest, Dog winter clothing, Medium dog jacket, Outdoor dog jacket, pet care supplies, Pet fleece sweater, Pet warm clothing, Pet winter jacket, Puppy winter coat, Small dog jacket, Warm dog clothes, Winter dog coat",,"http://biteinstruments.com/wp-content/uploads/2025/10/smalldogjacket_1.jpg, http://biteinstruments.com/wp-content/uploads/2025/10/small_dog_jacket_2.jpg, http://biteinstruments.com/wp-content/uploads/2025/10/small_dog_jacket_3.jpg, http://biteinstruments.com/wp-content/uploads/2025/10/small_dog_jacket_4.jpg, http://biteinstruments.com/wp-content/uploads/2025/10/small_dog_jacket_5.jpg, http://biteinstruments.com/wp-content/uploads/2025/10/small_dog_jacket_6.jpg",,,,,,,,,0,,9012436828396.0,198.0,198.0,,,,,,,,,,,,,
919,simple,,,Dog Winter Jacket – Warm Fleece Pet Coat with Leash Ring | Bite Instruments,1,0,visible,,"<p data-start=""424"" data-end=""784"">Keep your furry friend warm, stylish, and comfortable this winter with the <strong data-start=""499"" data-end=""537"">Bite Instruments Dog Fleece Jacket</strong>. Designed with soft, breathable fleece, this pet coat provides superior warmth without restricting movement. The built-in <strong data-start=""660"" data-end=""687"">D-ring leash attachment</strong> makes it practical for daily walks, while the sleeveless design ensures easy wear and comfort.</p>\n<p data-start=""786"" data-end=""938"">Perfect for small and medium-sized dogs, this winter dog coat is lightweight, durable, and machine washable—making it a must-have for every pet owner.</p>\n<p data-start=""940"" data-end=""1310"">✅ <strong data-start=""942"" data-end=""973"">Soft &amp; Cozy Fleece Fabric –</strong> Keeps dogs warm during cold weather.<br data-start=""1010"" data-end=""1013"">✅ <strong data-start=""1015"" data-end=""1040"">Built-in Leash Ring –</strong> Easy to attach a leash without extra harness.<br data-start=""1086"" data-end=""1089"">✅ <strong data-start=""1091"" data-end=""1110"">Easy On &amp; Off –</strong> Sleeveless design for hassle-free wear.<br data-start=""1150"" data-end=""1153"">✅ <strong data-start=""1155"" data-end=""1185"">Lightweight &amp; Breathable –</strong> Comfortable for indoor &amp; outdoor use.<br data-start=""1223"" data-end=""1226"">✅ <strong data-start=""1228"" data-end=""1254"">Stylish &amp; Functional –</strong> Available in a modern design that fits all occasions.</p>\n<p data-start=""1312"" data-end=""1476"">Whether for a chilly walk, outdoor adventure, or cozy nights at home, this <strong data-start=""1387"" data-end=""1418"">Bite Instruments Dog Jacket</strong> is the ultimate blend of warmth, function, and fashion.</p>",,,taxable,,1,45.0,,0,0,,,,,1,,,"17,99",Pet Grooming Instruments > Pet Coat Kings,"Dog coat with leash ring, dog fleece jacket, Dog fleece vest, Dog winter clothing, Medium dog jacket, Outdoor dog jacket, pet care supplies, Pet fleece sweater, Pet warm clothing, Pet winter jacket, Puppy winter coat, Small dog jacket, Warm dog clothes, Winter dog coat",,"http://biteinstruments.com/wp-content/uploads/2025/10/dogcoat_1.jpg, http://biteinstruments.com/wp-content/uploads/2025/10/dog_coat_2.jpg, http://biteinstruments.com/wp-content/uploads/2025/10/dog_coat_3.jpg, http://biteinstruments.com/wp-content/uploads/2025/10/dog_coat_4.jpg, http://biteinstruments.com/wp-content/uploads/2025/10/dog_coat_5.jpg",,,,,,,,,0,,9012425785580.0,191.0,190.0,,,,,,,,,,,,,
1029,variable,8937741484268-gold-touch-professional-7-5-inch-dog-grooming-straight-shear-with-safety-round-tip,,Gold Touch Professional 7.5-inch Dog Grooming Straight Shear with Safety Round Tip,1,0,visible,,"<p data-sourcepos=""11:1-11:461"">Master precision grooming with the<strong> Premium 6.25"" Left Handed Professional Dog &amp; Cat Grooming Straight Shear</strong>. This exceptional <strong>beauty instrument</strong> is specifically designed for left-handed groomers, offering unparalleled comfort and control for professional-grade results. Crafted with high-quality materials and a sleek black finish, this straight shear is an indispensable tool for maintaining a well-groomed look for your furry clients or pets.</p>\n<ul data-sourcepos=""13:1-19:0"">\n<li data-sourcepos=""13:1-13:140"">\n<strong>Left-Handed Design:</strong> Ergonomically crafted to provide optimal comfort and control for left-handed professional groomers and pet owners.</li>\n<li data-sourcepos=""14:1-14:141"">\n<strong>Andis Premium Quality:</strong> From a trusted name in grooming, these shears deliver reliable, professional performance for consistent results.</li>\n<li data-sourcepos=""15:1-15:120"">\n<strong>6.25-inch Straight Shear:</strong> An ideal length for general trimming, shaping, and precision cuts on various coat types.</li>\n<li data-sourcepos=""16:1-16:154"">\n<strong>Sharp &amp; Durable Blades:</strong> Constructed for superior sharpness and long-lasting durability, ensuring smooth, clean cuts without snagging or pulling.</li>\n<li data-sourcepos=""17:1-17:130"">\n<strong>Sleek Black Finish:</strong> The stylish black handles provide a secure grip and a modern aesthetic, enhancing your grooming toolkit.</li>\n<li data-sourcepos=""18:1-19:0"">\n<strong>Versatile Pet Grooming:</strong> Perfect for use on both dogs and cats, allowing you to achieve a polished and well-maintained appearance.</li>\n</ul>\n<p data-sourcepos=""20:1-20:101"">Explore more high-quality <strong>bite instruments</strong> and professional grooming solutions in our collection.</p>",,,taxable,,1,,,0,0,,,,,1,,,,"Pet Grooming Instruments, Pet Grooming Instruments > Pet Straight Scissors","440C stainless steel scissors, 6.25 inch straight shear, 62 HRC hardness, 7.5 inch straight scissors, Andis left handed grooming scissors, anti-rust grooming, barber scissors, beauty instruments, Bite Instruments, black grooming scissors, blue iridescent shears, cat grooming shears, cat grooming supplies, corrosion resistant shears, dog grooming scissors, dog grooming straight shear, dog grooming supplies, dog hair cutting, durable grooming shears, durable pet shears, elegant grooming scissors, ergonomic pet shears, Fenice Peak dog grooming scissors, gift idea for pet lovers, gold touch grooming shears, hair cutting scissors, high precision pet scissors, high quality grooming, JP440C steel scissors, left hand shears, left handed cat grooming, left handed dog grooming, pet grooming gift, pet grooming scissors, pet hair cutting, pet styling tool, pet styling tools, professional grooming scissors, professional grooming supplies, professional grooming tools, professional pet shears, professional shears, professional straight scissors, rose gold grooming tools, salon quality pet grooming, Sharf pet grooming scissors, sharp dog scissors, sharp durable scissors, single grooming scissor, straight cutting scissors, straight grooming shear",,"http://biteinstruments.com/wp-content/uploads/2025/10/GoldTouch6.5InchStraightProfessionalDogGroomingShear.jpg, http://biteinstruments.com/wp-content/uploads/2025/10/DogGroomingShearwithSafetyRoundTip.jpg, http://biteinstruments.com/wp-content/uploads/2025/10/DogGroomingShearwithSafetyRoundTips.jpg, http://biteinstruments.com/wp-content/uploads/2025/10/DogGroomingScissor.jpg",,,,,,,,,0,,8937741484268.0,193.0,193.0,Style,"Left Handed, Right Handed",0.0,0.0,,,,,,,,,
1032,variable,8930002862316-gold-touch-professional-straight-pet-grooming-scissors-great-gift-idea-with-case,,Gold Touch Professional Straight Pet Grooming Scissors - Great Gift Idea with Case,1,0,visible,,"<p data-sourcepos=""11:1-11:360"">Presenting the <strong>Gold Touch Professional Straight Pet Grooming Scissors</strong>, an exquisite <strong>beauty instrument</strong> that combines precision grooming with sophisticated style. This single straight shear is an ideal choice for pet owners and groomers seeking a high-quality tool, and its elegant presentation makes it a ""Great Gift Idea!"" for any pet enthusiast.</p>\n<ul data-sourcepos=""13:1-19:0"">\n<li data-sourcepos=""13:1-13:148"">\n<strong>Professional Straight Shear:</strong> Designed for precise, clean cuts, perfect for general trimming, shaping, and finishing touches on your pet's fur.</li>\n<li data-sourcepos=""14:1-14:150"">\n<strong>Elegant Gold Touch Design:</strong> Features striking gold-colored finger rings and screw accents, adding a luxurious aesthetic to your grooming toolkit.</li>\n<li data-sourcepos=""15:1-15:169"">\n<strong>High-Quality Construction:</strong> Crafted with sharp, durable blades (likely stainless steel, implied by professional tools) for efficient and smooth cutting performance.</li>\n<li data-sourcepos=""16:1-16:133"">\n<strong>Ergonomic Comfort:</strong> Designed for a comfortable grip, ensuring stable control and reducing hand fatigue during grooming sessions.</li>\n<li data-sourcepos=""17:1-17:178"">\n<strong>Convenient Storage &amp; Gifting:</strong> Comes with a protective black case featuring red trim, making it easy to store and carry, and reinforcing its appeal as a thoughtful gift.</li>\n<li data-sourcepos=""18:1-19:0"">\n<strong>Versatile Pet Use:</strong> Suitable for grooming various pet breeds, including dogs and cats, ensuring a neat and polished appearance.</li>\n</ul>\n<p data-sourcepos=""20:1-20:117"">Explore more high-quality <strong>bite instruments</strong> and elevate your pet care routine with our premium grooming solutions.</p>",,,taxable,,1,,,0,0,,,,,1,,,,"Pet Grooming Instruments, Pet Grooming Instruments > Pet Straight Scissors","440C stainless steel scissors, 62 HRC hardness, 7.5 inch straight scissors, anti-rust grooming, barber scissors, beauty instruments, Bite Instruments, blue iridescent shears, cat grooming shears, corrosion resistant shears, dog grooming scissors, dog grooming straight shear, dog hair cutting, durable grooming shears, durable pet shears, elegant grooming scissors, Fenice Peak dog grooming scissors, gift idea for pet lovers, gold touch grooming shears, hair cutting scissors, high precision pet scissors, high quality grooming, JP440C steel scissors, pet grooming gift, pet grooming scissors, pet hair cutting, pet styling tool, pet styling tools, professional grooming scissors, professional grooming supplies, professional grooming tools, professional pet shears, professional shears, professional straight scissors, rose gold grooming tools, salon quality pet grooming, Sharf pet grooming scissors, sharp dog scissors, sharp durable scissors, single grooming scissor, straight cutting scissors",,"http://biteinstruments.com/wp-content/uploads/2025/10/straightscissorforpets.jpg, http://biteinstruments.com/wp-content/uploads/2025/10/StraightCatscissor.jpg, http://biteinstruments.com/wp-content/uploads/2025/10/StraightCat_DogGroomingScissors.jpg, http://biteinstruments.com/wp-content/uploads/2025/10/DogGroomingScissors_4428de4c-b2a0-45d6-b3a6-f6df71331e30.jpg, http://biteinstruments.com/wp-content/uploads/2025/10/440cJapaneseStainlessSteelPetDogShearingScissors.jpg, http://biteinstruments.com/wp-content/uploads/2025/10/GoldTouchPetGroomingShear.jpg",,,,,,,,,0,,8930002862316.0,198.0,198.0,Size,"7.5"", 8""",0.0,0.0,,,,,,,,,
1080,variable,8898142306540-left-handed-barber-scissors,,"Left-Handed Barber Scissors - Professional Japanese Steel Shears (6.5"") - Ergonomic Grip",1,0,visible,,"<h4>FINALLY, SCISSORS THAT *GET* LEFTIES ✂️</h4>\n<p>Designed for <strong>left-handed barbers</strong> who’ve struggled with right-handed tools. Precision-balanced for natural cutting angles.</p>\n\n<h5>LEFT-HANDED ADVANTAGES:</h5>\n<ul>\n  <li>✔ <strong>Reverse-Angled Blades</strong> – No more awkward wrist twists</li>\n  <li>✔ <strong>Wide Finger Rings</strong> – Fits comfortably for extended use</li>\n  <li>✔ <strong>Japanese 440C Steel</strong> – Stays sharp 5x longer than cheap shears</li>\n  <li>✔ Includes left-handed leather case</li>\n</ul>\n\n<h5>TECH SPECS:</h5>\n<ul>\n  <li>\n<strong>Blade:</strong> Convex edge (left-hand optimized)</li>\n  <li>\n<strong>Size:</strong> 6.5"" (165mm)</li>\n  <li>\n<strong>Weight:</strong> 0.28 lbs (lighter than standard shears)</li>\n  <li>\n<strong>Warranty:</strong> Lifetime on craftsmanship</li>\n</ul>\n\n<p>🏆 <em>Recommended by the International Association of Left-Handed Barbers</em> 🏆</p>",,,taxable,,1,,,0,0,,,,,1,,,,"Beauty Care Instruments > Barber Tools, Beauty Care Instruments, Pet Grooming Instruments > Blenders\, Chunkers & Thinning Scissors, Beauty Care Instruments > Barber Tools > Professional Hair Thinning Scissors","6 inch hair scissors, 7 inch thinning scissors, 7.5 inch hair scissors, adjustable hair scissors, ambidextrous shears, barber scissors, barber shears, barber tools for lefties, beauty school supplies, Bite Instruments, black barber scissors, black coated scissors, black hair scissors, black professional shears, blue hair scissors, blue thinning scissors, buy barber scissors online, buy hair scissors online, buy thinning scissors online, Ergonomic Barber Shears, ergonomic hair scissors, ergonomic thinning shears, grooming scissors, grooming tools, hair cutting shears, hair grooming, hair styling tools, hair texturizing shears, hair thinning scissors, hairdressing scissors, inclusive barbering, Japanese steel shears, left handed scissors, left-handed grooming, pink ring scissors, precise cutting, professional barber tools, professional hair cutting tools, professional hair scissors, professional hairdressing scissors, professional thinning shears, razor blade scissors, salon scissors, Sialkot scissors, stylish barber shears, top barber supplies",,http://biteinstruments.com/wp-content/uploads/2025/10/Left-HandedBarberStarterKit.png,,,,,,,,,0,,8898142306540.0,217.0,214.0,Size,"18cm to 7inches, 6.5",0.0,0.0,,,,,,,,,
1106,simple,BI-MINI-DETAIL-45,,"Mini Detail Scissors – 4.5"" Rounded Tip for Brows, Lashes & Microblading",1,0,visible,,"<p data-start=""584"" data-end=""644"" class=""""><strong data-start=""584"" data-end=""644"">💫 Mini Detail Scissors – For Precision Brow &amp; Lash Work</strong></p>\n<p data-start=""646"" data-end=""874"" class="""">Designed for beauty professionals, these compact scissors feature rounded tips for safety and fine-point accuracy. Whether you're trimming brows, cutting lash strips, or detailing microblading results, these are your go-to tool.</p>\n<p data-start=""876"" data-end=""892"" class=""""><strong data-start=""876"" data-end=""892"">🔑 Features:</strong></p>\n<ul data-start=""893"" data-end=""1193"">\n<li data-start=""893"" data-end=""953"" class="""">\n<p data-start=""895"" data-end=""953"" class="""">✂️ <strong data-start=""898"" data-end=""922"">Compact 4.5""–5"" Size</strong> – Ideal for close-up detailing</p>\n</li>\n<li data-start=""954"" data-end=""1018"" class="""">\n<p data-start=""956"" data-end=""1018"" class="""">🔘 <strong data-start=""959"" data-end=""982"">Rounded Safety Tips</strong> – Prevents accidental pokes or cuts</p>\n</li>\n<li data-start=""1019"" data-end=""1088"" class="""">\n<p data-start=""1021"" data-end=""1088"" class="""">🔍 <strong data-start=""1024"" data-end=""1056"">Sharp Stainless Steel Blades</strong> – Delivers precise, clean trims</p>\n</li>\n<li data-start=""1089"" data-end=""1138"" class="""">\n<p data-start=""1091"" data-end=""1138"" class="""">💄 <strong data-start=""1094"" data-end=""1138"">Perfect for Brows, Lashes &amp; Microblading</strong></p>\n</li>\n<li data-start=""1139"" data-end=""1193"" class="""">\n<p data-start=""1141"" data-end=""1193"" class="""">👩🎨 <strong data-start=""1147"" data-end=""1193"">Used by Lash Techs &amp; PMU Artists Worldwide</strong></p>\n</li>\n</ul>\n<p data-start=""1195"" data-end=""1252"" class="""">A staple for lash bars, salons, and microblading studios.</p>",,,taxable,,1,200.0,,0,0,0.15,,,,1,,"14,99","24,00","Beauty Care Instruments, Beauty Instruments Kits, Pet Grooming Instruments > Blenders\, Chunkers & Thinning Scissors, Beauty Care Instruments > Eyebrow Beauty Tools > Eyebrow Scissors, Beauty Instruments Kits > Eyelash & Eyebrow Tweezer Set, Beauty Care Instruments > Eyelash Beauty Tools > Eyelash Scissors","4.5 inch scissors, Bite Instruments, brow scissors, detail scissors, lash tools, microblading, mini scissors",,"http://biteinstruments.com/wp-content/uploads/2025/10/4.5inchscissorswithroundedtip.jpg, http://biteinstruments.com/wp-content/uploads/2025/10/Minidetailscissorsforbrowsandlashes.jpg, http://biteinstruments.com/wp-content/uploads/2025/10/MiniDetailScissors.jpg",,,,,,,,,0,,8898154889452.0,198.0,198.0,,,,,,,,,,,,,
1114,simple,,,"Multifunctional 6 in 1 Dog Grooming kit,cat grooming kit, dog grooming scissors, Stainless Steel Grooming Kit with Titanium Coating for Dogs and Cats.",1,0,visible,,"<p data-sourcepos=""11:1-11:497"">Give your beloved pet a professional and comfortable grooming experience with the <strong>BITE Multifunctional 6-in-1 Dog Grooming Kit</strong>. This comprehensive set of essential <strong>beauty instruments</strong> provides all the tools you need for a complete grooming session at home, ensuring your furry friend looks and feels their absolute best. Crafted from high-quality stainless steel and designed for precision and durability, this kit is perfect for maintaining your pet's coat, nails, and overall hygiene.</p>\n<ul data-sourcepos=""13:1-19:0"">\n<li data-sourcepos=""13:1-13:249"">\n<strong>Complete 6-in-1 Kit:</strong> Includes a versatile set of three stainless steel grooming scissors (straight, thinning, and detail/curved scissors), a durable grooming comb, powerful nail clippers, and a nail file, covering all essential grooming tasks.</li>\n<li data-sourcepos=""14:1-14:178"">\n<strong>Premium Stainless Steel Tools:</strong> All metal instruments are made from high-grade, rust-resistant stainless steel for long-lasting sharpness, hygiene, and reliable performance.</li>\n<li data-sourcepos=""15:1-15:137"">\n<strong>Safety Round Tip Scissors:</strong> Designed with safety in mind, ideal for delicate areas and minimizing the risk of nicks during grooming.</li>\n<li data-sourcepos=""16:1-16:182"">\n<strong>Ergonomic Design &amp; Red Accents:</strong> Features comfortable handles with vibrant red accents on the scissors, clippers, and file, ensuring a secure grip and reducing hand fatigue.</li>\n<li data-sourcepos=""17:1-17:136"">\n<strong>All-in-One Pet Care:</strong> Perfect for trimming, thinning, nail clipping, and combing, making it suitable for all breeds and coat types.</li>\n<li data-sourcepos=""18:1-19:0"">\n<strong>Convenient Storage Case:</strong> All tools come neatly organized in a durable, zippered black case for easy storage, protection, and portability.</li>\n</ul>\n<p data-sourcepos=""20:1-20:153"">Invest in this essential collection of <strong>bite instruments</strong> for pet care and achieve professional-quality grooming results from the comfort of your home!</p>",,,taxable,,1,45.0,,0,0,,,,,1,,,"29,45","Pet Grooming Instruments, Pet Grooming Kits","4CR stainless steel scissors, 5-in-1 dog shears, 5-in-1 pet grooming kit, 6-in-1 dog shears, 6-in-1 pet grooming kit, 7 inch dog shears, all-in-one pet groomer, Artecare dog grooming kit, beauty instruments, Bite Instruments, black dog shears, black grooming set, black grooming shears, black grooming tools, black titanium scissors, blue accent scissors, cat grooming scissors, cat grooming supplies, complete pet grooming, comprehensive dog grooming, comprehensive dog kit, curved dog grooming scissors, curved dog scissors, curved thinning straight shears, detail grooming scissors, dog comb, dog grooming comb, dog grooming scissors, dog grooming supplies, dog nail care, dog nail clippers, dog nail file, dog scissors set, dog shears, dog thinning shears, durable dog grooming kit, durable dog scissors, durable pet shears, durable pet tools, Freewindo dog grooming kit, GEMEK dog grooming scissors, Gimars dog grooming scissors, grooming instruments, grooming shears, grooming shears kit, home dog grooming, home pet grooming, multifunctional pet grooming set, nail clipper for dogs, pet beauty instruments, pet beauty tools, pet care supplies, pet care tools, pet grooming comb, pet grooming kit, pet grooming set, pet grooming supplies, pet hair clippers, pet hair cutting kit, premium dog grooming, professional dog grooming, professional dog grooming set, professional dog shears, professional grooming instruments, professional grooming tools, professional pet grooming kit, professional pet grooming set, razor-sharp dog grooming scissors, red accent grooming kit, safety grooming scissors, safety tip dog scissors, safety tip scissors, salon quality pet grooming, sleek pet shears, small medium large dog grooming, stainless steel dog scissors, stainless steel grooming kit, stainless steel grooming tools, stainless steel scissors, straight dog scissors, straight grooming scissors, straight thinning curved scissors, thinning shears, titanium coated dog scissors, titanium coated scissors, titanium pet scissors",,"http://biteinstruments.com/wp-content/uploads/2025/10/Multifunctional6in1DogGroomingkit.jpg, http://biteinstruments.com/wp-content/uploads/2025/10/StainlessSteelGroomingKit.jpg, http://biteinstruments.com/wp-content/uploads/2025/10/catgroomingkit.jpg, http://biteinstruments.com/wp-content/uploads/2025/10/doggroomingscissors.jpg, http://biteinstruments.com/wp-content/uploads/2025/10/dognailclipper.jpg, http://biteinstruments.com/wp-content/uploads/2025/10/itaniumCoatingforDogsandCats.jpg, http://biteinstruments.com/wp-content/uploads/2025/10/StainlessSteelGroomingKitwithTitanium.jpg",,,,,,,,,0,,8920404885740.0,205.0,204.0,,,,,,,,,,,,,
1123,variable,8965742133484-professional-pet-grooming-scissor-kit-7-piece-handmade-set-dog-cat-grooming-bite-instruments-sialkot-edition,,Pet Grooming Scissor Kit – 7-Piece Handmade Set | Dog & Cat Grooming | Bite Instruments,1,0,visible,,"<p>Give your furry friend the grooming experience they deserve with our <strong data-start=""482"" data-end=""551"">7-Piece Professional Pet Grooming Scissor Kit by Bite Instruments</strong>. Handmade in <strong data-start=""565"" data-end=""586"">Sialkot, Pakistan</strong> — the global leader in precision tool craftsmanship — this kit is designed for <strong data-start=""666"" data-end=""700"">vets, groomers, and pet owners</strong> who demand top-tier quality, safety, and performance.</p>\n<p>💼 <strong data-start=""759"" data-end=""776"">Kit Includes:</strong></p>\n<ul data-start=""777"" data-end=""1004"">\n<li data-start=""777"" data-end=""855"">✂️ 4 x Professional Grooming Scissors (Straight, Curved, Thinning, Chunking)</li>\n<li data-start=""856"" data-end=""899"">🦴 2 x Premium Thinning/Blending Shears</li>\n<li data-start=""900"" data-end=""939"">🖤 1 x High-Precision Grooming Comb</li>\n<li data-start=""940"" data-end=""1004"">🧳 1 x Luxurious Red Carrying Case with Secure Elastic Holders</li>\n</ul>\n<p>🐶 <strong data-start=""1009"" data-end=""1034"">Perfect for All Pets:</strong><br>Whether you're grooming <strong data-start=""1059"" data-end=""1091"">dogs, cats, or small animals</strong>, this set ensures smooth, snag-free trimming without pulling your pet’s coat. Each scissor is <strong data-start=""1186"" data-end=""1236"">lightweight, sharp, and ergonomically designed</strong> for long grooming sessions.</p>\n<p>🛡️ <strong data-start=""1270"" data-end=""1295"">Why Bite Instruments?</strong></p>\n<ul data-start=""1296"" data-end=""1585"">\n<li data-start=""1296"" data-end=""1350"">🔧 <strong data-start=""1301"" data-end=""1326"">Hand-sharpened blades</strong> for precision cutting</li>\n<li data-start=""1351"" data-end=""1420"">🌍 <strong data-start=""1356"" data-end=""1385"">Made in Sialkot, Pakistan</strong> – world-renowned for steel tools</li>\n<li data-start=""1421"" data-end=""1471"">🧼 Hygienic, rust-resistant, and easy to clean</li>\n<li data-start=""1472"" data-end=""1530"">💯 Trusted by professionals across Bahrain and the GCC</li>\n<li data-start=""1531"" data-end=""1585"">🐾 Great for thick, curly, straight, or fine coats</li>\n</ul>\n<p>📦 <strong data-start=""1590"" data-end=""1611"">Order yours today</strong> and give your pets the care they deserve — the professional way.</p>",,,taxable,,1,,,0,0,,,,,1,,,,"Pet Grooming Instruments, Pet Grooming Kits","4-in-1 grooming set, 4CR stainless steel scissors, 5-in-1 dog shears, 5-in-1 grooming kit, 5-in-1 pet grooming kit, 6-in-1 dog shears, 6-in-1 pet grooming kit, 7 inch dog shears, 7 inch pet shears, all-in-one pet groomer, Artecare dog grooming kit, beauty instruments, Bite Instruments, black and gold dog grooming, black and gold grooming scissors, black dog shears, black grooming set, black grooming shears, black grooming tools, black titanium scissors, blue accent scissors, cat grooming scissors, cat grooming supplies, Citywish pet grooming kit, comfortable grooming tools, complete pet grooming, comprehensive dog grooming, comprehensive dog kit, curved dog grooming scissors, curved dog scissors, curved grooming scissors, curved thinning straight shears, detail grooming scissors, dog comb, dog grooming comb, dog grooming scissors, dog grooming supplies, dog hair cutting kit, dog nail care, dog nail clippers, dog nail file, dog scissors set, dog shears, dog thinning shears, down curved scissors, durable dog grooming kit, durable dog scissors, durable pet shears, durable pet tools, Freewindo dog grooming kit, GEMEK dog grooming scissors, Gimars dog grooming scissors, gold dog grooming scissors, grooming instruments, grooming shears, grooming shears kit, home dog grooming, home pet grooming, JASON dog grooming scissors, luxurious grooming kit, luxurious pet grooming, multifunctional pet grooming set, nail clipper for dogs, paint coated shears, patterned blade scissors, pet beauty instruments, pet beauty tools, pet care supplies, pet care tools, pet grooming comb, pet grooming kit, pet grooming set, pet grooming supplies, pet hair clippers, pet hair cutting kit, pet styling kit, premium dog grooming, professional dog grooming, professional dog grooming set, professional dog shears, professional grooming instruments, professional grooming supplies, professional grooming tools, professional pet grooming kit, professional pet grooming set, professional pet shears, professional pet tools, razor-sharp dog grooming scissors, red accent grooming kit, safety grooming scissors, safety tip dog scissors, safety tip scissors, salon quality pet grooming, sharp dog scissors, sleek pet shears, small medium large dog grooming, stainless steel dog scissors, stainless steel grooming kit, stainless steel grooming tools, stainless steel pet shears, stainless steel scissors, straight dog scissors, straight grooming scissors, straight thinning curved scissors, thinning scissors, thinning shears, titanium coated dog scissors, titanium coated scissors, titanium pet scissors, up curved scissors",,"http://biteinstruments.com/wp-content/uploads/2025/10/2BED065A-2BB0-4D62-8325-27C25BB33EF4-scaled.jpg, http://biteinstruments.com/wp-content/uploads/2025/10/855D13CF-BA99-4BB8-87B4-CD8F2E142F41-scaled.jpg, http://biteinstruments.com/wp-content/uploads/2025/10/FFE57CF4-C625-4CB7-8C77-A5ECFBBA260D-scaled.jpg, http://biteinstruments.com/wp-content/uploads/2025/10/E8BAA388-4A60-4D29-90CD-6B8B73C58B05-scaled.jpg, http://biteinstruments.com/wp-content/uploads/2025/10/B0958AF3-E852-4395-A2E4-BCAC2671CD38-scaled.jpg, http://biteinstruments.com/wp-content/uploads/2025/10/91C50D6C-E8EF-411D-BAB4-0441E6AE609D-scaled.jpg, http://biteinstruments.com/wp-content/uploads/2025/10/AD102264-4E53-4945-8FD5-21E43E8B5BFC-scaled.jpg, http://biteinstruments.com/wp-content/uploads/2025/10/EB97BC41-DA15-4870-9543-3A046E1B0B73-scaled.jpg, http://biteinstruments.com/wp-content/uploads/2025/10/569D9FAE-1516-4D91-B132-B5996165E95D-scaled.jpg, http://biteinstruments.com/wp-content/uploads/2025/10/519971BC-81CB-4ABC-8173-82D47EA8D8C9-scaled.jpg, http://biteinstruments.com/wp-content/uploads/2025/10/431198C5-A0D6-49A2-B07F-50EEE128E50F-scaled.jpg, http://biteinstruments.com/wp-content/uploads/2025/10/3D7A1736-D859-4F84-9F56-652C58ECAC93-scaled.jpg, http://biteinstruments.com/wp-content/uploads/2025/10/B54C2654-EE7D-4704-931D-CD61A29B27E3-scaled.jpg, http://biteinstruments.com/wp-content/uploads/2025/10/2807BDF3-B1F7-4A71-B635-E1E8CBB15313-scaled.jpg, http://biteinstruments.com/wp-content/uploads/2025/10/BE2BF24D-8252-4069-AEF5-867FEE00FF13-scaled.jpg",,,,,,,,,0,,8965742133484.0,213.0,212.0,Color,"Gold, Black, Silver, Rainbow",0.0,0.0,,,,,,,,,
1128,simple,,,Pet Grooming Scissors - Safe Body & Facial Trimmer with Blunt Tips (2-Pack for Dogs & Cats),1,0,visible,,"<p data-sourcepos=""11:1-11:445"">Ensure your pet's comfort and safety during grooming with the <strong>BITE Pet Grooming Scissors Body &amp; Facial Trimmer</strong>. This essential 2-pack of <strong>beauty instruments</strong> is specifically designed for safely trimming hair around delicate areas, such as the face, ears, paws, and body. Featuring rounded blunt tips and comfortable plastic handles, these scissors make precise grooming easy and stress-free for both you and your furry friend.</p>\n<ul data-sourcepos=""13:1-19:0"">\n<li data-sourcepos=""13:1-13:168"">\n<strong>Safety First Design:</strong> Equipped with rounded, blunt tips to prevent accidental pokes or cuts, making them ideal for sensitive areas around the eyes, nose, and paws.</li>\n<li data-sourcepos=""14:1-14:145"">\n<strong>Precision Trimming:</strong> Sharp stainless steel blades ensure clean, efficient cuts for tidying up small unruly hairs and creating a neat finish.</li>\n<li data-sourcepos=""15:1-15:162"">\n<strong>Ergonomic Plastic Handles:</strong> Lightweight and durable black plastic handles provide a comfortable and secure grip, allowing for stable and controlled grooming.</li>\n<li data-sourcepos=""16:1-16:131"">\n<strong>Versatile Use:</strong> Perfect for body, facial, and paw grooming on both dogs and cats, ensuring all your pets look well-maintained.</li>\n<li data-sourcepos=""17:1-17:156"">\n<strong>2-Pack Convenience:</strong> Receive two identical pairs of these high-quality grooming scissors, providing a spare or allowing for multiple grooming stations.</li>\n<li data-sourcepos=""18:1-19:0"">\n<strong>Essential Home Grooming Tool:</strong> A must-have addition to your pet care arsenal for maintaining hygiene and a polished appearance between professional grooming appointments.</li>\n</ul>\n<p data-sourcepos=""20:1-20:104"">Discover more safe and effective <strong>bite instruments</strong> for all your pet grooming needs in our collection.</p>",,,taxable,,1,45.0,,0,0,,,,,1,,,"12,45","Pet Grooming Instruments, Pet Grooming Kits","4-in-1 grooming set, 4CR stainless steel scissors, 5-in-1 dog shears, 5-in-1 grooming kit, 5-in-1 pet grooming kit, 6-in-1 dog shears, 6-in-1 pet grooming kit, 7 inch dog shears, 7 inch pet shears, all-in-one pet groomer, Artecare dog grooming kit, beauty instruments, Bite Instruments, black and gold dog grooming, black and gold grooming scissors, black dog shears, black grooming set, black grooming shears, black grooming tools, black titanium scissors, blue accent scissors, blunt tip scissors, cat facial trimmer, cat grooming scissors, cat grooming supplies, Citywish pet grooming kit, comfortable grooming tools, complete pet grooming, comprehensive dog grooming, comprehensive dog kit, curved dog grooming scissors, curved dog scissors, curved grooming scissors, curved thinning straight shears, detail grooming scissors, dog comb, dog facial trimmer, dog grooming comb, dog grooming scissors, dog grooming supplies, dog hair cutting kit, dog nail care, dog nail clippers, dog nail file, dog scissors set, dog shears, dog thinning shears, down curved scissors, durable dog grooming kit, durable dog scissors, durable pet shears, durable pet tools, ear hair scissors, Freewindo dog grooming kit, GEMEK dog grooming scissors, Gimars dog grooming scissors, gold dog grooming scissors, grooming instruments, grooming shears, grooming shears kit, home dog grooming, home grooming, home pet grooming, JASON dog grooming scissors, luxurious grooming kit, luxurious pet grooming, multifunctional pet grooming set, nail clipper for dogs, paint coated shears, patterned blade scissors, paw trimming scissors, pet beauty instruments, pet beauty tools, pet body trimmer, pet care supplies, pet care tools, pet grooming comb, pet grooming kit, pet grooming scissors, pet grooming set, pet grooming supplies, pet hair clippers, pet hair cutting kit, pet safety scissors, pet styling kit, Pets First scissors, plastic handle scissors, premium dog grooming, professional dog grooming, professional dog grooming set, professional dog shears, professional grooming instruments, professional grooming supplies, professional grooming tools, professional pet grooming kit, professional pet grooming set, professional pet shears, professional pet tools, razor-sharp dog grooming scissors, red accent grooming kit, safe grooming scissors, safety grooming scissors, safety tip dog scissors, safety tip scissors, salon quality pet grooming, sharp dog scissors, sleek pet shears, small medium large dog grooming, small pet scissors, stainless steel dog scissors, stainless steel grooming kit, stainless steel grooming tools, stainless steel pet scissors, stainless steel pet shears, stainless steel scissors, straight dog scissors, straight grooming scissors, straight thinning curved scissors, thinning scissors, thinning shears, titanium coated dog scissors, titanium coated scissors, titanium pet scissors, up curved scissors",,"http://biteinstruments.com/wp-content/uploads/2025/10/PetGroomingScissorsBody_FacialTrimmer.jpg, http://biteinstruments.com/wp-content/uploads/2025/10/Body_FacialTrimmer.jpg, http://biteinstruments.com/wp-content/uploads/2025/10/RoundedTipsShears.jpg, http://biteinstruments.com/wp-content/uploads/2025/10/FacialTrimmer.jpg, http://biteinstruments.com/wp-content/uploads/2025/10/PetGroomingScissor_8fc19d17-21f9-4e3b-aafc-76651c8fe363.jpg, http://biteinstruments.com/wp-content/uploads/2025/10/DurableStainlessSteelBlades.jpg",,,,,,,,,0,,8927260803308.0,205.0,203.0,,,,,,,,,,,,,
1129,simple,,,Pet Grooming Scissors Body & Facial Trimmer Stainless Steel Rounded Tips Shears,1,0,visible,,"<p>Achieve salon-quality grooming at home or in your pet salon with the <strong data-end=""493"" data-start=""449"">Bite Instruments Premium Straight Shears</strong>. Designed for <strong data-end=""545"" data-start=""508"">professional dog and cat grooming</strong>, these right-handed shears deliver precision, comfort, and control for both fine detailing and full grooming sessions.</p>\n<p>Crafted from <strong data-end=""713"" data-start=""681"">high-quality stainless steel</strong>, these shears feature ultra-sharp blades for smooth, clean cuts without pulling or snagging your pet’s fur. The ergonomic handle ensures comfort during long grooming sessions, making them ideal for professional groomers and pet owners alike.</p>\n<p>✨ Features &amp; Benefits:</p>\n<ul data-end=""1470"" data-start=""988"">\n<li class=""a-spacing-mini""><span class=""a-list-item""><strong>✂</strong> <strong>COMPLETE TRIMMING KIT PET SCISSORS -</strong> Our Dog Scissors set comes with 1 pair of long dog scissors for trimming body fur, and 1 pair of small dog scissors for doing intricate work on delicate areas such as the face, ear, eye, nose and Paw.</span></li>\n<li class=""a-spacing-mini""><span class=""a-list-item""><strong>✂ SHARP &amp; DURABLE THINNING SCISSORS - </strong>Our professional Pet Thinning Shears feature premium quality stainless steel blades that easily cut through even the most matted furs. Each pair is strong and built to last. - Pets First is ready to take-on the competition &amp; provide the best Pet Scissors!</span></li>\n<li class=""a-spacing-mini""><span class=""a-list-item""><strong>✂ LIGHTWEIGHT &amp; COMFORTABLE -</strong> These DOG SHEARS are specially designed with an easy-grip handle so you can do facial trimming and REACH sensitive areas without straining your wrist or palm. Make GROOMING AT HOME EASY!</span></li>\n<li class=""a-spacing-mini""><span class=""a-list-item""><strong>✂ SAFE TRIMMING SCISSORS FOR PETS -</strong> Never again accidentally poke your pet’s skin. Our trimming and Dog grooming scissors have round blunt tips so you do not injure or hurt your furry friend while grooming them. Easy Choice!</span></li>\n<li class=""a-spacing-mini""><span class=""a-list-item""><strong>✂ DOG &amp; CAT HAIR CUTTING SCISSORS FOR ALL TYPES OF HAIR - </strong>Ensure a clean cut every time you groom your Shih Tzu, Yorkie, Sphynx or Siamese. Our scissors work on any type of coat, regardless of whether it is thick, wiry or curly. ADD TO CART NOW!</span></li>\n<li class=""a-spacing-mini"">\n<span class=""a-list-item"">I<strong>ncluded Components</strong>: 2 Pet Scissors</span><br>\n</li>\n</ul>\n<p>Upgrade your hairstyling tools with these professional-grade barber scissors.</p>",,,taxable,,1,34.0,,0,0,,,,,1,,,"8,99","Pet Grooming Instruments, Pet Grooming Instruments > Pet Straight Scissors","440C stainless steel scissors, 6.25 inch straight shear, 62 HRC hardness, 7.5 inch straight scissors, Andis left handed grooming scissors, anti-rust grooming, barber scissors, barber scissors for women, beauty instruments, Bite Instruments, black grooming scissors, blue iridescent shears, cat grooming shears, cat grooming supplies, corrosion resistant shears, dog grooming scissors, dog grooming straight shear, dog grooming supplies, dog hair cutting, durable grooming shears, durable pet shears, elegant grooming scissors, ergonomic pet shears, Fenice Peak dog grooming scissors, gift idea for pet lovers, gold touch grooming shears, hair cutting scissors, high precision pet scissors, high quality grooming, home haircut scissors, JP440C steel scissors, left hand shears, left handed cat grooming, left handed dog grooming, pet grooming gift, pet grooming scissors, pet hair cutting, pet styling tool, pet styling tools, professional grooming scissors, professional grooming supplies, professional grooming tools, professional pet shears, professional shears, professional straight scissors, rose gold grooming tools, salon quality pet grooming, Sharf pet grooming scissors, sharp dog scissors, sharp durable scissors, single grooming scissor, straight cutting scissors, straight grooming shear",,"http://biteinstruments.com/wp-content/uploads/2025/10/pethairgroomingscissors_1.jpg, http://biteinstruments.com/wp-content/uploads/2025/10/pet_hair_grooming_scissors_3.jpg, http://biteinstruments.com/wp-content/uploads/2025/10/pet_hair_grooming_scissors_4.jpg, http://biteinstruments.com/wp-content/uploads/2025/10/pet_hair_grooming_scissors_5.jpg, http://biteinstruments.com/wp-content/uploads/2025/10/pet_hair_grooming_scissors_6.jpg, http://biteinstruments.com/wp-content/uploads/2025/10/pet_hair_grooming_scissors_2.jpg",,,,,,,,,0,,9008009773292.0,201.0,201.0,,,,,,,,,,,,,
1130,simple,,,Pet Grooming Scissors Kit – Professional Dog & Cat Hair Cutting Tools | Bite Instruments,1,0,visible,,"<p><strong data-start=""527"" data-end=""573"">Groom Like a Pro with Bite Instruments ✨</strong></p>\n<p>Give your pets the salon treatment they deserve! The <strong data-start=""630"" data-end=""667"">Bite Instruments Pet Grooming Kit</strong> is designed for both <strong data-start=""689"" data-end=""714"">professional groomers</strong> and <strong data-start=""719"" data-end=""734"">pet parents</strong> who want to keep their furry friends looking fresh, clean, and stylish</p>\n<p data-start=""650"" data-end=""1007"">✂️ <strong data-start=""653"" data-end=""674"">Straight Scissors</strong> – perfect for general trimming.<br data-start=""706"" data-end=""709"">✂️ <strong data-start=""712"" data-end=""731"">Curved Scissors</strong> – ideal for precise cuts around face, ears, and paws.<br data-start=""785"" data-end=""788"">✂️ <strong data-start=""791"" data-end=""810"">Thinning Shears</strong> – blend and thin fur for a natural look.<br data-start=""851"" data-end=""854"">🐾 <strong data-start=""857"" data-end=""881"">Stainless Steel Comb</strong> – detangles knots and smooths fur before trimming.<br data-start=""932"" data-end=""935"">👜 <strong data-start=""938"" data-end=""957"">Protective Case</strong> – keeps tools safe, clean, and travel-friendly.</p>\n<p data-start=""1009"" data-end=""1177"">Made with <strong data-start=""1019"" data-end=""1046"">premium stainless steel</strong>, ergonomic handles, and safety tips, these grooming tools provide sharp, clean cuts while keeping your pet safe and comfortable.</p>\n<p>💎 Features &amp; Benefits:</p>\n<ul data-start=""1214"" data-end=""1524"">\n<li data-start=""1214"" data-end=""1281"">Sharp <strong data-start=""1222"" data-end=""1256"">premium stainless steel blades</strong> for smooth, clean cuts</li>\n<li data-start=""1282"" data-end=""1346"">Ergonomic design with <strong data-start=""1306"" data-end=""1322"">finger rests</strong> for comfort &amp; control</li>\n<li data-start=""1347"" data-end=""1408"">\n<strong data-start=""1349"" data-end=""1365"">Rounded tips</strong> for safe grooming around sensitive areas</li>\n<li data-start=""1409"" data-end=""1479"">Durable &amp; long-lasting tools trusted by <strong data-start=""1451"" data-end=""1477"">pet groomers worldwide</strong>\n</li>\n<li data-start=""1480"" data-end=""1524"">Ideal for <strong data-start=""1492"" data-end=""1522"">dogs, cats, and small pets</strong>\n</li>\n</ul>\n<p>🎁 Perfect for at-home grooming or professional salon use!</p>",,,taxable,,1,45.0,,0,0,,,,,1,,,"25,00","Pet Grooming Instruments, Pet Grooming Kits","4-in-1 grooming set, 4CR stainless steel scissors, 5-in-1 dog shears, 5-in-1 grooming kit, 5-in-1 pet grooming kit, 6-in-1 dog shears, 6-in-1 pet grooming kit, 7 inch dog shears, 7 inch pet shears, all-in-one pet groomer, Artecare dog grooming kit, beauty instruments, Bite Instruments, black and gold dog grooming, black and gold grooming scissors, black dog shears, black grooming set, black grooming shears, black grooming tools, black titanium scissors, blue accent scissors, cat grooming scissors, cat grooming supplies, Citywish pet grooming kit, comfortable grooming tools, complete pet grooming, comprehensive dog grooming, comprehensive dog kit, curved dog grooming scissors, curved dog scissors, curved grooming scissors, curved thinning straight shears, detail grooming scissors, dog comb, dog grooming comb, dog grooming scissors, dog grooming supplies, dog hair cutting kit, dog nail care, dog nail clippers, dog nail file, dog scissors set, dog shears, dog thinning shears, down curved scissors, durable dog grooming kit, durable dog scissors, durable pet shears, durable pet tools, Freewindo dog grooming kit, GEMEK dog grooming scissors, Gimars dog grooming scissors, gold dog grooming scissors, grooming instruments, grooming shears, grooming shears kit, home dog grooming, home pet grooming, JASON dog grooming scissors, luxurious grooming kit, luxurious pet grooming, multifunctional pet grooming set, nail clipper for dogs, paint coated shears, patterned blade scissors, pet beauty instruments, pet beauty tools, pet care supplies, pet care tools, pet grooming comb, pet grooming kit, pet grooming set, pet grooming supplies, pet hair clippers, pet hair cutting kit, pet styling kit, premium dog grooming, professional dog grooming, professional dog grooming set, professional dog shears, professional grooming instruments, professional grooming supplies, professional grooming tools, professional pet grooming kit, professional pet grooming set, professional pet shears, professional pet tools, razor-sharp dog grooming scissors, red accent grooming kit, safety grooming scissors, safety tip dog scissors, safety tip scissors, salon quality pet grooming, sharp dog scissors, sleek pet shears, small medium large dog grooming, stainless steel dog scissors, stainless steel grooming kit, stainless steel grooming tools, stainless steel pet shears, stainless steel scissors, straight dog scissors, straight grooming scissors, straight thinning curved scissors, thinning scissors, thinning shears, titanium coated dog scissors, titanium coated scissors, titanium pet scissors, up curved scissors",,"http://biteinstruments.com/wp-content/uploads/2025/10/petgroomingtoos_1_1.jpg, http://biteinstruments.com/wp-content/uploads/2025/10/pet_grooming_toos_2.jpg, http://biteinstruments.com/wp-content/uploads/2025/10/pet_grooming_toos_4.jpg, http://biteinstruments.com/wp-content/uploads/2025/10/pet_grooming_toos_3.jpg, http://biteinstruments.com/wp-content/uploads/2025/10/pet_grooming_toos_5.jpg, http://biteinstruments.com/wp-content/uploads/2025/10/pet_grooming_toos_6.jpg, http://biteinstruments.com/wp-content/uploads/2025/10/pet_grooming_toos_7.jpg",,,,,,,,,0,,9024514818284.0,190.0,190.0,,,,,,,,,,,,,
1131,simple,,,Pet Grooming Scissors Kit – Professional Dog & Cat Hair Cutting Tools | Bite Instruments,1,0,visible,,"<p><strong data-start=""527"" data-end=""573"">Groom Like a Pro with Bite Instruments ✨</strong></p>\n<p>Give your pets the salon treatment they deserve! The <strong data-start=""630"" data-end=""667"">Bite Instruments Pet Grooming Kit</strong> is designed for both <strong data-start=""689"" data-end=""714"">professional groomers</strong> and <strong data-start=""719"" data-end=""734"">pet parents</strong> who want to keep their furry friends looking fresh, clean, and stylish</p>\n<p data-start=""650"" data-end=""1007"">✂️ <strong data-start=""653"" data-end=""674"">Straight Scissors</strong> – perfect for general trimming.<br data-start=""706"" data-end=""709"">✂️ <strong data-start=""712"" data-end=""731"">Curved Scissors</strong> – ideal for precise cuts around face, ears, and paws.<br data-start=""785"" data-end=""788"">✂️ <strong data-start=""791"" data-end=""810"">Thinning Shears</strong> – blend and thin fur for a natural look.<br data-start=""851"" data-end=""854"">🐾 <strong data-start=""857"" data-end=""881"">Stainless Steel Comb</strong> – detangles knots and smooths fur before trimming.<br data-start=""932"" data-end=""935"">👜 <strong data-start=""938"" data-end=""957"">Protective Case</strong> – keeps tools safe, clean, and travel-friendly.</p>\n<p data-start=""1009"" data-end=""1177"">Made with <strong data-start=""1019"" data-end=""1046"">premium stainless steel</strong>, ergonomic handles, and safety tips, these grooming tools provide sharp, clean cuts while keeping your pet safe and comfortable.</p>\n<p>💎 Features &amp; Benefits:</p>\n<ul data-start=""1214"" data-end=""1524"">\n<li data-start=""1214"" data-end=""1281"">Sharp <strong data-start=""1222"" data-end=""1256"">premium stainless steel blades</strong> for smooth, clean cuts</li>\n<li data-start=""1282"" data-end=""1346"">Ergonomic design with <strong data-start=""1306"" data-end=""1322"">finger rests</strong> for comfort &amp; control</li>\n<li data-start=""1347"" data-end=""1408"">\n<strong data-start=""1349"" data-end=""1365"">Rounded tips</strong> for safe grooming around sensitive areas</li>\n<li data-start=""1409"" data-end=""1479"">Durable &amp; long-lasting tools trusted by <strong data-start=""1451"" data-end=""1477"">pet groomers worldwide</strong>\n</li>\n<li data-start=""1480"" data-end=""1524"">Ideal for <strong data-start=""1492"" data-end=""1522"">dogs, cats, and small pets</strong>\n</li>\n</ul>\n<p>🎁 Perfect for at-home grooming or professional salon use!</p>",,,taxable,,1,45.0,,0,0,,,,,1,,,"38,50","Pet Grooming Instruments, Pet Grooming Kits","4-in-1 grooming set, 4CR stainless steel scissors, 5-in-1 dog shears, 5-in-1 grooming kit, 5-in-1 pet grooming kit, 6-in-1 dog shears, 6-in-1 pet grooming kit, 7 inch dog shears, 7 inch pet shears, all-in-one pet groomer, Artecare dog grooming kit, beauty instruments, Bite Instruments, black and gold dog grooming, black and gold grooming scissors, black dog shears, black grooming set, black grooming shears, black grooming tools, black titanium scissors, blue accent scissors, cat grooming scissors, cat grooming supplies, Citywish pet grooming kit, comfortable grooming tools, complete pet grooming, comprehensive dog grooming, comprehensive dog kit, curved dog grooming scissors, curved dog scissors, curved grooming scissors, curved thinning straight shears, detail grooming scissors, dog comb, dog grooming comb, dog grooming scissors, dog grooming supplies, dog hair cutting kit, dog nail care, dog nail clippers, dog nail file, dog scissors set, dog shears, dog thinning shears, down curved scissors, durable dog grooming kit, durable dog scissors, durable pet shears, durable pet tools, Freewindo dog grooming kit, GEMEK dog grooming scissors, Gimars dog grooming scissors, gold dog grooming scissors, grooming instruments, grooming shears, grooming shears kit, home dog grooming, home pet grooming, JASON dog grooming scissors, luxurious grooming kit, luxurious pet grooming, multifunctional pet grooming set, nail clipper for dogs, paint coated shears, patterned blade scissors, pet beauty instruments, pet beauty tools, pet care supplies, pet care tools, pet grooming comb, pet grooming kit, pet grooming set, pet grooming supplies, pet hair clippers, pet hair cutting kit, pet styling kit, premium dog grooming, professional dog grooming, professional dog grooming set, professional dog shears, professional grooming instruments, professional grooming supplies, professional grooming tools, professional pet grooming kit, professional pet grooming set, professional pet shears, professional pet tools, razor-sharp dog grooming scissors, red accent grooming kit, safety grooming scissors, safety tip dog scissors, safety tip scissors, salon quality pet grooming, sharp dog scissors, sleek pet shears, small medium large dog grooming, stainless steel dog scissors, stainless steel grooming kit, stainless steel grooming tools, stainless steel pet shears, stainless steel scissors, straight dog scissors, straight grooming scissors, straight thinning curved scissors, thinning scissors, thinning shears, titanium coated dog scissors, titanium coated scissors, titanium pet scissors, up curved scissors",,"http://biteinstruments.com/wp-content/uploads/2025/10/doggroomingkit_1.jpg, http://biteinstruments.com/wp-content/uploads/2025/10/dog_grooming_kit_2.jpg, http://biteinstruments.com/wp-content/uploads/2025/10/dog_grooming_kit_3.jpg, http://biteinstruments.com/wp-content/uploads/2025/10/dog_grooming_kit_4.jpg, http://biteinstruments.com/wp-content/uploads/2025/10/dog_grooming_kit_5.jpg, http://biteinstruments.com/wp-content/uploads/2025/10/dog_grooming_kit_6.jpg, http://biteinstruments.com/wp-content/uploads/2025/10/dog_grooming_kit_7.jpg",,,,,,,,,0,,9027086254316.0,210.0,210.0,,,,,,,,,,,,,
1132,simple,,,"Pet Winter Coat with Harness Ring – Soft, Warm Dog Jacket | Bite Instruments",1,0,visible,,"<p data-start=""424"" data-end=""784"">Keep your furry friend warm, stylish, and comfortable this winter with the <strong data-start=""499"" data-end=""537"">Bite Instruments Dog Fleece Jacket</strong>. Designed with soft, breathable fleece, this pet coat provides superior warmth without restricting movement. The built-in <strong data-start=""660"" data-end=""687"">D-ring leash attachment</strong> makes it practical for daily walks, while the sleeveless design ensures easy wear and comfort.</p>\n<p data-start=""786"" data-end=""938"">Perfect for small and medium-sized dogs, this winter dog coat is lightweight, durable, and machine washable—making it a must-have for every pet owner.</p>\n<p data-start=""940"" data-end=""1310"">✅ <strong data-start=""942"" data-end=""973"">Soft &amp; Cozy Fleece Fabric –</strong> Keeps dogs warm during cold weather.<br data-start=""1010"" data-end=""1013"">✅ <strong data-start=""1015"" data-end=""1040"">Built-in Leash Ring –</strong> Easy to attach a leash without extra harness.<br data-start=""1086"" data-end=""1089"">✅ <strong data-start=""1091"" data-end=""1110"">Easy On &amp; Off –</strong> Sleeveless design for hassle-free wear.<br data-start=""1150"" data-end=""1153"">✅ <strong data-start=""1155"" data-end=""1185"">Lightweight &amp; Breathable –</strong> Comfortable for indoor &amp; outdoor use.<br data-start=""1223"" data-end=""1226"">✅ <strong data-start=""1228"" data-end=""1254"">Stylish &amp; Functional –</strong> Available in a modern design that fits all occasions.</p>\n<p data-start=""1312"" data-end=""1476"">Whether for a chilly walk, outdoor adventure, or cozy nights at home, this <strong data-start=""1387"" data-end=""1418"">Bite Instruments Dog Jacket</strong> is the ultimate blend of warmth, function, and fashion.</p>",,,taxable,,1,45.0,,0,0,,,,,1,,,"15,99",Pet Grooming Instruments > Pet Coat Kings,"Dog coat with leash ring, dog fleece jacket, Dog fleece vest, Dog winter clothing, Medium dog jacket, Outdoor dog jacket, pet care supplies, Pet fleece sweater, Pet warm clothing, Pet winter jacket, Puppy winter coat, Small dog jacket, Warm dog clothes, Winter dog coat",,"http://biteinstruments.com/wp-content/uploads/2025/10/dogjacket_1_1.jpg, http://biteinstruments.com/wp-content/uploads/2025/10/dog_jacket_2.jpg, http://biteinstruments.com/wp-content/uploads/2025/10/dog_jacket_3.jpg, http://biteinstruments.com/wp-content/uploads/2025/10/dog_jacket_4.jpg, http://biteinstruments.com/wp-content/uploads/2025/10/dog_jacket_5.jpg",,,,,,,,,0,,9012426637548.0,209.0,209.0,,,,,,,,,,,,,
1133,simple,,,"Pet Winter Coat with Harness Ring – Soft, Warm Dog Jacket | Bite Instruments",1,0,visible,,"<p data-start=""424"" data-end=""784"">Keep your furry friend warm, stylish, and comfortable this winter with the <strong data-start=""499"" data-end=""537"">Bite Instruments Dog Fleece Jacket</strong>. Designed with soft, breathable fleece, this pet coat provides superior warmth without restricting movement. The built-in <strong data-start=""660"" data-end=""687"">D-ring leash attachment</strong> makes it practical for daily walks, while the sleeveless design ensures easy wear and comfort.</p>\n<p data-start=""786"" data-end=""938"">Perfect for small and medium-sized dogs, this winter dog coat is lightweight, durable, and machine washable—making it a must-have for every pet owner.</p>\n<ul class=""a-unordered-list a-vertical a-spacing-mini"">\n<li class=""a-spacing-mini""><span class=""a-list-item""><strong>【Reversible Dog Coats】</strong>The dog winter jackets feature a simple design for effortless and stylish, can be double-sided worn, fleece warm dog coat provides full coverage for your pet, and bringing maximum warmth and full range of motion. Make your pet's winter snuggle and thermal</span></li>\n<li class=""a-spacing-mini""><span class=""a-list-item""><strong>【Windproof &amp; Comfortable Dog Coats】</strong>Made from high quality skin-friendly soft, thicker fleece fabric for sturdy sewing, excellent warmth, windproof, durable &amp; breathable, lightweight, and comfortable. Easy to clean, machine washable</span></li>\n<li class=""a-spacing-mini""><span class=""a-list-item""><strong>【Multi Sizes and Colors】</strong>Our winter dog coat is available in five sizes and two colors to fits for nearly small, medium, and large breed dogs, Such as Teddy, Beagle, Poodle, Bulldog, Labrador, Golden Retriever, etc. If measure close to the maximum, we recommend the larger size for a comfortable fit on your dog</span></li>\n<li class=""a-spacing-mini""><span class=""a-list-item""><strong>【Favorite Extreme Cold Accessory】</strong>The dog winter jacket provides the high level of protection against extreme winter weather. It is durable, breathable, keeps warm and shields dogs from the elements while still allowing them to move freely</span></li>\n<li class=""a-spacing-mini""><span class=""a-list-item""><strong>【Easy On and Easy Off 】</strong>Under fastening system around the belly makes it easy to put on and take off, offers a better fit and more comfort for dogs at the same time. The sleek inner lining design allows your pet to move comfortably</span></li>\n</ul>\n<p data-start=""1312"" data-end=""1476"">Whether for a chilly walk, outdoor adventure, or cozy nights at home, this <strong data-start=""1387"" data-end=""1418"">Bite Instruments Dog Jacket</strong> is the ultimate blend of warmth, function, and fashion.</p>",,,taxable,,1,45.0,,0,0,,,,,1,,,"28,50",Pet Grooming Instruments > Pet Coat Kings,"Dog coat with leash ring, dog fleece jacket, Dog fleece vest, Dog winter clothing, Medium dog jacket, Outdoor dog jacket, pet care supplies, Pet fleece sweater, Pet warm clothing, Pet winter jacket, Puppy winter coat, Small dog jacket, Warm dog clothes, Winter dog coat",,"http://biteinstruments.com/wp-content/uploads/2025/10/dogcoat_1_0123ece6-8744-430d-88d9-597d3083a377.jpg, http://biteinstruments.com/wp-content/uploads/2025/10/dog_coat_2_a037d184-ff82-48df-876d-ed935431c7f2.jpg, http://biteinstruments.com/wp-content/uploads/2025/10/dog_coat_3_305af8b1-deff-4d3c-9418-d0be539e0b47.jpg, http://biteinstruments.com/wp-content/uploads/2025/10/dog_coat_4_730bf3cd-1910-4555-a355-95e00624b7a9.jpg, http://biteinstruments.com/wp-content/uploads/2025/10/dog_coat_5_43efe419-ffac-4608-b15e-5c2636814307.jpg",,,,,,,,,0,,9012430307564.0,250.0,248.0,,,,,,,,,,,,,
1134,simple,,,"Pet Winter Coat with Harness Ring – Soft, Warm Dog Jacket | Bite Instruments",1,0,visible,,"<p data-start=""424"" data-end=""784"">Keep your furry friend warm, stylish, and comfortable this winter with the <strong data-start=""499"" data-end=""537"">Bite Instruments Dog Fleece Jacket</strong>. Designed with soft, breathable fleece, this pet coat provides superior warmth without restricting movement. The built-in <strong data-start=""660"" data-end=""687"">D-ring leash attachment</strong> makes it practical for daily walks, while the sleeveless design ensures easy wear and comfort.</p>\n<p data-start=""786"" data-end=""938"">Perfect for small and medium-sized dogs, this winter dog coat is lightweight, durable, and machine washable—making it a must-have for every pet owner.</p>\n<ul class=""a-unordered-list a-vertical a-spacing-mini"">\n<li class=""a-spacing-mini""><span class=""a-list-item""><strong>【Reversible Dog Coats】</strong>The dog winter jackets feature a simple design for effortless and stylish, can be double-sided worn, fleece warm dog coat provides full coverage for your pet, and bringing maximum warmth and full range of motion. Make your pet's winter snuggle and thermal</span></li>\n<li class=""a-spacing-mini""><span class=""a-list-item""><strong>【Windproof &amp; Comfortable Dog Coats】</strong>Made from high quality skin-friendly soft, thicker fleece fabric for sturdy sewing, excellent warmth, windproof, durable &amp; breathable, lightweight, and comfortable. Easy to clean, machine washable</span></li>\n<li class=""a-spacing-mini""><span class=""a-list-item""><strong>【Multi Sizes and Colors】</strong>Our winter dog coat is available in five sizes and two colors to fits for nearly small, medium, and large breed dogs, Such as Teddy, Beagle, Poodle, Bulldog, Labrador, Golden Retriever, etc. If measure close to the maximum, we recommend the larger size for a comfortable fit on your dog</span></li>\n<li class=""a-spacing-mini""><span class=""a-list-item""><strong>【Favorite Extreme Cold Accessory】</strong>The dog winter jacket provides the high level of protection against extreme winter weather. It is durable, breathable, keeps warm and shields dogs from the elements while still allowing them to move freely</span></li>\n<li class=""a-spacing-mini""><span class=""a-list-item""><strong>【Easy On and Easy Off 】</strong>Under fastening system around the belly makes it easy to put on and take off, offers a better fit and more comfort for dogs at the same time. The sleek inner lining design allows your pet to move comfortably</span></li>\n</ul>\n<p data-start=""1312"" data-end=""1476"">Whether for a chilly walk, outdoor adventure, or cozy nights at home, this <strong data-start=""1387"" data-end=""1418"">Bite Instruments Dog Jacket</strong> is the ultimate blend of warmth, function, and fashion.</p>",,,taxable,,1,45.0,,0,0,,,,,1,,,"28,50",Pet Grooming Instruments > Pet Coat Kings,"Dog coat with leash ring, dog fleece jacket, Dog fleece vest, Dog winter clothing, Medium dog jacket, Outdoor dog jacket, pet care supplies, Pet fleece sweater, Pet warm clothing, Pet winter jacket, Puppy winter coat, Small dog jacket, Warm dog clothes, Winter dog coat",,"http://biteinstruments.com/wp-content/uploads/2025/10/dogcoat_1_1.jpg, http://biteinstruments.com/wp-content/uploads/2025/10/dog_coat_2_f1d66a31-cd2f-4826-8032-ecaa78866c20.jpg, http://biteinstruments.com/wp-content/uploads/2025/10/dog_coat_3_2442353e-9e84-433d-966e-f1f7f543cb92.jpg, http://biteinstruments.com/wp-content/uploads/2025/10/dog_coat_4_c28320f4-b969-4e61-8275-622ed7a43d8e.jpg, http://biteinstruments.com/wp-content/uploads/2025/10/dog_coat_5_443f98bc-f558-4f8d-990d-6d92e4a51645.jpg",,,,,,,,,0,,9012434305260.0,204.0,204.0,,,,,,,,,,,,,
1161,variable,8930048442604-premium-6-25-left-handed-professional-dog-cat-grooming-straight-shear,,"Premium 6.25"" Left Handed Professional Dog & Cat Grooming Straight Shear",1,0,visible,,"<p data-sourcepos=""11:1-11:461"">Master precision grooming with the<strong> Premium 6.25"" Left Handed Professional Dog &amp; Cat Grooming Straight Shear</strong>. This exceptional <strong>beauty instrument</strong> is specifically designed for left-handed groomers, offering unparalleled comfort and control for professional-grade results. Crafted with high-quality materials and a sleek black finish, this straight shear is an indispensable tool for maintaining a well-groomed look for your furry clients or pets.</p>\n<ul data-sourcepos=""13:1-19:0"">\n<li data-sourcepos=""13:1-13:140"">\n<strong>Left-Handed Design:</strong> Ergonomically crafted to provide optimal comfort and control for left-handed professional groomers and pet owners.</li>\n<li data-sourcepos=""14:1-14:141"">\n<strong>Andis Premium Quality:</strong> From a trusted name in grooming, these shears deliver reliable, professional performance for consistent results.</li>\n<li data-sourcepos=""15:1-15:120"">\n<strong>6.25-inch Straight Shear:</strong> An ideal length for general trimming, shaping, and precision cuts on various coat types.</li>\n<li data-sourcepos=""16:1-16:154"">\n<strong>Sharp &amp; Durable Blades:</strong> Constructed for superior sharpness and long-lasting durability, ensuring smooth, clean cuts without snagging or pulling.</li>\n<li data-sourcepos=""17:1-17:130"">\n<strong>Sleek Black Finish:</strong> The stylish black handles provide a secure grip and a modern aesthetic, enhancing your grooming toolkit.</li>\n<li data-sourcepos=""18:1-19:0"">\n<strong>Versatile Pet Grooming:</strong> Perfect for use on both dogs and cats, allowing you to achieve a polished and well-maintained appearance.</li>\n</ul>\n<p data-sourcepos=""20:1-20:101"">Explore more high-quality <strong>bite instruments</strong> and professional grooming solutions in our collection.</p>",,,taxable,,1,,,0,0,,,,,1,,,,"Pet Grooming Instruments, Pet Grooming Instruments > Pet Straight Scissors","440C stainless steel scissors, 6.25 inch straight shear, 62 HRC hardness, 7.5 inch straight scissors, Andis left handed grooming scissors, anti-rust grooming, barber scissors, beauty instruments, Bite Instruments, black grooming scissors, blue iridescent shears, cat grooming shears, cat grooming supplies, corrosion resistant shears, dog grooming scissors, dog grooming straight shear, dog grooming supplies, dog hair cutting, durable grooming shears, durable pet shears, elegant grooming scissors, ergonomic pet shears, Fenice Peak dog grooming scissors, gift idea for pet lovers, gold touch grooming shears, hair cutting scissors, high precision pet scissors, high quality grooming, JP440C steel scissors, left hand shears, left handed cat grooming, left handed dog grooming, pet grooming gift, pet grooming scissors, pet hair cutting, pet styling tool, pet styling tools, professional grooming scissors, professional grooming supplies, professional grooming tools, professional pet shears, professional shears, professional straight scissors, rose gold grooming tools, salon quality pet grooming, Sharf pet grooming scissors, sharp dog scissors, sharp durable scissors, single grooming scissor, straight cutting scissors, straight grooming shear",,"http://biteinstruments.com/wp-content/uploads/2025/10/LeftHandedProfessionalDogandCatGrooming.jpg, http://biteinstruments.com/wp-content/uploads/2025/10/ProfessionalDogandCatGrooming.jpg, http://biteinstruments.com/wp-content/uploads/2025/10/Premium6.25_StraightShear-LeftHanded.jpg, http://biteinstruments.com/wp-content/uploads/2025/10/Right-Handed_Professional_Dog_and_Cat_Grooming.jpg",,,,,,,,,0,,8930048442604.0,192.0,192.0,Style,"Left Handed, Right Handed",0.0,0.0,,,,,,,,,
1172,simple,,,Premium Stainless Steel Curved Dog Grooming Scissors – Pet Shears | Bite Instruments,1,0,visible,,"<p>Achieve professional grooming results at home with the <strong data-start=""439"" data-end=""502"">Bite Instruments Curved Grooming Scissors for Dogs and Pets</strong>. Crafted with <strong data-start=""517"" data-end=""551"">premium stainless steel blades</strong>, these curved shears allow for <strong data-start=""583"" data-end=""625"">precise trimming around delicate areas</strong> such as the face, ears, paws, and tail. Shop Bite Instruments Curved Grooming Scissors – safe, sharp &amp; ergonomic pet shears for dogs &amp; cats. Perfect for precise trimming of face, paws &amp; body.</p>\n<p>The <strong data-start=""673"" data-end=""720"">ergonomic design with a comfort grip handle</strong> reduces hand fatigue, making them perfect for long grooming sessions. The <strong data-start=""795"" data-end=""818"">rounded safety tips</strong> ensure your pet’s safety, giving you peace of mind while providing a smooth and stylish trim. Whether you’re a professional groomer or a pet parent, these scissors are an <strong data-start=""993"" data-end=""1020"">essential grooming tool</strong> for maintaining your pet’s healthy, neat, and tangle-free coat.</p>\n<p>✅ <strong data-start=""1090"" data-end=""1114"">Features &amp; Benefits:</strong></p>\n<ul data-start=""1117"" data-end=""1552"">\n<li class=""a-spacing-mini""><span class=""a-list-item""><strong>High-Quality Material </strong>- Made of high-quality 440C stainless steel, our dog grooming scissor ensures a clean, crisp and smooth cut. Easy to cut the thickest fur and toughest tangles.</span></li>\n<li class=""a-spacing-mini""><span class=""a-list-item""><strong>Personalized design: </strong>These scissors use Teflon coating, the color will always be bright and shiny, and will not fade. The multi-colored scissors bring a new experience to the user. It also shows off the taste and personality of the user.</span></li>\n<li class=""a-spacing-mini""><span class=""a-list-item""><strong>Safe for Your Pets </strong>- These dog grooming shears have a silencer, which can reduce the sound of the scissors handle hitting the sharp stainless steel blade. That can reduce the fear of sensitive pets. Make dog grooming easy and enjoyable.</span></li>\n<li class=""a-spacing-mini""><span class=""a-list-item""><strong>Scope:</strong> Suitable for any high-end barbers and beauty workers as well as families, you can easily cut pet hair in a dimensional look as you want without any sophisticated techniques.</span></li>\n<li class=""a-spacing-mini"">\n<span class=""a-list-item""><strong>Adjustable &amp; Comfortable </strong>- Adjustable screws can be tightened or loosened for sharpening and cleaning the blade, easy to operate, and making your cutting natural and smooth. You can easily adjust these scissors to suit your handle and control needs and reduce fatigue in your hand.</span><br>\n</li>\n</ul>\n<p>Give your pets a salon-quality grooming experience with <strong data-start=""1610"" data-end=""1655"">Bite Instruments Curved Grooming Scissors</strong> – combining <strong data-start=""1668"" data-end=""1702"">safety, precision, and comfort</strong> in one tool.</p>",,,taxable,,1,500.0,,0,0,,,,,1,,,"30,00","Pet Grooming Instruments > Curved Scissors, Beauty Care Instruments > Barber Tools > Grooming Scissors","7 inch dog shears, beauty instruments, beauty tool, best grooming scissors for dogs, Bite Instruments, black dog grooming scissors, cat grooming scissors safe tips, cat grooming shears, cat grooming tools, curved blade scissors, curved dog grooming scissors, curved dog scissors, curved grooming scissors, curved grooming scissors Bite Instruments, curved scissors, curved shears for pets, dog grooming curved shears, dog grooming scissors, dog grooming shears, dog grooming straight shear, dog grooming supplies, dog grooming supplies Bite Instruments, dog hair cutting scissors, dog scissors, grooming instrument, grooming scissors, grooming shears, grooming supplies, grooming tools, home dog grooming, paw trimming scissors, pet beauty instruments, pet grooming, pet grooming accessories, pet grooming scissors, pet grooming scissors curved blades, pet grooming supplies, professional dog grooming tools, professional grooming tools",,"http://biteinstruments.com/wp-content/uploads/2025/10/petcurvedgroomingscissors_2_2.jpg, http://biteinstruments.com/wp-content/uploads/2025/10/pet_curved_grooming_scissors_3_a6fd0b42-f8c9-4291-b9d5-184fef90eb16.jpg, http://biteinstruments.com/wp-content/uploads/2025/10/pet_curved_grooming_scissors_4_9140effe-bdaa-4422-98f9-2856c49a3d75.jpg, http://biteinstruments.com/wp-content/uploads/2025/10/pet_curved_grooming_scissors_5_bea50091-3098-43d8-aa8b-495c2dc8c617.jpg, http://biteinstruments.com/wp-content/uploads/2025/10/pet_curved_grooming_scissors_6_6b19ea13-2347-4348-90db-5b2ea3407b6b.jpg, http://biteinstruments.com/wp-content/uploads/2025/10/pet_curved_grooming_scissors_7_975f0c98-5b47-4e6f-b241-b6e630717bc9.jpg",,,,,,,,,0,,9012169474284.0,181.0,181.0,,,,,,,,,,,,,
1173,simple,,,Premium Straight Shears  Right-Handed Professional Dog & Cat Grooming Scissors,1,0,visible,,"<p>Achieve salon-quality grooming at home or in your pet salon with the <strong data-end=""493"" data-start=""449"">Bite Instruments Premium Straight Shears</strong>. Designed for <strong data-end=""545"" data-start=""508"">professional dog and cat grooming</strong>, these right-handed shears deliver precision, comfort, and control for both fine detailing and full grooming sessions.</p>\n<p>Crafted from <strong data-end=""713"" data-start=""681"">high-quality stainless steel</strong>, these shears feature ultra-sharp blades for smooth, clean cuts without pulling or snagging your pet’s fur. The ergonomic handle ensures comfort during long grooming sessions, making them ideal for professional groomers and pet owners alike.</p>\n<p>✨ Features &amp; Benefits:</p>\n<ul data-end=""1470"" data-start=""988"">\n<li class=""a-spacing-mini""><span class=""a-list-item""><strong>Diamond Screw: </strong>The adjustable diamond screw allows you to set the desired cutting tension, ensuring each grooming being convenient and professional. Maintain your dog's coat at its healthiest and most vibrant—effortlessly</span></li>\n<li class=""a-spacing-mini""><span class=""a-list-item""><strong>Ergonomic Handle: </strong>Unlike conventional dog scissors, ours adopt a staggered design for handles, which is more ergonomic and aesthetically aesthetically elegant, especially providing you a comfortable grip, and reducing wrist strain during long grooming sessions – even after hours of continuous use</span></li>\n<li class=""a-spacing-mini""><span class=""a-list-item""><strong>Professional Pet Shears:</strong> With razor-sharp blades, these grooming scissors deliver professional results every time. The pet grooming shear is also easy for carry, so you can trimming the hairs of your pet anywhere, which is really convenient and economical</span></li>\n<li class=""a-spacing-mini""><span class=""a-list-item""><strong>Premium Quality:  BITE INSTRUMENTS </strong> by workers with more than ten-year experience and these 7.5"" professional shears utilize premium 440C steel (HRC 58-60) with cryogenic tempering. Our 7.5"" straight dog shears are wear-resistant, ensuring long-lasting sharpness and continuous optimal grooming results</span></li>\n<li class=""a-spacing-mini"">\n<span class=""a-list-item""><strong>Easy to Use: </strong>Our dog shears are suitable for professional groomers or DIY pet owners: whether you're a professional groomer or simply grooming your own pet, these pet grooming scissors are good choice</span><br>\n</li>\n</ul>\n<p>Upgrade your hairstyling tools with these professional-grade barber scissors.</p>",,,taxable,,1,34.0,,0,0,,,,,1,,,"29,99","Pet Grooming Instruments, Pet Grooming Instruments > Pet Straight Scissors","440C stainless steel scissors, 6.25 inch straight shear, 62 HRC hardness, 7.5 inch straight scissors, Andis left handed grooming scissors, anti-rust grooming, barber scissors, barber scissors for women, beauty instruments, Bite Instruments, black grooming scissors, blue iridescent shears, cat grooming shears, cat grooming supplies, corrosion resistant shears, dog grooming scissors, dog grooming straight shear, dog grooming supplies, dog hair cutting, durable grooming shears, durable pet shears, elegant grooming scissors, ergonomic pet shears, Fenice Peak dog grooming scissors, gift idea for pet lovers, gold touch grooming shears, hair cutting scissors, high precision pet scissors, high quality grooming, home haircut scissors, JP440C steel scissors, left hand shears, left handed cat grooming, left handed dog grooming, pet grooming gift, pet grooming scissors, pet hair cutting, pet styling tool, pet styling tools, professional grooming scissors, professional grooming supplies, professional grooming tools, professional pet shears, professional shears, professional straight scissors, rose gold grooming tools, salon quality pet grooming, Sharf pet grooming scissors, sharp dog scissors, sharp durable scissors, single grooming scissor, straight cutting scissors, straight grooming shear",,"http://biteinstruments.com/wp-content/uploads/2025/10/pet_grooming_shears_1_copy_d06af987-ef36-4517-b595-18320fe79796.jpg, http://biteinstruments.com/wp-content/uploads/2025/10/pet_grooming_shears_5.jpg, http://biteinstruments.com/wp-content/uploads/2025/10/pet_grooming_shears_2_copy.jpg, http://biteinstruments.com/wp-content/uploads/2025/10/pet_grooming_shears_3_copy.jpg, http://biteinstruments.com/wp-content/uploads/2025/10/pet_grooming_shears_4_copy.jpg, http://biteinstruments.com/wp-content/uploads/2025/10/pet_grooming_shears_6.jpg",,,,,,,,,0,,9007961702636.0,188.0,188.0,,,,,,,,,,,,,
1174,simple,,,Premium Straight Shears  Right-Handed Professional Dog & Cat Grooming Scissors,1,0,visible,,"<p>Achieve salon-quality grooming at home or in your pet salon with the <strong data-start=""449"" data-end=""493"">Bite Instruments Premium Straight Shears</strong>. Designed for <strong data-start=""508"" data-end=""545"">professional dog and cat grooming</strong>, these right-handed shears deliver precision, comfort, and control for both fine detailing and full grooming sessions.</p>\n<p>Crafted from <strong data-start=""681"" data-end=""713"">high-quality stainless steel</strong>, these shears feature ultra-sharp blades for smooth, clean cuts without pulling or snagging your pet’s fur. The ergonomic handle ensures comfort during long grooming sessions, making them ideal for professional groomers and pet owners alike.</p>\n<p>✨ Features &amp; Benefits:</p>\n<ul data-start=""988"" data-end=""1470"">\n<li class=""a-spacing-mini""><span class=""a-list-item""><strong>High-Quality Material - </strong>Made of the high-quality 440C stainless steel, our dog grooming scissor ensures a clean, crisp and smooth cut. Easy to cut the thickest fur and toughest tangles.</span></li>\n<li class=""a-spacing-mini""><span class=""a-list-item""><strong>Personalized design: </strong>These scissors use the vacuum plating process, the color will always be bright, and shiny will not fade. The two -color design of gold and black brings a new experience to the user. It also shows off the taste and personality of the user.</span></li>\n<li class=""a-spacing-mini""><span class=""a-list-item""><strong>Safe for Your Pets -</strong> These dog grooming shears have a silencer, which can reduce the sound of the scissors handle hitting the sharp stainless steel blade. That can reduce the fear of sensitive pets. Make dog grooming easy and enjoyable.</span></li>\n<li class=""a-spacing-mini""><span class=""a-list-item""><strong>Adjustable &amp; Comfortable - </strong>Adjustable screws can be tightened or loosened for sharpening and cleaning the blade, easy to operate, and make your cutting natural and smooth. You can easily adjust these scissors to suit your handle and control needs and reduce fatigue in your hand.</span></li>\n<li class=""a-spacing-mini"">\n<span class=""a-list-item""><strong>After-sales Service.</strong> We are a professional manufacturer, very confident in the quality of the products, so we provide an unconditional return. If you are not satisfied with our products, you can contact the seller to get a replacement or refund.</span><br>\n</li>\n</ul>\n<p>Upgrade your hairstyling tools with these professional-grade barber scissors.</p>",,,taxable,,1,34.0,,0,0,,,,,1,,,"43,00","Pet Grooming Instruments, Pet Grooming Instruments > Pet Straight Scissors","440C stainless steel scissors, 6.25 inch straight shear, 62 HRC hardness, 7.5 inch straight scissors, Andis left handed grooming scissors, anti-rust grooming, barber scissors, barber scissors for women, beauty instruments, Bite Instruments, black grooming scissors, blue iridescent shears, cat grooming shears, cat grooming supplies, corrosion resistant shears, dog grooming scissors, dog grooming straight shear, dog grooming supplies, dog hair cutting, durable grooming shears, durable pet shears, elegant grooming scissors, ergonomic pet shears, Fenice Peak dog grooming scissors, gift idea for pet lovers, gold touch grooming shears, hair cutting scissors, high precision pet scissors, high quality grooming, home haircut scissors, JP440C steel scissors, left hand shears, left handed cat grooming, left handed dog grooming, pet grooming gift, pet grooming scissors, pet hair cutting, pet styling tool, pet styling tools, professional grooming scissors, professional grooming supplies, professional grooming tools, professional pet shears, professional shears, professional straight scissors, rose gold grooming tools, salon quality pet grooming, Sharf pet grooming scissors, sharp dog scissors, sharp durable scissors, single grooming scissor, straight cutting scissors, straight grooming shear",,"http://biteinstruments.com/wp-content/uploads/2025/10/Petstylingshears_1.jpg, http://biteinstruments.com/wp-content/uploads/2025/10/Pet_styling_shears_2.jpg, http://biteinstruments.com/wp-content/uploads/2025/10/Pet_styling_shears_3.jpg, http://biteinstruments.com/wp-content/uploads/2025/10/Pet_styling_shears_4.jpg, http://biteinstruments.com/wp-content/uploads/2025/10/Pet_styling_shears_5.jpg, http://biteinstruments.com/wp-content/uploads/2025/10/Pet_styling_shears_6.jpg, http://biteinstruments.com/wp-content/uploads/2025/10/Pet_styling_shears_7.jpg",,,,,,,,,0,,9007963177196.0,189.0,187.0,,,,,,,,,,,,,
1175,simple,,,Premium Straight Shears  Right-Handed Professional Dog & Cat Grooming Scissors,1,0,visible,,"<p>Achieve salon-quality grooming at home or in your pet salon with the <strong data-start=""449"" data-end=""493"">Bite Instruments Premium Straight Shears</strong>. Designed for <strong data-start=""508"" data-end=""545"">professional dog and cat grooming</strong>, these right-handed shears deliver precision, comfort, and control for both fine detailing and full grooming sessions.</p>\n<p>Crafted from <strong data-start=""681"" data-end=""713"">high-quality stainless steel</strong>, these shears feature ultra-sharp blades for smooth, clean cuts without pulling or snagging your pet’s fur. The ergonomic handle ensures comfort during long grooming sessions, making them ideal for professional groomers and pet owners alike.</p>\n<p>✨ Features &amp; Benefits:</p>\n<ul data-start=""988"" data-end=""1470"">\n<li class=""a-spacing-mini""><span class=""a-list-item"">Professional, Beautiful, Sharp and high-quality pet grooming scissors for a smooth, fast cut for the best pet groom ever. The sharp rounded tip will make it your go to shear even when it come to your pets face, ear, nose, eye and paw. Or any style that requires precision and touch ups.</span></li>\n<li class=""a-spacing-mini""><span class=""a-list-item"">5.5” Straight Blade Dog Scissors is big enough to groom your pet, dog or cat but also small enough to maneuver around the face. With the round tip, ball point adding safety; creating an easy and safe pet grooming experience. Sharp and easy to handle for professional groomers or home use. Ideal for all breed of cats, dogs or small animals.</span></li>\n<li class=""a-spacing-mini""><span class=""a-list-item"">Features include: Rounded ballpoint tip for safety. Removable, blue, jelled, comfort rings eases stress on hands while grooming. Attached finger rest for added comfort. Beautiful, polished, shiny finish that will stand out.</span></li>\n<li class=""a-spacing-mini""><span class=""a-list-item"">Made of high quality 420c stainless steel for ease, precision and longer lasting sharpness. Creating the perfect, sharp, beveled edge blade.</span></li>\n<li class=""a-spacing-mini"">\n<span class=""a-list-item"">We fully stand behind all our dog grooming shears, Reach out to us in case of any issues and we’ll do all we can to make it right.</span><br>\n</li>\n</ul>\n<p>Upgrade your hairstyling tools with these professional-grade barber scissors.</p>",,,taxable,,1,34.0,,0,0,,,,,1,,,"29,00","Pet Grooming Instruments, Pet Grooming Instruments > Pet Straight Scissors","440C stainless steel scissors, 6.25 inch straight shear, 62 HRC hardness, 7.5 inch straight scissors, Andis left handed grooming scissors, anti-rust grooming, barber scissors, barber scissors for women, beauty instruments, Bite Instruments, black grooming scissors, blue iridescent shears, cat grooming shears, cat grooming supplies, corrosion resistant shears, dog grooming scissors, dog grooming straight shear, dog grooming supplies, dog hair cutting, durable grooming shears, durable pet shears, elegant grooming scissors, ergonomic pet shears, Fenice Peak dog grooming scissors, gift idea for pet lovers, gold touch grooming shears, hair cutting scissors, high precision pet scissors, high quality grooming, home haircut scissors, JP440C steel scissors, left hand shears, left handed cat grooming, left handed dog grooming, pet grooming gift, pet grooming scissors, pet hair cutting, pet styling tool, pet styling tools, professional grooming scissors, professional grooming supplies, professional grooming tools, professional pet shears, professional shears, professional straight scissors, rose gold grooming tools, salon quality pet grooming, Sharf pet grooming scissors, sharp dog scissors, sharp durable scissors, single grooming scissor, straight cutting scissors, straight grooming shear",,"http://biteinstruments.com/wp-content/uploads/2025/10/petgroomingscissors_1.jpg, http://biteinstruments.com/wp-content/uploads/2025/10/pet_grooming_scissors_2.jpg, http://biteinstruments.com/wp-content/uploads/2025/10/pet_grooming_scissors_3.jpg, http://biteinstruments.com/wp-content/uploads/2025/10/pet_grooming_scissors_4.jpg, http://biteinstruments.com/wp-content/uploads/2025/10/pet_grooming_scissors_5.jpg, http://biteinstruments.com/wp-content/uploads/2025/10/pet_grooming_scissors_6.jpg, http://biteinstruments.com/wp-content/uploads/2025/10/pet_grooming_scissors_7.jpg, http://biteinstruments.com/wp-content/uploads/2025/10/pet_grooming_scissors_8.jpg",,,,,,,,,0,,9008009642220.0,187.0,186.0,,,,,,,,,,,,,
1199,variable,8929983234284-professional-440c-stainless-steel-grooming-scissors-62-hrc-hardness-with-blue-iridescent-handles-sharp-durable,,Professional 440C Stainless Steel Grooming Scissors - 62 HRC Hardness with Blue Iridescent Handles - Sharp & Durable,1,0,visible,,"<p data-sourcepos=""11:1-11:441"">Experience precision and durability with our <strong>Professional 440C Stainless Steel Grooming Scissors</strong>. This exceptional <strong>beauty instrument</strong> is engineered for superior cutting performance and long-lasting reliability, making it an ideal choice for both professional stylists and home users. Featuring high-grade 440C stainless steel and a stunning blue iridescent handle, these shears combine top-tier functionality with eye-catching design.</p>\n<ul data-sourcepos=""13:1-19:0"">\n<li data-sourcepos=""13:1-13:148"">\n<strong>Premium 440C Stainless Steel:</strong> Crafted from high-quality 440C stainless steel, known for its excellent edge retention and superior performance.</li>\n<li data-sourcepos=""14:1-14:174"">\n<strong>Optimal 62 HRC Hardness:</strong> With a hardness rating of 62 HRC, these scissors provide exceptional strength and durability, ensuring they remain sharp through extensive use.</li>\n<li data-sourcepos=""15:1-15:193"">\n<strong>Exceptional Corrosion Resistance:</strong> Designed with excellent corrosion resistance and anti-rust properties, ensuring longevity and consistent performance even with frequent cleaning and use.</li>\n<li data-sourcepos=""16:1-16:145"">\n<strong>Razor-Sharp &amp; Durable Blades:</strong> The precisely honed blades deliver smooth, clean cuts, making any grooming task effortless and efficient.</li>\n<li data-sourcepos=""17:1-17:195"">\n<strong>Vibrant Blue Iridescent Handles:</strong> Features striking blue/purple iridescent handles that are not only aesthetically pleasing but also ergonomically designed for a comfortable and secure grip.</li>\n<li data-sourcepos=""18:1-19:0"">\n<strong>Versatile Professional Use:</strong> Ideal for various hair cutting and grooming tasks, providing reliable performance for different hair types and styles.</li>\n</ul>\n<p data-sourcepos=""20:1-20:118"">Discover more high-quality <strong>bite instruments</strong> and elevate your grooming routine with our premium selection of tools.</p>",,,taxable,,1,,,0,0,,,,,1,,,,"Pet Grooming Instruments, Pet Grooming Instruments > Pet Straight Scissors","440C stainless steel scissors, 62 HRC hardness, 7.5 inch straight scissors, anti-rust grooming, barber scissors, beauty instruments, Bite Instruments, blue iridescent shears, corrosion resistant shears, dog grooming straight shear, dog hair cutting, durable grooming shears, Fenice Peak dog grooming scissors, hair cutting scissors, high precision pet scissors, high quality grooming, JP440C steel scissors, pet grooming scissors, pet styling tools, professional grooming scissors, professional grooming supplies, professional pet shears, professional shears, rose gold grooming tools, salon quality pet grooming, sharp dog scissors, sharp durable scissors, straight cutting scissors",,"http://biteinstruments.com/wp-content/uploads/2025/10/DogShearsforPreciseTrimming.jpg, http://biteinstruments.com/wp-content/uploads/2025/10/7inchStraightPetGroomingScissors.jpg, http://biteinstruments.com/wp-content/uploads/2025/10/groomingscissor.jpg, http://biteinstruments.com/wp-content/uploads/2025/10/GroomingScissorsErgonomicallyDesigned.jpg, http://biteinstruments.com/wp-content/uploads/2025/10/BlueHandlesIdealDogShearsforPrecise.jpg, http://biteinstruments.com/wp-content/uploads/2025/10/GroomingScissorsforDogs7inch.jpg, http://biteinstruments.com/wp-content/uploads/2025/10/GroomingScissorsforDogs_7ba13498-30d1-4213-b451-095f7b4519f2.jpg",,,,,,,,,0,,8929983234284.0,194.0,194.0,Size,"7"", 7.5"", 8""",0.0,0.0,,,,,,,,,
1204,simple,,,Professional 5'' Dog Grooming Scissors Set - Japanese-Style Straight & Texturizing Shears with Non-Slip Handles,1,0,visible,,"<p data-sourcepos=""11:1-11:453"">Achieve meticulous grooming results with our <strong>Professional 5'' Dog Grooming Scissors Set</strong>. This exquisite collection of <strong>beauty instruments</strong> is designed for precision, comfort, and versatile styling for your furry companion. Inspired by <strong>Japanese dog grooming shears</strong>, each tool features sharp, durable stainless steel blades and ergonomic black non-slip handles, ensuring superior control and a comfortable grip during extended grooming sessions.</p>\n<ul data-sourcepos=""13:1-19:0"">\n<li data-sourcepos=""13:1-13:238"">\n<strong>Comprehensive 4-Piece Shear Set:</strong> Includes two straight cutting shears for precise trims and two specialized thinning/texturizing shears with different tooth patterns for blending and debulking, offering complete styling flexibility.</li>\n<li data-sourcepos=""14:1-14:170"">\n<strong>Optimal 5-inch Size:</strong> The compact 5-inch length provides excellent control and maneuverability, ideal for detailed work around sensitive areas and intricate shaping.</li>\n<li data-sourcepos=""15:1-15:177"">\n<strong>High-Quality Stainless Steel Blades:</strong> Crafted for exceptional sharpness and long-lasting durability, ensuring smooth, clean cuts without pulling or snagging your pet's fur.</li>\n<li data-sourcepos=""16:1-16:154"">\n<strong>Ergonomic Non-Slip Handles:</strong> Features sleek black handles designed for a comfortable and secure grip, minimizing hand fatigue and maximizing control.</li>\n<li data-sourcepos=""17:1-17:137"">\n<strong>Stylish Design:</strong> Each scissor is accented with a decorative jewel at the pivot, adding a touch of elegance to your grooming toolkit.</li>\n<li data-sourcepos=""18:1-19:0"">\n<strong>Versatile Grooming:</strong> Perfect for all coat types, allowing for precise shaping, thinning, and finishing touches for a professional salon look at home.</li>\n</ul>\n<p data-sourcepos=""20:1-20:117"">Explore more high-quality <strong>bite instruments</strong> and elevate your pet care routine with our premium grooming solutions.</p>",,,taxable,,1,45.0,,0,0,,,,,1,,,"129,88","Pet Grooming Instruments, Pet Grooming Kits","4-in-1 grooming set, 4CR stainless steel scissors, 5 inch pet shears, 5-in-1 dog shears, 5-in-1 grooming kit, 5-in-1 grooming set, 5-in-1 pet grooming kit, 6-in-1 dog shears, 6-in-1 pet grooming kit, 7 inch dog shears, 7 inch pet shears, 8 inch pet shears, all-in-one pet groomer, Artecare dog grooming kit, beauty instruments, Bite Instruments, black and gold dog grooming, black and gold grooming scissors, black dog shears, black grooming set, black grooming shears, black grooming tools, black handle shears, black titanium scissors, blue accent scissors, blunt tip scissors, cat facial trimmer, cat grooming scissors, cat grooming supplies, cat grooming tools, Citywish dog grooming kit, Citywish pet grooming kit, comfortable grooming tools, compact grooming scissors, complete pet grooming, comprehensive dog grooming, comprehensive dog kit, curved dog grooming scissors, curved dog scissors, curved grooming scissors, curved thinning straight scissors, curved thinning straight shears, detail grooming scissors, detail trimmer, dog comb, dog facial trimmer, dog grooming comb, dog grooming scissors, dog grooming shears, dog grooming supplies, dog grooming tools, dog hair cutting, dog hair cutting kit, dog nail care, dog nail clippers, dog nail file, dog scissors set, dog shears, dog styling scissors, dog thinning shears, down curved scissors, dragon style grooming scissors, durable dog grooming kit, durable dog scissors, durable pet shears, durable pet tools, ear hair scissors, facial trimmer for pets, fancy hair shears, Freewindo dog grooming kit, GEMEK dog grooming scissors, Gimars dog grooming scissors, gold dog grooming scissors, gold pet grooming shears, grooming instruments, grooming shears, grooming shears kit, home dog grooming, home grooming, home grooming kit, home pet grooming, Japanese dog grooming shears, JASON dog grooming scissors, large dog grooming, luxurious grooming kit, luxurious pet grooming, luxury pet grooming, multifunctional pet grooming set, nail clipper for dogs, non-slip handle scissors, paint coated shears, patterned blade scissors, paw trimming scissors, pet beauty instruments, pet beauty tools, pet body trimmer, pet care supplies, pet care tools, pet grooming comb, pet grooming kit, pet grooming scissors, pet grooming set, pet grooming supplies, pet hair clippers, pet hair cutting, pet hair cutting kit, pet safety scissors, pet styling kit, pet styling shears, Pets First scissors, plastic handle scissors, precision grooming, premium dog grooming, professional cat grooming scissors, professional dog grooming, professional dog grooming scissors, professional dog grooming set, professional dog shears, professional grooming instruments, professional grooming kit, professional grooming supplies, professional grooming tools, professional pet grooming kit, professional pet grooming set, professional pet shears, professional pet tools, Purple Dragon dog grooming scissors, purple grooming set, razor-sharp dog grooming scissors, red accent grooming kit, safe grooming scissors, safety grooming scissors, safety tip dog scissors, safety tip scissors, salon quality grooming, salon quality pet grooming, sharp dog scissors, sleek pet shears, small medium large dog grooming, small pet scissors, stainless steel dog scissors, stainless steel grooming kit, stainless steel grooming shears, stainless steel grooming tools, stainless steel pet scissors, stainless steel pet shears, stainless steel scissors, straight curved chunker scissors, straight dog scissors, straight grooming scissors, straight thinning curved scissors, straight thinning scissors, texturizing shears, thinning scissors, thinning shears, titanium coated dog scissors, titanium coated scissors, titanium pet scissors, unique grooming tools, up curved scissors",,"http://biteinstruments.com/wp-content/uploads/2025/10/5_ProfessionalDogGroomingScissorsSet.jpg, http://biteinstruments.com/wp-content/uploads/2025/10/BlackNon-SlipHandle440CStainlessSteelStraightThinning.jpg, http://biteinstruments.com/wp-content/uploads/2025/10/BlackNon-SlipHandle440CStainlessSteelStraightThinningscissor.jpg, http://biteinstruments.com/wp-content/uploads/2025/10/nonsliphandle.jpg, http://biteinstruments.com/wp-content/uploads/2025/10/440CStainlessSteelStraightThinningCurvedChunker.jpg, http://biteinstruments.com/wp-content/uploads/2025/10/bestqualitydogscissorset.jpg, http://biteinstruments.com/wp-content/uploads/2025/10/DogGroomingScissorsSetwithBlackNon-SlipHandle.jpg",,,,,,,,,0,,8927363956972.0,193.0,192.0,,,,,,,,,,,,,
1205,variable,8920479826156-professional-5-in-1-7-0-inch-black-gold-dog-grooming-scissors-set-straight-thinning-up-down-curved-shears-with-comb,,"Professional 5-in-1 7.0-inch Black & Gold Dog Grooming Scissors Set - Straight, Thinning, Up & Down Curved Shears with Comb",1,0,visible,,"<p data-sourcepos=""11:1-11:432"">Achieve master-level pet grooming with the <strong>BITE Professional 5-in-1 Black &amp; Gold Dog Grooming Scissors Set</strong>. This exquisite kit of essential <strong>beauty instruments</strong> is designed for unparalleled precision, versatility, and a touch of elegance. Each shear is crafted from high-quality steel with a unique patterned black finish and striking gold-colored handles, ensuring both exceptional performance and a luxurious aesthetic.</p>\n<ul data-sourcepos=""13:1-19:0"">\n<li data-sourcepos=""13:1-13:236"">\n<strong>Comprehensive 5-in-1 Kit:</strong> Includes a 7.0-inch Thinning Scissor, a 7.0-inch Straight Scissor, a 7.0-inch Down-Curved Scissor, a 7.0-inch Up-Curved Scissor, and a 19CM grooming comb, providing every tool needed for detailed styling.</li>\n<li data-sourcepos=""14:1-14:169"">\n<strong>Premium Black &amp; Gold Design:</strong> Features a unique patterned black blade finish paired with elegant gold handles, making this set as beautiful as it is functional.</li>\n<li data-sourcepos=""15:1-15:159"">\n<strong>Specialized Curved Shears:</strong> Includes both up-curved and down-curved scissors, perfect for precise shaping of paws, faces, legs, and overall body contours.</li>\n<li data-sourcepos=""16:1-16:150"">\n<strong>Razor-Sharp Precision:</strong> Engineered for effortless, smooth, and clean cuts, preventing pulling and ensuring a comfortable experience for your pet.</li>\n<li data-sourcepos=""17:1-17:139"">\n<strong>Ergonomic Comfort:</strong> Designed with comfortable handles that provide a secure grip, reducing hand fatigue during long grooming sessions.</li>\n<li data-sourcepos=""18:1-19:0"">\n<strong>Professional &amp; Home Use:</strong> Ideal for professional groomers and discerning pet owners seeking high-quality tools for salon-grade results at home.</li>\n</ul>\n<p data-sourcepos=""20:1-20:136"">Invest in this distinguished collection of <strong>bite instruments</strong> for pet care and transform your dog's grooming routine into an art form!</p>",,,taxable,,1,,,0,0,,,,,1,,,,"Pet Grooming Instruments, Pet Grooming Kits","4-in-1 grooming set, 4CR stainless steel scissors, 5-in-1 dog shears, 5-in-1 grooming kit, 5-in-1 pet grooming kit, 6-in-1 dog shears, 6-in-1 pet grooming kit, 7 inch dog shears, 7 inch pet shears, all-in-one pet groomer, Artecare dog grooming kit, beauty instruments, Bite Instruments, black and gold dog grooming, black and gold grooming scissors, black dog shears, black grooming set, black grooming shears, black grooming tools, black titanium scissors, blue accent scissors, cat grooming scissors, cat grooming supplies, Citywish pet grooming kit, comfortable grooming tools, complete pet grooming, comprehensive dog grooming, comprehensive dog kit, curved dog grooming scissors, curved dog scissors, curved grooming scissors, curved thinning straight shears, detail grooming scissors, dog comb, dog grooming comb, dog grooming scissors, dog grooming supplies, dog hair cutting kit, dog nail care, dog nail clippers, dog nail file, dog scissors set, dog shears, dog thinning shears, down curved scissors, durable dog grooming kit, durable dog scissors, durable pet shears, durable pet tools, Freewindo dog grooming kit, GEMEK dog grooming scissors, Gimars dog grooming scissors, gold dog grooming scissors, grooming instruments, grooming shears, grooming shears kit, home dog grooming, home pet grooming, JASON dog grooming scissors, luxurious grooming kit, luxurious pet grooming, multifunctional pet grooming set, nail clipper for dogs, paint coated shears, patterned blade scissors, pet beauty instruments, pet beauty tools, pet care supplies, pet care tools, pet grooming comb, pet grooming kit, pet grooming set, pet grooming supplies, pet hair clippers, pet hair cutting kit, pet styling kit, premium dog grooming, professional dog grooming, professional dog grooming set, professional dog shears, professional grooming instruments, professional grooming supplies, professional grooming tools, professional pet grooming kit, professional pet grooming set, professional pet shears, professional pet tools, razor-sharp dog grooming scissors, red accent grooming kit, safety grooming scissors, safety tip dog scissors, safety tip scissors, salon quality pet grooming, sharp dog scissors, sleek pet shears, small medium large dog grooming, stainless steel dog scissors, stainless steel grooming kit, stainless steel grooming tools, stainless steel pet shears, stainless steel scissors, straight dog scissors, straight grooming scissors, straight thinning curved scissors, thinning scissors, thinning shears, titanium coated dog scissors, titanium coated scissors, titanium pet scissors, up curved scissors",,"http://biteinstruments.com/wp-content/uploads/2025/10/DogGroomingScissors_BlackwithSafetyRoundTips.jpg, http://biteinstruments.com/wp-content/uploads/2025/10/GroomingShearsSetforcats.jpg, http://biteinstruments.com/wp-content/uploads/2025/10/5in1CurvedDogScissors.jpg, http://biteinstruments.com/wp-content/uploads/2025/10/ThinningDogScissors.jpg, http://biteinstruments.com/wp-content/uploads/2025/10/CurvedDogScissors.jpg, http://biteinstruments.com/wp-content/uploads/2025/10/GroomingShearsSetforDogs.jpg, http://biteinstruments.com/wp-content/uploads/2025/10/GroomingShearsSetforDog.jpg, http://biteinstruments.com/wp-content/uploads/2025/10/GroomingShearsSetforpuppies.jpg",,,,,,,,,0,,8920479826156.0,197.0,196.0,Color,"Black, Silver",0.0,0.0,,,,,,,,,
1208,variable,9013010727148-professional-5-in-1-7-0-inch-black-gold-dog-grooming-scissors-set-straight-thinning-up-down-curved-shears-with-comb-copy,,"Professional 5-in-1 7.0-inch Black & Gold Dog Grooming Scissors Set - Straight, Thinning, Up & Down Curved Shears with Comb",1,0,visible,,"<p data-sourcepos=""11:1-11:432"">Achieve master-level pet grooming with the <strong>BITE Professional 5-in-1 Black &amp; Gold Dog Grooming Scissors Set</strong>. This exquisite kit of essential <strong>beauty instruments</strong> is designed for unparalleled precision, versatility, and a touch of elegance. Each shear is crafted from high-quality steel with a unique patterned black finish and striking gold-colored handles, ensuring both exceptional performance and a luxurious aesthetic.</p>\n<ul data-sourcepos=""13:1-19:0"">\n<li data-sourcepos=""13:1-13:236"">\n<strong>Comprehensive 5-in-1 Kit:</strong> Includes a 7.0-inch Thinning Scissor, a 7.0-inch Straight Scissor, a 7.0-inch Down-Curved Scissor, a 7.0-inch Up-Curved Scissor, and a 19CM grooming comb, providing every tool needed for detailed styling.</li>\n<li data-sourcepos=""14:1-14:169"">\n<strong>Premium Black &amp; Gold Design:</strong> Features a unique patterned black blade finish paired with elegant gold handles, making this set as beautiful as it is functional.</li>\n<li data-sourcepos=""15:1-15:159"">\n<strong>Specialized Curved Shears:</strong> Includes both up-curved and down-curved scissors, perfect for precise shaping of paws, faces, legs, and overall body contours.</li>\n<li data-sourcepos=""16:1-16:150"">\n<strong>Razor-Sharp Precision:</strong> Engineered for effortless, smooth, and clean cuts, preventing pulling and ensuring a comfortable experience for your pet.</li>\n<li data-sourcepos=""17:1-17:139"">\n<strong>Ergonomic Comfort:</strong> Designed with comfortable handles that provide a secure grip, reducing hand fatigue during long grooming sessions.</li>\n<li data-sourcepos=""18:1-19:0"">\n<strong>Professional &amp; Home Use:</strong> Ideal for professional groomers and discerning pet owners seeking high-quality tools for salon-grade results at home.</li>\n</ul>\n<p data-sourcepos=""20:1-20:136"">Invest in this distinguished collection of <strong>bite instruments</strong> for pet care and transform your dog's grooming routine into an art form!</p>",,,taxable,,1,,,0,0,,,,,1,,,,"Pet Grooming Instruments, Pet Grooming Kits","4-in-1 grooming set, 4CR stainless steel scissors, 5-in-1 dog shears, 5-in-1 grooming kit, 5-in-1 pet grooming kit, 6-in-1 dog shears, 6-in-1 pet grooming kit, 7 inch dog shears, 7 inch pet shears, all-in-one pet groomer, Artecare dog grooming kit, beauty instruments, Bite Instruments, black and gold dog grooming, black and gold grooming scissors, black dog shears, black grooming set, black grooming shears, black grooming tools, black titanium scissors, blue accent scissors, cat grooming scissors, cat grooming supplies, Citywish pet grooming kit, comfortable grooming tools, complete pet grooming, comprehensive dog grooming, comprehensive dog kit, curved dog grooming scissors, curved dog scissors, curved grooming scissors, curved thinning straight shears, detail grooming scissors, dog comb, dog grooming comb, dog grooming scissors, dog grooming supplies, dog hair cutting kit, dog nail care, dog nail clippers, dog nail file, dog scissors set, dog shears, dog thinning shears, down curved scissors, durable dog grooming kit, durable dog scissors, durable pet shears, durable pet tools, Freewindo dog grooming kit, GEMEK dog grooming scissors, Gimars dog grooming scissors, gold dog grooming scissors, grooming instruments, grooming shears, grooming shears kit, home dog grooming, home pet grooming, JASON dog grooming scissors, luxurious grooming kit, luxurious pet grooming, multifunctional pet grooming set, nail clipper for dogs, paint coated shears, patterned blade scissors, pet beauty instruments, pet beauty tools, pet care supplies, pet care tools, pet grooming comb, pet grooming kit, pet grooming set, pet grooming supplies, pet hair clippers, pet hair cutting kit, pet styling kit, premium dog grooming, professional dog grooming, professional dog grooming set, professional dog shears, professional grooming instruments, professional grooming supplies, professional grooming tools, professional pet grooming kit, professional pet grooming set, professional pet shears, professional pet tools, razor-sharp dog grooming scissors, red accent grooming kit, safety grooming scissors, safety tip dog scissors, safety tip scissors, salon quality pet grooming, sharp dog scissors, sleek pet shears, small medium large dog grooming, stainless steel dog scissors, stainless steel grooming kit, stainless steel grooming tools, stainless steel pet shears, stainless steel scissors, straight dog scissors, straight grooming scissors, straight thinning curved scissors, thinning scissors, thinning shears, titanium coated dog scissors, titanium coated scissors, titanium pet scissors, up curved scissors",,"http://biteinstruments.com/wp-content/uploads/2025/10/petgroomingscissorssets_1.jpg, http://biteinstruments.com/wp-content/uploads/2025/10/pet_grooming_scissors_sets_2.jpg, http://biteinstruments.com/wp-content/uploads/2025/10/pet_grooming_scissors_sets_3.jpg, http://biteinstruments.com/wp-content/uploads/2025/10/pet_grooming_scissors_sets_4.jpg, http://biteinstruments.com/wp-content/uploads/2025/10/pet_grooming_scissors_sets_5.jpg, http://biteinstruments.com/wp-content/uploads/2025/10/pet_grooming_scissors_sets_6.jpg",,,,,,,,,0,,9013010727148.0,195.0,194.0,Color,"Black, Silver",0.0,0.0,,,,,,,,,
1211,simple,,,Professional 5-in-1 Gold Dog & Cat Grooming Scissors Set - 7-inch Shears with Safety Round Tips & Comb,1,0,visible,,"<p data-sourcepos=""11:1-11:471"">Achieve flawless, professional-grade grooming for your beloved pets with the <strong>BITE Professional 5-in-1 Gold Dog &amp; Cat Grooming Scissors Set</strong>. This elegant kit of essential <strong>beauty instruments</strong> is meticulously designed for sharpness, comfort, and safety, making it perfect for grooming small, medium, and large dogs or cats. Crafted from durable stainless steel with stunning gold-accented handles, these tools combine both performance and sophisticated style.</p>\n<ul data-sourcepos=""13:1-19:0"">\n<li data-sourcepos=""13:1-13:246"">\n<strong>Comprehensive 5-in-1 Kit:</strong> Includes a 7.0"" straight scissor, a 7.0"" thinning scissor, a 7.0"" curved scissor, a 14CM detail/facial trimmer (forceps-style), and a 19CM grooming comb, providing a complete range of tools for every grooming need.</li>\n<li data-sourcepos=""14:1-14:162"">\n<strong>Sharp &amp; Comfortable Design:</strong> Engineered for precise, effortless cutting, ensuring a smooth and comfortable grooming experience for both you and your pet.</li>\n<li data-sourcepos=""15:1-15:170"">\n<strong>Safety Round Tips:</strong> Features rounded, blunt tips on applicable shears to enhance safety and minimize the risk of accidental pokes, especially around sensitive areas.</li>\n<li data-sourcepos=""16:1-16:177"">\n<strong>Elegant Gold Accents:</strong> The ergonomic handles with striking gold-colored finger rings not only provide a secure grip but also add a touch of luxury to your grooming toolkit.</li>\n<li data-sourcepos=""17:1-17:168"">\n<strong>Versatile for All Pet Sizes:</strong> Suitable for various dog breeds and sizes, as well as cats, allowing you to create unique shapes and styles for different body parts.</li>\n<li data-sourcepos=""18:1-19:0"">\n<strong>Durable Stainless Steel:</strong> Constructed for long-lasting performance and easy maintenance, ensuring your grooming tools remain in top condition.</li>\n</ul>\n<p data-sourcepos=""20:1-20:125"">Explore more high-quality <strong>bite instruments</strong> and comprehensive grooming solutions for all your pet care needs in our store.</p>",,,taxable,,1,45.0,,0,0,,,,,1,,,"65,45","Pet Grooming Instruments, Pet Grooming Kits","4-in-1 grooming set, 4CR stainless steel scissors, 5-in-1 dog shears, 5-in-1 grooming kit, 5-in-1 grooming set, 5-in-1 pet grooming kit, 6-in-1 dog shears, 6-in-1 pet grooming kit, 7 inch dog shears, 7 inch pet shears, all-in-one pet groomer, Artecare dog grooming kit, beauty instruments, Bite Instruments, black and gold dog grooming, black and gold grooming scissors, black dog shears, black grooming set, black grooming shears, black grooming tools, black titanium scissors, blue accent scissors, blunt tip scissors, cat facial trimmer, cat grooming scissors, cat grooming supplies, cat grooming tools, Citywish dog grooming kit, Citywish pet grooming kit, comfortable grooming tools, complete pet grooming, comprehensive dog grooming, comprehensive dog kit, curved dog grooming scissors, curved dog scissors, curved grooming scissors, curved thinning straight scissors, curved thinning straight shears, detail grooming scissors, detail trimmer, dog comb, dog facial trimmer, dog grooming comb, dog grooming scissors, dog grooming shears, dog grooming supplies, dog hair cutting kit, dog nail care, dog nail clippers, dog nail file, dog scissors set, dog shears, dog styling scissors, dog thinning shears, down curved scissors, dragon style grooming scissors, durable dog grooming kit, durable dog scissors, durable pet shears, durable pet tools, ear hair scissors, facial trimmer for pets, fancy hair shears, Freewindo dog grooming kit, GEMEK dog grooming scissors, Gimars dog grooming scissors, gold dog grooming scissors, gold pet grooming shears, grooming instruments, grooming shears, grooming shears kit, home dog grooming, home grooming, home pet grooming, JASON dog grooming scissors, luxurious grooming kit, luxurious pet grooming, luxury pet grooming, multifunctional pet grooming set, nail clipper for dogs, paint coated shears, patterned blade scissors, paw trimming scissors, pet beauty instruments, pet beauty tools, pet body trimmer, pet care supplies, pet care tools, pet grooming comb, pet grooming kit, pet grooming scissors, pet grooming set, pet grooming supplies, pet hair clippers, pet hair cutting, pet hair cutting kit, pet safety scissors, pet styling kit, Pets First scissors, plastic handle scissors, premium dog grooming, professional cat grooming scissors, professional dog grooming, professional dog grooming set, professional dog shears, professional grooming instruments, professional grooming kit, professional grooming supplies, professional grooming tools, professional pet grooming kit, professional pet grooming set, professional pet shears, professional pet tools, razor-sharp dog grooming scissors, red accent grooming kit, safe grooming scissors, safety grooming scissors, safety tip dog scissors, safety tip scissors, salon quality grooming, salon quality pet grooming, sharp dog scissors, sleek pet shears, small medium large dog grooming, small pet scissors, stainless steel dog scissors, stainless steel grooming kit, stainless steel grooming tools, stainless steel pet scissors, stainless steel pet shears, stainless steel scissors, straight dog scissors, straight grooming scissors, straight thinning curved scissors, thinning scissors, thinning shears, titanium coated dog scissors, titanium coated scissors, titanium pet scissors, unique grooming tools, up curved scissors",,"http://biteinstruments.com/wp-content/uploads/2025/10/urvedThinningShearsDogGroomingwithSafetyRoundTips.jpg, http://biteinstruments.com/wp-content/uploads/2025/10/hemostaticforcep.jpg, http://biteinstruments.com/wp-content/uploads/2025/10/seveninchesdoggroomingscissorset.jpg, http://biteinstruments.com/wp-content/uploads/2025/10/seveninchesdogshears.jpg, http://biteinstruments.com/wp-content/uploads/2025/10/curveddogshear.jpg, http://biteinstruments.com/wp-content/uploads/2025/10/seveninchescurvedscissor.jpg, http://biteinstruments.com/wp-content/uploads/2025/10/dogcombs.jpg",,,,,,,,,0,,8927294914796.0,208.0,208.0,,,,,,,,,,,,,
1212,variable,8917723250924-titanium-coated-professional-6-in-1-4cr-stainless-steel-dog-grooming-scissors-with-safety-round-tip-heavy-duty-pet-grooming-scissor-for-dogs-cats-and-other-animals,,"Professional 6 in 1 4CR Stainless Steel Dog Grooming Scissors with Safety Round Tip, Pet Grooming Scissor for Dogs, Cats and Other Animals",1,0,visible,,"<p data-sourcepos=""13:1-13:515"">Achieve professional-quality pet grooming at home with our comprehensive 6-in-1 Dog Grooming Scissors Set. This premium collection features essential <strong>beauty instruments</strong> designed for precision, comfort, and safety, ensuring your furry friend looks their best. Crafted from durable <strong>4CR Stainless Steel</strong> with a sleek <strong>Titanium Coating</strong>, these scissors offer superior sharpness and longevity. The set comes complete with various specialized shears and a comb, all neatly organized in a convenient storage case.</p>\n<ul data-sourcepos=""15:1-21:0"">\n<li data-sourcepos=""15:1-15:136"">\n<strong>Complete 6-in-1 Set:</strong> Includes multiple scissors (straight, thinning, curved) and a grooming comb for all your pet's styling needs.</li>\n<li data-sourcepos=""16:1-16:136"">\n<strong>High-Quality Titanium Coated 4CR Stainless Steel:</strong> Ensures exceptional sharpness, durability, and resistance to rust and corrosion.</li>\n<li data-sourcepos=""17:1-17:155"">\n<strong>Safety Round Tips:</strong> Designed with blunt, round tips for enhanced safety, reducing the risk of accidental pokes or cuts, especially in sensitive areas.</li>\n<li data-sourcepos=""18:1-18:161"">\n<strong>Ergonomic Design with Blue Accents:</strong> Comfortable finger rings with blue inserts provide a secure grip and reduce hand fatigue during long grooming sessions.</li>\n<li data-sourcepos=""19:1-19:133"">\n<strong>Versatile Grooming:</strong> Perfect for trimming, thinning, and styling all coat types, from intricate detailing to overall body trims.</li>\n<li data-sourcepos=""20:1-21:0"">\n<strong>Convenient Storage &amp; Portability:</strong> Comes with a durable case to keep your tools organized, protected, and easy to transport.</li>\n</ul>\n<p data-sourcepos=""22:1-22:124"">Invest in this essential set of <strong>bite instruments</strong> for pet care and give your dog a comfortable, stylish groom every time!</p>",,,taxable,,1,,,0,0,,,,,1,,,,"Pet Grooming Instruments, Pet Grooming Kits","Bite Instruments, curved dog scissors, dog grooming comb, dog grooming scissors, dog shears, dog thinning shears, grooming instruments, home dog grooming, pet beauty tools, pet care supplies, pet grooming kit, pet hair clippers, professional dog grooming, safety tip scissors, stainless steel scissors, straight dog scissors, titanium coated scissors",,"http://biteinstruments.com/wp-content/uploads/2025/10/71Pcz9Qwc1L._AC_SL1500.jpg, http://biteinstruments.com/wp-content/uploads/2025/10/TitaniumCoatedPetGroomingScissorforDogs.jpg, http://biteinstruments.com/wp-content/uploads/2025/10/combsfordogs.jpg, http://biteinstruments.com/wp-content/uploads/2025/10/dogscissor.jpg, http://biteinstruments.com/wp-content/uploads/2025/10/GroomingScissorforDogs.jpg, http://biteinstruments.com/wp-content/uploads/2025/10/GroomingScissorsforDogswithSafetyRoundTip.jpg, http://biteinstruments.com/wp-content/uploads/2025/10/GroomingScissorsforDogs.jpg, http://biteinstruments.com/wp-content/uploads/2025/10/TitaniumCoatedPetGroomingScissor.jpg, http://biteinstruments.com/wp-content/uploads/2025/10/black_color_grooming_kit_for_dogs.jpg, http://biteinstruments.com/wp-content/uploads/2025/10/blue_color_scissor_for_dog_grooming.jpg, http://biteinstruments.com/wp-content/uploads/2025/10/rainbow_color_scissor_for_dogs.jpg",,,,,,,,,0,,8917723250924.0,189.0,187.0,Color,"Black, Pink, Blue, Rainbow",0.0,0.0,,,,,,,,,
1217,simple,,,Professional 6-in-1 Dog Grooming Scissors Set - 4CR Stainless Steel with Safety Round Tips & Case,1,0,visible,,"<p data-sourcepos=""13:1-13:548"">Elevate your pet grooming routine with our professional <strong>Black Dog Grooming Scissors Set</strong>. This comprehensive 6-in-1 collection features essential <strong>beauty instruments</strong> designed for precision, comfort, and safety, ensuring your furry friend always looks their best. Crafted from high-grade <strong>4CR Stainless Steel</strong> with an elegant black finish, these 7.0-inch scissors offer superior sharpness, durability, and a modern aesthetic. The complete set of specialized shears and a matching comb comes neatly organized in a durable, black storage case.</p>\n<ul data-sourcepos=""15:1-21:0"">\n<li data-sourcepos=""15:1-15:156"">\n<strong>Complete 6-in-1 Set:</strong> Includes straight, thinning, and curved scissors, plus a grooming comb, covering all essential styling needs for your pet's coat.</li>\n<li data-sourcepos=""16:1-16:141"">\n<strong>Premium 4CR Stainless Steel:</strong> Ensures exceptional sharpness, long-lasting performance, and resistance to rust and corrosion for hygiene.</li>\n<li data-sourcepos=""17:1-17:147"">\n<strong>Safety Round Tips:</strong> Designed with blunt, rounded tips for enhanced safety, minimizing the risk of accidental pokes or cuts in sensitive areas.</li>\n<li data-sourcepos=""18:1-18:127"">\n<strong>Ergonomic Black Handles:</strong> Provides a comfortable and secure grip, reducing hand fatigue during extended grooming sessions.</li>\n<li data-sourcepos=""19:1-19:133"">\n<strong>Versatile Grooming:</strong> Ideal for trimming, thinning, and styling various coat types, from intricate detailing to full body grooms.</li>\n<li data-sourcepos=""20:1-21:0"">\n<strong>Convenient Storage &amp; Portability:</strong> The included black zippered case keeps your tools organized, protected, and easy to transport for professional use or travel.</li>\n</ul>\n<p data-sourcepos=""22:1-22:142"">Invest in this essential set of <strong>bite instruments</strong> for pet care and achieve stylish, comfortable, and professional grooming results at home!</p>",,,taxable,,1,45.0,,0,0,,,,,1,,,"39,45","Pet Grooming Instruments, Pet Grooming Kits","4CR stainless steel scissors, 6-in-1 dog shears, 7 inch dog scissors, Bite Instruments, black dog grooming scissors, black grooming set, curved dog grooming scissors, curved dog scissors, dog grooming comb, dog grooming scissors, dog hair cutting kit, dog shears, dog thinning shears, grooming instruments, home dog grooming, pet beauty tools, pet care supplies, pet grooming kit, pet hair clippers, pet thinning shears, professional dog grooming, professional grooming instruments, professional pet grooming kit, safety tip dog scissors, safety tip scissors, stainless steel scissors, straight dog scissors, titanium coated scissors",,"http://biteinstruments.com/wp-content/uploads/2025/10/blackgrommingsetfordogs.jpg, http://biteinstruments.com/wp-content/uploads/2025/10/grommingscissor.jpg, http://biteinstruments.com/wp-content/uploads/2025/10/groomingscissorforcats.jpg, http://biteinstruments.com/wp-content/uploads/2025/10/combsfordogs_123282db-7b72-408c-97a5-55c7cbc9b7eb.jpg, http://biteinstruments.com/wp-content/uploads/2025/10/HeavyDutyTitaniumCoatedPetGroomingScissor.jpg, http://biteinstruments.com/wp-content/uploads/2025/10/highqualitygroomingscissor.jpg, http://biteinstruments.com/wp-content/uploads/2025/10/bestgroomingscissorfordogs.jpg",,,,,,,,,0,,8917727805676.0,182.0,180.0,,,,,,,,,,,,,
1218,simple,,,Professional 6-in-1 Titanium-Coated Dog & Cat Grooming Scissors Set - Safety Shears Kit for All Pet Sizes,1,0,visible,,"<p data-sourcepos=""11:1-11:447"">Achieve superior grooming results for every pet with the <strong>Professional 6-in-1 Titanium-Coated Grooming Scissors Set</strong>. This comprehensive collection of essential <strong>beauty instruments</strong> is expertly designed for precision, safety, and comfort, ensuring your small, medium, or large dog or cat looks their absolute best. Crafted with durable titanium-coated blades, these professional grooming shears offer exceptional sharpness and longevity.</p>\n<ul data-sourcepos=""13:1-19:0"">\n<li data-sourcepos=""13:1-13:207"">\n<strong>Complete 6-in-1 Set:</strong> Includes a 7.5"" grooming comb, 5.1"" curved scissors, 6.5"" straight scissors, 7"" thinning scissors, and 7.5"" curved scissors, providing a full range of tools for all grooming needs.</li>\n<li data-sourcepos=""14:1-14:125"">\n<strong>Titanium-Coated Blades:</strong> Ensures superior sharpness, corrosion resistance, and long-lasting durability for precise cuts.</li>\n<li data-sourcepos=""15:1-15:134"">\n<strong>Professional Safety Scissors:</strong> Designed with safety in mind for gentle and secure grooming, minimizing the risk of nicks or cuts.</li>\n<li data-sourcepos=""16:1-16:141"">\n<strong>Versatile for All Pets:</strong> Perfectly suited for grooming small, medium, and large dogs, as well as cats, making it an all-in-one solution.</li>\n<li data-sourcepos=""17:1-17:137"">\n<strong>Ergonomic Design:</strong> Engineered for comfortable handling and optimal control, reducing hand fatigue during extended grooming sessions.</li>\n<li data-sourcepos=""18:1-19:0"">\n<strong>Achieve Salon-Quality Results:</strong> Helps you create neat, healthy, and beautifully styled coats with ease and confidence.</li>\n</ul>\n<p data-sourcepos=""20:1-20:125"">Explore more high-quality <strong>bite instruments</strong> and comprehensive grooming solutions for all your pet care needs in our store.</p>",,,taxable,,1,45.0,,0,0,,,,,1,,,"29,45","Pet Grooming Instruments, Pet Grooming Kits","4CR stainless steel scissors, 5-in-1 dog shears, 5-in-1 pet grooming kit, 6-in-1 pet grooming kit, 7 inch dog shears, beauty instruments, Bite Instruments, black dog shears, black grooming set, black grooming shears, black grooming tools, black titanium scissors, blue accent scissors, cat grooming scissors, cat grooming supplies, curved dog grooming scissors, curved dog scissors, curved thinning straight shears, dog grooming comb, dog grooming scissors, dog shears, dog thinning shears, durable dog grooming kit, durable dog scissors, durable pet shears, GEMEK dog grooming scissors, Gimars dog grooming scissors, grooming instruments, grooming shears kit, home dog grooming, home pet grooming, pet beauty instruments, pet beauty tools, pet care supplies, pet grooming comb, pet grooming kit, pet grooming set, pet hair clippers, pet hair cutting kit, premium dog grooming, professional dog grooming, professional dog shears, professional grooming instruments, professional grooming tools, professional pet grooming kit, professional pet grooming set, razor-sharp dog grooming scissors, safety grooming scissors, safety tip dog scissors, safety tip scissors, salon quality pet grooming, sleek pet shears, small medium large dog grooming, stainless steel dog scissors, stainless steel scissors, straight dog scissors, straight thinning curved scissors, titanium coated dog scissors, titanium coated scissors, titanium pet scissors",,"http://biteinstruments.com/wp-content/uploads/2025/10/DogGroomingScissorsKitwithSafetyRoundTips.jpg, http://biteinstruments.com/wp-content/uploads/2025/10/GEMEKProfessional6in1GroomingScissorsforDogs.jpg, http://biteinstruments.com/wp-content/uploads/2025/10/PetGroomingScissors_f0d9d79e-777a-471b-a17d-cc4dc2e35070.jpg, http://biteinstruments.com/wp-content/uploads/2025/10/PetGroomingScissor.jpg, http://biteinstruments.com/wp-content/uploads/2025/10/HeavyDutyTitaniumCoatedPetGroomingandthiningScissor.jpg, http://biteinstruments.com/wp-content/uploads/2025/10/HeavyDutyTitaniumCoatedPetGroomingScissors.jpg, http://biteinstruments.com/wp-content/uploads/2025/10/HeavyDutyTitaniumCoatedPetGroomingScissor_635c8dbe-79f0-4d9f-809a-b7e21b32a086.jpg, http://biteinstruments.com/wp-content/uploads/2025/10/petgroom.jpg, http://biteinstruments.com/wp-content/uploads/2025/10/bestpetscissor.jpg",,,,,,,,,0,,8920372805868.0,183.0,183.0,,,,,,,,,,,,,
1230,variable,8927422939372-professional-7-0-inch-rose-gold-dog-grooming-scissors-set-440c-stainless-steel-curved-thinning-straight-shears-with-comb,,"Professional 7.0-inch Rose Gold Dog Grooming Scissors Set - 440C Stainless Steel Curved, Thinning & Straight Shears with Comb",1,0,visible,,"<p data-sourcepos=""11:1-11:487"">Indulge in the art of pet grooming with the <strong>BITE Professional Rose Gold Dog Grooming Scissors Set</strong>. This luxurious 4-piece kit of essential <strong>beauty instruments</strong> is crafted from premium <strong>440C Stainless Steel</strong>, renowned for its exceptional sharpness and durability, ensuring salon-quality results for your beloved canine companion. Adorned with a stunning rose gold finish and intricate jewel accents, these shears offer both unparalleled performance and sophisticated style.</p>\n<ul data-sourcepos=""13:1-19:0"">\n<li data-sourcepos=""13:1-13:210"">\n<strong>Premium 440C Stainless Steel:</strong> Each shear is meticulously crafted from high-grade 440C stainless steel, providing superior hardness, corrosion resistance, and long-lasting sharpness for effortless cutting.</li>\n<li data-sourcepos=""14:1-14:241"">\n<strong>Complete 4-Piece Professional Kit:</strong> Includes a 7.0-inch straight cutting shear, a 7.0-inch thinning shear, a 7.0-inch curved shear, and a durable purple grooming comb, offering all the specialized tools for comprehensive grooming tasks.</li>\n<li data-sourcepos=""15:1-15:209"">\n<strong>Elegant Rose Gold Aesthetic:</strong> Features a luxurious rose gold coating on the shears and handles, complemented by decorative jewels at the pivot, making this set a stylish addition to your grooming arsenal.</li>\n<li data-sourcepos=""16:1-16:208"">\n<strong>Precision &amp; Versatility:</strong> Designed for flawless performance, these shears allow for precise shaping, seamless blending, and refined finishing touches on all coat types, ensuring professional results.</li>\n<li data-sourcepos=""17:1-17:138"">\n<strong>Ergonomic Comfort:</strong> Engineered for comfortable handling and optimal control, reducing hand fatigue during extended grooming sessions.</li>\n<li data-sourcepos=""18:1-19:0"">\n<strong>Protective Storage Case:</strong> Comes with a sleek black case to keep your valuable tools organized, protected, and easily portable.</li>\n</ul>\n<p data-sourcepos=""20:1-20:118"">Discover more high-quality <strong>bite instruments</strong> and elevate your pet care routine with our premium grooming solutions.</p>",,,taxable,,1,,,0,0,,,,,1,,,,"Pet Grooming Instruments, Pet Grooming Kits","4-in-1 grooming set, 4-piece grooming kit, 440C stainless steel grooming, 4CR stainless steel scissors, 5 inch pet shears, 5-in-1 dog shears, 5-in-1 grooming kit, 5-in-1 grooming set, 5-in-1 pet grooming kit, 6-in-1 dog shears, 6-in-1 pet grooming kit, 7 inch dog shears, 7 inch pet shears, 8 inch pet shears, all-in-one pet groomer, Artecare dog grooming kit, beauty instruments, Bite Instruments, black and gold dog grooming, black and gold grooming scissors, black dog shears, black grooming set, black grooming shears, black grooming tools, black handle shears, black titanium scissors, blue accent scissors, blunt tip scissors, cat facial trimmer, cat grooming scissors, cat grooming supplies, cat grooming tools, Citywish dog grooming kit, Citywish pet grooming kit, comfortable grooming tools, compact grooming scissors, complete pet grooming, comprehensive dog grooming, comprehensive dog kit, curved dog grooming scissors, curved dog scissors, curved grooming scissors, curved thinning straight chunkers, curved thinning straight scissors, curved thinning straight shears, detail grooming scissors, detail trimmer, dog comb, dog facial trimmer, dog grooming comb, dog grooming scissors, dog grooming shears, dog grooming supplies, dog grooming tools, dog hair cutting, dog hair cutting kit, dog nail care, dog nail clippers, dog nail file, dog scissors set, dog shears, dog styling scissors, dog thinning shears, down curved scissors, dragon style grooming scissors, durable dog grooming kit, durable dog scissors, durable grooming tools, durable pet shears, durable pet tools, ear hair scissors, facial trimmer for pets, fancy hair shears, Fenice Peak dog grooming scissors, Freewindo dog grooming kit, GEMEK dog grooming scissors, Gimars dog grooming scissors, gold dog grooming scissors, gold pet grooming shears, grooming instruments, grooming shears, grooming shears kit, home dog grooming, home grooming, home grooming kit, home pet grooming, Japanese dog grooming shears, JASON dog grooming scissors, large dog grooming, luxurious grooming kit, luxurious pet grooming, luxury pet grooming, multifunctional pet grooming set, nail clipper for dogs, non-slip handle scissors, paint coated shears, patterned blade scissors, paw trimming scissors, pet beauty instruments, pet beauty tools, pet body trimmer, pet care supplies, pet care tools, pet grooming comb, pet grooming kit, pet grooming scissors, pet grooming set, pet grooming supplies, pet hair clippers, pet hair cutting, pet hair cutting kit, pet safety scissors, pet styling kit, pet styling shears, Pets First scissors, plastic handle scissors, precision grooming, premium dog grooming, professional cat grooming scissors, professional dog grooming, professional dog grooming kit, professional dog grooming scissors, professional dog grooming set, professional dog shears, professional grooming instruments, professional grooming kit, professional grooming set, professional grooming supplies, professional grooming tools, professional pet grooming kit, professional pet grooming set, professional pet shears, professional pet tools, Purple Dragon dog grooming scissors, purple grooming set, razor-sharp dog grooming scissors, red accent grooming kit, rose gold dog grooming scissors, rose gold pet shears, rose gold shears, safe grooming scissors, safety grooming scissors, safety tip dog scissors, safety tip scissors, salon quality grooming, salon quality pet grooming, sharp dog scissors, sleek pet shears, small medium large dog grooming, small pet scissors, stainless steel dog scissors, stainless steel dog shears, stainless steel grooming kit, stainless steel grooming shears, stainless steel grooming tools, stainless steel pet scissors, stainless steel pet shears, stainless steel scissors, straight curved chunker scissors, straight dog scissors, straight grooming scissors, straight thinning curved scissors, straight thinning scissors, texturizing shears, thinning scissors, thinning shears, titanium coated dog scissors, titanium coated scissors, titanium pet scissors, unique grooming tools, up curved scissors",,"http://biteinstruments.com/wp-content/uploads/2025/10/7_ProfessionalDogGroomingScissorsSet.jpg, http://biteinstruments.com/wp-content/uploads/2025/10/tainlessSteelStraightThinningCurvedChunkerShears4pcskit.jpg, http://biteinstruments.com/wp-content/uploads/2025/10/ThinningCurvedChunkerShears.jpg, http://biteinstruments.com/wp-content/uploads/2025/10/ThinningCurvedChunkerShear.jpg, http://biteinstruments.com/wp-content/uploads/2025/10/tainlessSteelStraightThinningCurvedChunkerShears4pcsSet.jpg, http://biteinstruments.com/wp-content/uploads/2025/10/straightscissorfordoggrooming.jpg, http://biteinstruments.com/wp-content/uploads/2025/10/ProfessionalDogGroomingScissorsSetRoseGold440CStainlessSteel.jpg",,,,,,,,,0,,8927422939372.0,209.0,209.0,Size,"7 inches, 7.5 inches",0.0,0.0,,,,,,,,,
1233,simple,,,Professional 7.0in Black & Gold Pet Grooming Scissors Set - 5-in-1 Stainless Steel Kit for Dogs & Cats,1,0,visible,,"<p data-sourcepos=""11:1-11:530"">Give your pet a luxurious and professional grooming experience with the <strong>BITE Professional 7.0-inch Black &amp; Gold Pet Grooming Scissors Set</strong>. This comprehensive 5-in-1 kit of essential <strong>beauty instruments</strong> combines sleek design with superior performance, ensuring your furry friend looks and feels their absolute best. Crafted from high-quality stainless steel with an elegant paint-coated black finish and striking gold accents, these shears offer exceptional sharpness, durability, and a truly professional aesthetic.</p>\n<ul data-sourcepos=""13:1-19:0"">\n<li data-sourcepos=""13:1-13:207"">\n<strong>Complete 5-in-1 Kit:</strong> Includes a straight cutting shear, a thinning shear, a curved shear, a detail/finishing scissor, and a durable gold grooming comb, providing versatile tools for all grooming needs.</li>\n<li data-sourcepos=""14:1-14:183"">\n<strong>Premium Paint-Coated Stainless Steel:</strong> Constructed from high-grade stainless steel with a stylish black paint coating for enhanced durability, rust resistance, and a modern look.</li>\n<li data-sourcepos=""15:1-15:127"">\n<strong>7.0-inch Professional Size:</strong> Ideal length for efficient and precise grooming of various dog and cat breeds and coat types.</li>\n<li data-sourcepos=""16:1-16:159"">\n<strong>Elegant Black &amp; Gold Design:</strong> Features striking gold finger rings and a matching gold comb, adding a touch of sophistication to your grooming toolkit.</li>\n<li data-sourcepos=""17:1-17:133"">\n<strong>Razor-Sharp Blades:</strong> Engineered for smooth, effortless cutting, ensuring clean trims without pulling or damaging your pet's fur.</li>\n<li data-sourcepos=""18:1-19:0"">\n<strong>Convenient Storage &amp; Portability:</strong> Comes with a durable zippered black case to keep your tools organized, protected, and easily transportable.</li>\n</ul>\n<p data-sourcepos=""20:1-20:177"">Invest in this essential collection of <strong>bite instruments</strong> for pet care and achieve precise, comfortable, and beautifully styled grooming results from the comfort of your home!</p>",,,taxable,,1,45.0,,0,0,,,,,1,,,"44,45","Pet Grooming Instruments, Pet Grooming Kits","4CR stainless steel scissors, 5-in-1 dog shears, 5-in-1 pet grooming kit, 6-in-1 dog shears, 6-in-1 pet grooming kit, 7 inch dog shears, all-in-one pet groomer, Artecare dog grooming kit, beauty instruments, Bite Instruments, black and gold grooming scissors, black dog shears, black grooming set, black grooming shears, black grooming tools, black titanium scissors, blue accent scissors, cat grooming scissors, cat grooming supplies, Citywish pet grooming kit, complete pet grooming, comprehensive dog grooming, comprehensive dog kit, curved dog grooming scissors, curved dog scissors, curved grooming scissors, curved thinning straight shears, detail grooming scissors, dog comb, dog grooming comb, dog grooming scissors, dog grooming supplies, dog nail care, dog nail clippers, dog nail file, dog scissors set, dog shears, dog thinning shears, durable dog grooming kit, durable dog scissors, durable pet shears, durable pet tools, Freewindo dog grooming kit, GEMEK dog grooming scissors, Gimars dog grooming scissors, grooming instruments, grooming shears, grooming shears kit, home dog grooming, home pet grooming, luxurious grooming kit, multifunctional pet grooming set, nail clipper for dogs, paint coated shears, pet beauty instruments, pet beauty tools, pet care supplies, pet care tools, pet grooming comb, pet grooming kit, pet grooming set, pet grooming supplies, pet hair clippers, pet hair cutting kit, premium dog grooming, professional dog grooming, professional dog grooming set, professional dog shears, professional grooming instruments, professional grooming supplies, professional grooming tools, professional pet grooming kit, professional pet grooming set, professional pet tools, razor-sharp dog grooming scissors, red accent grooming kit, safety grooming scissors, safety tip dog scissors, safety tip scissors, salon quality pet grooming, sleek pet shears, small medium large dog grooming, stainless steel dog scissors, stainless steel grooming kit, stainless steel grooming tools, stainless steel scissors, straight dog scissors, straight grooming scissors, straight thinning curved scissors, thinning scissors, thinning shears, titanium coated dog scissors, titanium coated scissors, titanium pet scissors",,"http://biteinstruments.com/wp-content/uploads/2025/10/catGroomingScissors.jpg, http://biteinstruments.com/wp-content/uploads/2025/10/DogGroomingScissorskit_0b5b9a69-240c-46be-be2b-207ab3c2043b.jpg, http://biteinstruments.com/wp-content/uploads/2025/10/RabbitGroomingScissorskit.jpg, http://biteinstruments.com/wp-content/uploads/2025/10/PaintCoatedCurvedScissors.jpg, http://biteinstruments.com/wp-content/uploads/2025/10/ThinningScissorswithSafetyRoundTips.jpg, http://biteinstruments.com/wp-content/uploads/2025/10/SharpandDurable5in1DogScissorsforGrooming.jpg, http://biteinstruments.com/wp-content/uploads/2025/10/catGroomingScissorsset.jpg",,,,,,,,,0,,8920430739692.0,178.0,178.0,,,,,,,,,,,,,
1234,variable,8929961935084-professional-7-5-inch-dog-grooming-straight-scissors-jp440c-steel-with-sharp-blades-rose-gold-handles,,Professional 7.5-inch Dog Grooming Straight Scissors - JP440C Steel with Sharp Blades & Rose Gold Handles,1,0,visible,,"<p data-sourcepos=""11:1-11:434"">Achieve superior grooming results with the <strong>BITE Professional 7.5-inch Dog Grooming Straight Scissors</strong>. This premium <strong>beauty instrument</strong> is engineered for precision and durability, making it an indispensable tool for professional groomers and discerning pet owners alike. Crafted from high-grade JP440C alloy steel and featuring a sharp, durable blade, these scissors ensure effortless and clean cuts for a flawless finish.</p>\n<ul data-sourcepos=""13:1-19:0"">\n<li data-sourcepos=""13:1-13:196"">\n<strong>Optimal 7.5-inch Size:</strong> Designed for efficient and precise trimming, with a total length of 8.07 inches and a blade length of 3.94 inches, perfect for various grooming tasks on dogs and cats.</li>\n<li data-sourcepos=""14:1-14:185"">\n<strong>Premium JP440C Alloy Steel:</strong> Made from top-tier JP440C alloy steel with a head hardness of 62hrc, guaranteeing exceptional sharpness, wear resistance, and long-lasting performance.</li>\n<li data-sourcepos=""15:1-15:164"">\n<strong>Razor-Sharp &amp; Durable:</strong> Expertly honed blades provide superior cutting performance, ensuring smooth, clean cuts without pulling or snagging your pet's fur.</li>\n<li data-sourcepos=""16:1-16:178"">\n<strong>High Precision CNC Screw:</strong> Features a high precision CNC screw system that allows for smooth operation and easy tension adjustment, enhancing control and comfort during use.</li>\n<li data-sourcepos=""17:1-17:173"">\n<strong>Elegant Design:</strong> Adorned with stylish rose gold/bronze handles and a decorative jewel at the pivot, combining professional functionality with a touch of sophistication.</li>\n<li data-sourcepos=""18:1-19:0"">\n<strong>Versatile Grooming:</strong> Ideal for general trimming, shaping, and precise cuts on all coat types, helping you achieve professional salon-quality results from home.</li>\n</ul>\n<p data-sourcepos=""20:1-20:117"">Explore more high-quality <strong>bite instruments</strong> and elevate your pet care routine with our premium grooming solutions.</p>",,,taxable,,1,,,0,0,,,,,1,,,,"Pet Grooming Instruments, Pet Grooming Instruments > Pet Straight Scissors","7.5 inch straight scissors, beauty instruments, Bite Instruments, dog grooming straight shear, dog hair cutting, durable grooming shears, Fenice Peak dog grooming scissors, high precision pet scissors, JP440C steel scissors, pet styling tools, professional grooming supplies, professional pet shears, rose gold grooming tools, salon quality pet grooming, sharp dog scissors",,"http://biteinstruments.com/wp-content/uploads/2025/10/DogStraightScissors.jpg, http://biteinstruments.com/wp-content/uploads/2025/10/SharpBladesCuttingforDogs.jpg, http://biteinstruments.com/wp-content/uploads/2025/10/DogStraightScissorsforGrooming440CStainlessSteel.jpg, http://biteinstruments.com/wp-content/uploads/2025/10/RoseGoldProfessionalPetTrimmingScissors.jpg, http://biteinstruments.com/wp-content/uploads/2025/10/ScissorsSharpBladesCuttingforDogs.jpg, http://biteinstruments.com/wp-content/uploads/2025/10/7.5_DogStraightScissors.jpg",,,,,,,,,0,,8929961935084.0,201.0,200.0,Size,"7"", 7.5"", 8""",0.0,0.0,,,,,,,,,
1238,simple,,,Professional 7/7.5/8 Pet Grooming Scissors Thinning Cutting Shears for Dog s/Cats Thinning,1,0,visible,,"<p data-sourcepos=""9:1-9:457"">Achieve beautifully blended and textured hairstyles with the professional<span> </span><strong>Stainless Steel Hair Thinning Scissors</strong><span> </span>from<span> </span><strong>Bite Instruments</strong>. Designed for precision and control, these high-quality thinning shears are an indispensable tool for barbers, stylists, and home users looking to expertly remove bulk, soften lines, and create natural-looking volume in any hair type. Trust<span> </span><strong>Bite Instruments</strong><span> </span>for durable, sharp, and reliable hair cutting tools.</p>\n<p data-sourcepos=""11:1-11:28"">Key Features &amp; Benefits:</p>\n<ul data-sourcepos=""13:1-19:0"">\n<li data-sourcepos=""13:1-13:223"">\n<strong>Efficient Hair Thinning &amp; Texturizing:</strong><span> </span>Features precisely crafted toothed blades designed for effective bulk removal, seamless blending, and adding natural-looking texture without compromising overall hair length.</li>\n<li data-sourcepos=""14:1-14:185"">\n<strong>Premium Stainless Steel Construction:</strong><span> </span>Made from high-grade, rust-resistant<span> </span><strong>stainless steel</strong>, ensuring long-lasting sharpness, durability, and easy maintenance for hygienic use.</li>\n<li data-sourcepos=""15:1-15:176"">\n<strong>Ergonomic Design:</strong><span> </span>The classic handle design provides a comfortable and secure grip, allowing for stable control and reduced hand fatigue during extended styling sessions.</li>\n<li data-sourcepos=""16:1-16:144"">\n<strong>Versatile Styling Tool:</strong><span> </span>Ideal for softening blunt lines, adding movement and volume, thinning out thick hair, or creating seamless layers.</li>\n<li data-sourcepos=""17:1-17:192"">\n<strong>Smooth Cutting Action:</strong><span> </span>Engineered for smooth, quiet operation, these shears glide through hair without snagging or pulling, ensuring a comfortable experience for both stylist and client.</li>\n<li data-sourcepos=""18:1-19:0"">\n<strong>Professional Grade:</strong><span> </span>A reliable choice for salon professionals and home users who demand exceptional performance and a polished finish.</li>\n</ul>\n<p data-sourcepos=""20:1-20:224"">Elevate your hair styling capabilities with these essential<span> </span><strong>thinning scissors</strong><span> </span>from<span> </span><strong>Bite Instruments</strong>. They are a must-have for anyone seeking to perfect their hair cutting techniques and achieve salon-quality results.</p>",,,taxable,,1,53.0,,0,0,,,,,1,,,"33,00","Pet Grooming Instruments > Blenders\, Chunkers & Thinning Scissors, Pet Grooming Instruments","Bite Instruments, Bite Instruments thinning shears, blenders chunkers and thinners Bite Instruments, chunker shears dog groomer, curved dog grooming scissors, curved dog scissors, curved grooming scissors Bite Instruments, dog grooming comb, dog grooming scissors, dog grooming thinning scissors, dog hair cutting kit, dog shears, dog thinning shears, home dog grooming, Japanese steel dog scissors, Moontay grooming (if applicable based on brand recognition), pet beauty tools, pet care supplies, Pet Curved Chunker Shears, pet grooming chunker scissors, pet grooming kit, pet thinning shears, premium pet grooming tools, professional dog grooming, professional dog shears, professional pet grooming set, professional thinning shears for pets, purple dog grooming scissors, purple grooming set, safety tip scissors, stainless steel scissors, straight dog scissors, stylish pet shears, texturizing shears for pets",,"http://biteinstruments.com/wp-content/uploads/2025/10/petgrommimgscissors_1.jpg, http://biteinstruments.com/wp-content/uploads/2025/10/pet_grommimg_scissors_2.jpg, http://biteinstruments.com/wp-content/uploads/2025/10/pet_grommimg_scissors_3.jpg, http://biteinstruments.com/wp-content/uploads/2025/10/pet_grommimg_scissors_4.jpg, http://biteinstruments.com/wp-content/uploads/2025/10/pet_grommimg_scissors_5.jpg, http://biteinstruments.com/wp-content/uploads/2025/10/pet_grommimg_scissors_6.jpg",,,,,,,,,0,,9010164859116.0,183.0,182.0,,,,,,,,,,,,,
1344,simple,,,Professional Curved Chunker Dog Grooming Scissors | Bite Instruments,1,0,visible,,"<p>Give your furry clients the perfect finish with the <strong data-start=""479"" data-end=""537"">Bite Instruments Curved Chunkers Dog Grooming Scissors</strong>. Designed for professional groomers and pet owners, these chunking shears are ideal for <strong data-start=""626"" data-end=""675"">blending, shaping, and adding natural texture</strong> to dog and cat coats.</p>\n<p>Crafted from <strong data-start=""714"" data-end=""750"">premium Japanese stainless steel</strong>, these curved chunkers deliver <strong data-start=""782"" data-end=""852"">razor-sharp precision, smooth cutting, and long-lasting durability</strong>. The ergonomic handle ensures comfort during long grooming sessions, while the curved blade design provides a natural contour for faces, paws, and body trims.</p>\n<p>Whether you’re grooming at home or in a salon, Bite Instruments chunkers make it easy to achieve <strong data-start=""1112"" data-end=""1144"">professional-quality results</strong> while keeping pets safe and comfortable.</p>\n<hr data-start=""1189"" data-end=""1192"">\n<p>✅ <strong data-start=""1200"" data-end=""1217"">Key Features:</strong></p>\n<ul data-start=""1220"" data-end=""1658"">\n<li data-start=""1220"" data-end=""1312"">\n<strong data-start=""1222"" data-end=""1254"">Professional Curved Chunkers</strong> – Perfect for blending, thinning &amp; finishing pet coats.</li>\n<li data-start=""1313"" data-end=""1395"">\n<strong data-start=""1315"" data-end=""1342"">Premium Stainless Steel</strong> – Razor-sharp blades for precision and durability.</li>\n<li data-start=""1396"" data-end=""1484"">\n<strong data-start=""1398"" data-end=""1425"">Ergonomic Handle Design</strong> – Comfortable grip reduces hand fatigue during long use.</li>\n<li data-start=""1485"" data-end=""1566"">\n<strong data-start=""1487"" data-end=""1512"">Ideal for Dogs &amp; Cats</strong> – Safe and effective for all breeds and coat types.</li>\n<li data-start=""1567"" data-end=""1658"">\n<strong data-start=""1569"" data-end=""1602"">Trusted by Groomers Worldwide</strong> – Bite Instruments tools are designed for excellence.</li>\n</ul>\n<p>Give your pets a salon-quality grooming experience with <strong data-start=""1610"" data-end=""1655"">Bite Instruments Curved <strong data-start=""479"" data-end=""537"">Chunkers </strong> Grooming Scissors</strong> – combining <strong data-start=""1668"" data-end=""1702"">safety, precision, and comfort</strong> in one tool.</p>",,,taxable,,1,500.0,,0,0,,,,,1,,,"30,00","Pet Grooming Instruments > Curved Scissors, Beauty Care Instruments > Barber Tools > Grooming Scissors","7 inch dog shears, beauty instruments, beauty tool, best grooming scissors for dogs, Bite Instruments, black dog grooming scissors, cat grooming scissors safe tips, cat grooming shears, cat grooming thinning shears, cat grooming tools, curved blade scissors, Curved Chunkers Shears for Groomers, curved dog grooming scissors, curved dog scissors, curved grooming scissors, curved grooming scissors Bite Instruments, curved scissors, curved shears for pets, Dog Grooming Chunkers, dog grooming curved shears, dog grooming scissors, dog grooming shears, dog grooming straight shear, dog grooming supplies, dog grooming supplies Bite Instruments, dog hair cutting scissors, dog scissors, grooming instrument, grooming scissors, grooming shears, grooming supplies, grooming tools, home dog grooming, paw trimming scissors, pet beauty instruments, pet grooming, pet grooming accessories, Pet Grooming Curved Chunkers, pet grooming scissors, pet grooming scissors curved blades, pet grooming scissors curved thinner, pet grooming supplies, professional dog grooming tools, professional grooming tools",,"http://biteinstruments.com/wp-content/uploads/2025/10/B07T2QCZWS_0copy.jpg, http://biteinstruments.com/wp-content/uploads/2025/10/pet_gromming_scissors_10.jpg, http://biteinstruments.com/wp-content/uploads/2025/10/pet_gromming_scissors_11.jpg, http://biteinstruments.com/wp-content/uploads/2025/10/pet_gromming_scissors_12.jpg, http://biteinstruments.com/wp-content/uploads/2025/10/pet_gromming_scissors_13.jpg, http://biteinstruments.com/wp-content/uploads/2025/10/pet_gromming_scissors_9.jpg",,,,,,,,,0,,9012323025132.0,184.0,184.0,,,,,,,,,,,,,
1345,simple,,,Professional Curved Dog Grooming Scissors – Pet Hair Cutting Shears | Bite Instruments,1,0,visible,,"<p>Achieve professional grooming results at home with the <strong data-start=""439"" data-end=""502"">Bite Instruments Curved Grooming Scissors for Dogs and Pets</strong>. Crafted with <strong data-start=""517"" data-end=""551"">premium stainless steel blades</strong>, these curved shears allow for <strong data-start=""583"" data-end=""625"">precise trimming around delicate areas</strong> such as the face, ears, paws, and tail. Shop Bite Instruments Curved Grooming Scissors – safe, sharp &amp; ergonomic pet shears for dogs &amp; cats. Perfect for precise trimming of face, paws &amp; body.</p>\n<p>The <strong data-start=""673"" data-end=""720"">ergonomic design with a comfort grip handle</strong> reduces hand fatigue, making them perfect for long grooming sessions. The <strong data-start=""795"" data-end=""818"">rounded safety tips</strong> ensure your pet’s safety, giving you peace of mind while providing a smooth and stylish trim. Whether you’re a professional groomer or a pet parent, these scissors are an <strong data-start=""993"" data-end=""1020"">essential grooming tool</strong> for maintaining your pet’s healthy, neat, and tangle-free coat.</p>\n<p>✅ <strong data-start=""1090"" data-end=""1114"">Features &amp; Benefits:</strong></p>\n<ul data-start=""1117"" data-end=""1552"">\n<li class=""a-spacing-mini""><span class=""a-list-item""><strong>High-Quality Material </strong>- Made of high-quality 440C stainless steel, our dog grooming scissor ensures a clean, crisp and smooth cut. Easy to cut the thickest fur and toughest tangles.</span></li>\n<li class=""a-spacing-mini""><span class=""a-list-item""><strong>Personalized design: </strong>These scissors use Teflon coating, the color will always be bright and shiny, and will not fade. The multi-colored scissors bring a new experience to the user. It also shows off the taste and personality of the user.</span></li>\n<li class=""a-spacing-mini""><span class=""a-list-item""><strong>Safe for Your Pets </strong>- These dog grooming shears have a silencer, which can reduce the sound of the scissors handle hitting the sharp stainless steel blade. That can reduce the fear of sensitive pets. Make dog grooming easy and enjoyable.</span></li>\n<li class=""a-spacing-mini""><span class=""a-list-item""><strong>Scope:</strong> Suitable for any high-end barbers and beauty workers as well as families, you can easily cut pet hair in a dimensional look as you want without any sophisticated techniques.</span></li>\n<li class=""a-spacing-mini"">\n<span class=""a-list-item""><strong>Adjustable &amp; Comfortable </strong>- Adjustable screws can be tightened or loosened for sharpening and cleaning the blade, easy to operate, and making your cutting natural and smooth. You can easily adjust these scissors to suit your handle and control needs and reduce fatigue in your hand.</span><br>\n</li>\n</ul>\n<p>Give your pets a salon-quality grooming experience with <strong data-start=""1610"" data-end=""1655"">Bite Instruments Curved Grooming Scissors</strong> – combining <strong data-start=""1668"" data-end=""1702"">safety, precision, and comfort</strong> in one tool.</p>",,,taxable,,1,500.0,,0,0,,,,,1,,,"30,00","Pet Grooming Instruments > Curved Scissors, Beauty Care Instruments > Barber Tools > Grooming Scissors","7 inch dog shears, beauty instruments, beauty tool, best grooming scissors for dogs, Bite Instruments, black dog grooming scissors, cat grooming scissors safe tips, cat grooming shears, cat grooming tools, curved blade scissors, curved dog grooming scissors, curved dog scissors, curved grooming scissors, curved grooming scissors Bite Instruments, curved scissors, curved shears for pets, dog grooming curved shears, dog grooming scissors, dog grooming shears, dog grooming straight shear, dog grooming supplies, dog grooming supplies Bite Instruments, dog hair cutting scissors, dog scissors, grooming instrument, grooming scissors, grooming shears, grooming supplies, grooming tools, home dog grooming, paw trimming scissors, pet beauty instruments, pet grooming, pet grooming accessories, pet grooming scissors, pet grooming scissors curved blades, pet grooming supplies, professional dog grooming tools, professional grooming tools",,"http://biteinstruments.com/wp-content/uploads/2025/10/petcurvedgroomingscissors_2_cefc000d-1064-4e85-819f-6b43f8b3bde8.jpg, http://biteinstruments.com/wp-content/uploads/2025/10/pet_curved_grooming_scissors_4_8c266d1d-f684-4d3a-9cd5-2738f5f7e2f8.jpg, http://biteinstruments.com/wp-content/uploads/2025/10/pet_curved_grooming_scissors_5_10ed1fec-37ef-474c-a4b0-f316dd7f31eb.jpg, http://biteinstruments.com/wp-content/uploads/2025/10/pet_curved_grooming_scissors_3_e2ab7b56-0f42-4884-b595-8348cf9fe834.jpg, http://biteinstruments.com/wp-content/uploads/2025/10/pet_curved_grooming_scissors_6_aa51a8a4-7e38-4587-aec4-f80cbde00fb4.jpg, http://biteinstruments.com/wp-content/uploads/2025/10/pet_curved_grooming_scissors_7.jpg",,,,,,,,,0,,9012167704812.0,178.0,177.0,,,,,,,,,,,,,
1368,simple,,,Professional Dog Grooming Comb – Stainless Steel Pet Comb for Dogs & Cats,1,0,visible,,"<p>Upgrade your pet grooming routine with the <strong data-start=""396"" data-end=""447"">Bite Instruments Professional Dog Grooming Comb</strong> – designed for both <strong data-start=""468"" data-end=""485"">dogs and cats</strong>. Made with <strong data-start=""497"" data-end=""524"">premium stainless steel</strong>, this comb easily glides through fur, helping to <strong data-start=""574"" data-end=""620"">remove tangles, mats, loose hair, and dirt</strong> without causing discomfort. Perfect for everyday grooming, this comb keeps your pet’s coat <strong data-start=""712"" data-end=""742"">healthy, shiny, and smooth</strong>.</p>\n<p>Whether you’re a <strong data-start=""764"" data-end=""788"">professional groomer</strong> or a pet parent, this durable comb is a must-have grooming tool. With its <strong data-start=""863"" data-end=""891"">ergonomic anti-slip grip</strong> and dual-length teeth, it works efficiently on <strong data-start=""939"" data-end=""995"">all coat types – long, short, curly, or double coats</strong>.</p>\n<p>✨ <strong data-start=""1002"" data-end=""1019"">Key Features:</strong></p>\n<ul data-start=""1022"" data-end=""1423"">\n<li data-start=""1022"" data-end=""1100"">✅ <strong data-start=""1026"" data-end=""1054"">Premium Stainless Steel:</strong> Rust-resistant, durable, and safe for pets.</li>\n<li data-start=""1101"" data-end=""1181"">✅ <strong data-start=""1105"" data-end=""1127"">Dual-Length Teeth:</strong> Perfect for detangling, de-shedding, and finishing.</li>\n<li data-start=""1182"" data-end=""1271"">✅ <strong data-start=""1186"" data-end=""1207"">Comfort Grooming:</strong> Gentle on skin while effectively removing mats and loose fur.</li>\n<li data-start=""1272"" data-end=""1344"">✅ <strong data-start=""1276"" data-end=""1294"">Multi-Purpose:</strong> Ideal for <strong data-start=""1305"" data-end=""1341"">dogs, cats, and other furry pets</strong>.</li>\n<li data-start=""1345"" data-end=""1423"">✅ <strong data-start=""1349"" data-end=""1374"">Professional Quality:</strong> Trusted by groomers, made by Bite Instruments.</li>\n</ul>\n<p>Give your pet the comfort they deserve and make grooming time stress-free with <strong data-start=""1504"" data-end=""1542"">Bite Instruments Dog Grooming Comb</strong>.</p>",,,taxable,,1,45.0,,0,0,,,,,1,,,"7,00",Pet Grooming Instruments > Pet Combs,"beauty instruments, beauty tool, Bite Instruments, Bite Instruments dog comb, cat grooming comb, detangling comb for pets, dog comb long hair, dog comb short hair, dog grooming comb, grooming instruments, pet beauty instruments, pet beauty tools, pet care supplies, pet care tools, pet comb, pet grooming, pet grooming comb, pet grooming scissors, pet grooming set, pet grooming supplies, pet grooming tool, pet shedding comb, professional grooming comb, stainless steel pet comb",,"http://biteinstruments.com/wp-content/uploads/2025/10/pethaircomb_4.jpg, http://biteinstruments.com/wp-content/uploads/2025/10/pet_hair_comb_1_copy.jpg, http://biteinstruments.com/wp-content/uploads/2025/10/pet_hair_comb_2_copy.jpg, http://biteinstruments.com/wp-content/uploads/2025/10/pet_hair_comb_3_copy.jpg, http://biteinstruments.com/wp-content/uploads/2025/10/pet_hair_comb_5_copy.jpg, http://biteinstruments.com/wp-content/uploads/2025/10/pet_hair_comb_6_copy.jpg",,,,,,,,,0,,9010852331756.0,190.0,190.0,,,,,,,,,,,,,
1369,simple,,,"Professional Dog Grooming Kit - All-in-One Scissors Set, Nail Clipper, Comb & File with Case",1,0,visible,,"<p data-sourcepos=""48:1-48:445"">Give your beloved pet a complete and professional grooming experience right at home with the <strong>BITE Professional Dog Grooming Kit</strong>. This all-inclusive set of <strong>beauty instruments</strong> provides everything you need for head-to-paw care, ensuring your furry friend looks and feels their best. Crafted from high-quality stainless steel, each tool is designed for precision, durability, and comfortable handling, making grooming sessions a breeze.</p>\n<ul data-sourcepos=""50:1-56:0"">\n<li data-sourcepos=""50:1-50:238"">\n<strong>Comprehensive Grooming Solution:</strong> This complete kit includes professional grooming scissors (straight, thinning, and small detail scissors), a heavy-duty nail clipper with blue handles, a versatile double-sided comb, and a nail file.</li>\n<li data-sourcepos=""51:1-51:186"">\n<strong>High-Quality Stainless Steel Tools:</strong> Each metal tool is made from durable, rust-resistant stainless steel, ensuring long-lasting sharpness and hygienic performance for years of use.</li>\n<li data-sourcepos=""52:1-52:161"">\n<strong>Ergonomic &amp; Comfortable:</strong> Designed with comfortable grips and smooth action, reducing hand fatigue and making grooming easier for both you and your pet.</li>\n<li data-sourcepos=""53:1-53:145"">\n<strong>Versatile for All Needs:</strong> Perfect for trimming, thinning, de-shedding, nail care, and overall styling for various dog breeds and coat types.</li>\n<li data-sourcepos=""54:1-54:145"">\n<strong>Organized Storage:</strong> Comes with a sleek black zippered case to keep all your grooming tools neatly organized, protected, and easily portable.</li>\n<li data-sourcepos=""55:1-56:0"">\n<strong>Achieve Professional Results:</strong> Empower yourself to give your pet a salon-quality groom, maintaining their coat health and appearance with precision and care.</li>\n</ul>\n<p data-sourcepos=""57:1-57:126"">Discover more high-quality <strong>bite instruments</strong> and comprehensive grooming solutions for all your pet care needs in our store.</p>",,,taxable,,1,45.0,,0,0,,,,,1,,,"29,45","Pet Grooming Instruments, Pet Grooming Kits","4CR stainless steel scissors, 5-in-1 dog shears, 5-in-1 pet grooming kit, 6-in-1 pet grooming kit, 7 inch dog shears, all-in-one pet groomer, beauty instruments, Bite Instruments, black dog shears, black grooming set, black grooming shears, black grooming tools, black titanium scissors, blue accent scissors, cat grooming scissors, cat grooming supplies, complete pet grooming, comprehensive dog kit, curved dog grooming scissors, curved dog scissors, curved thinning straight shears, detail grooming scissors, dog comb, dog grooming comb, dog grooming scissors, dog nail care, dog nail file, dog scissors set, dog shears, dog thinning shears, durable dog grooming kit, durable dog scissors, durable pet shears, Freewindo dog grooming kit, GEMEK dog grooming scissors, Gimars dog grooming scissors, grooming instruments, grooming shears kit, home dog grooming, home pet grooming, nail clipper for dogs, pet beauty instruments, pet beauty tools, pet care supplies, pet grooming comb, pet grooming kit, pet grooming set, pet grooming supplies, pet hair clippers, pet hair cutting kit, premium dog grooming, professional dog grooming, professional dog grooming set, professional dog shears, professional grooming instruments, professional grooming tools, professional pet grooming kit, professional pet grooming set, razor-sharp dog grooming scissors, safety grooming scissors, safety tip dog scissors, safety tip scissors, salon quality pet grooming, sleek pet shears, small medium large dog grooming, stainless steel dog scissors, stainless steel grooming tools, stainless steel scissors, straight dog scissors, straight thinning curved scissors, thinning shears, titanium coated dog scissors, titanium coated scissors, titanium pet scissors",,"http://biteinstruments.com/wp-content/uploads/2025/10/FreewindoDogGroomingScissorsKit.jpg, http://biteinstruments.com/wp-content/uploads/2025/10/DogGroomingScissorsKit_bd2e2b16-690a-49ab-b4fe-0be877112e9f.jpg, http://biteinstruments.com/wp-content/uploads/2025/10/HeavyDutyStainlessSteelDogScissors.jpg, http://biteinstruments.com/wp-content/uploads/2025/10/HeavyDutyStainlessSteelDogScissorsamazon.jpg, http://biteinstruments.com/wp-content/uploads/2025/10/fullgroomingkit.jpg, http://biteinstruments.com/wp-content/uploads/2025/10/nailclipper.jpg, http://biteinstruments.com/wp-content/uploads/2025/10/fullgroominkitamazon.jpg",,,,,,,,,0,,8920397545708.0,188.0,188.0,,,,,,,,,,,,,
1370,variable,9010158502124-bite-instruments-37-teeth-dog-grooming-thinning-shears-japanese-steel-copy,,Professional Dog Grooming Scissors Pet Curved Chunker Shears 7.0''Sharp Blades 440C Steel Thinning Scissors,1,0,visible,,"<p>Give your pets a flawless, natural look with the <strong data-end=""457"" data-start=""408"">Bite Instruments Professional Thinning Shears</strong>. Designed with <strong data-end=""495"" data-start=""473"">37 precision teeth</strong>, these Japanese stainless steel thinning scissors blend, texturize, and remove bulk without leaving harsh lines, ensuring a smooth, polished finish every time.</p>\n<p>Perfect for <strong data-end=""706"" data-start=""671"">dogs and cats of all coat types</strong>, these grooming shears are a must-have tool for professional groomers and pet owners who want salon-quality results at home. The ergonomic handle provides comfort and reduces hand fatigue, allowing for better control during extended grooming sessions.</p>\n<p>✨ Features &amp; Benefits:</p>\n<ul data-end=""1491"" data-start=""991"">\n<li class=""a-spacing-mini""><span class=""a-list-item"">✂️ <strong>sharp and Fine Cut </strong>- These professional chunker scissors are sharpened by handicraftsmen. Experts check the scissors' sharpening one by one. Consequently, the blades of these dog grooming scissors are extremely sharp, and the cut is very fine, precise, and fast, regardless of the hair's quantity or type it is being used on.</span></li>\n<li class=""a-spacing-mini""><span class=""a-list-item"">✂️<strong>440C Steel &amp; Ultra Quality - </strong>The steel quality and the fine craftsmanship it is executed are the main factors defining the hardness, sharpness, and sharpness resistance, but also the shiny and professional look of the chunker scissors. Therefore, the dog grooming scissors are made of the highest quality 440C stainless steel, containing the best quality pure metals, with the greatest resistance, hardness, and wear resistance from all the stainless alloys.</span></li>\n<li class=""a-spacing-mini""><span class=""a-list-item"">✂️<strong> Extremely Durable &amp; Multipurpose</strong> - Thanks to the 440C steel and the craftsmanship with it designed, the blades of this dog grooming chunker shears maintain their sharpness for a long time regardless of the number of uses. Bite Instruments chunker scissors are perfect both for amateurs and professionals because they are simple to use and they cut very fine any type of hair – for dogs and cats</span></li>\n<li class=""a-spacing-mini""><span class=""a-list-item"">✂️<strong>Comfortable &amp; Smooth Motion -</strong> The handle of these texturizing scissors is designed to perfectly fit the hand, so the cut is more precise and the comfort is increased. The joint of the blades is professionally made, which is why the motion and the adjustment of these thinning shears are very fine, with long-lasting resistance and reduced sound to motion.</span></li>\n<li class=""a-spacing-mini"">\n<span class=""a-list-item"">✂️<strong>We fully trust the quality</strong>, durability, and utility of these chunker scissors. Time will show that these dog grooming scissors cuts extremely well, it efficiently fulfills utility. We offer 100% satisfaction or money back. Invest with no risk.</span><br>\n</li>\n</ul>\n<p><span class=""a-list-item""><span>Elevate your hair styling capabilities with these essential <strong>Chunker Shears</strong> </span><span> from </span><strong>Bite Instruments</strong><span>. They are a must-have for anyone seeking to perfect their hair cutting techniques and achieve salon-quality results.</span></span></p>",,,taxable,,1,,,0,0,,,,,1,,,,"Pet Grooming Instruments > Blenders\, Chunkers & Thinning Scissors, Pet Grooming Instruments","Bite Instruments, Bite Instruments thinning shears, curved dog grooming scissors, curved dog scissors, dog grooming comb, dog grooming scissors, dog grooming thinning scissors, dog hair cutting kit, dog shears, dog thinning shears, home dog grooming, Japanese steel dog scissors, Moontay grooming (if applicable based on brand recognition), pet beauty tools, pet care supplies, pet grooming kit, pet thinning shears, premium pet grooming tools, professional dog grooming, professional dog shears, professional pet grooming set, professional thinning shears for pets, purple dog grooming scissors, purple grooming set, safety tip scissors, stainless steel scissors, straight dog scissors, stylish pet shears",,"http://biteinstruments.com/wp-content/uploads/2025/10/pet_grooming_thinning_scissors_1.jpg, http://biteinstruments.com/wp-content/uploads/2025/10/pet_grooming_thinning_scissors_2.jpg, http://biteinstruments.com/wp-content/uploads/2025/10/pet_grooming_thinning_scissors_3.jpg, http://biteinstruments.com/wp-content/uploads/2025/10/pet_grooming_thinning_scissors_4.jpg, http://biteinstruments.com/wp-content/uploads/2025/10/pet_grooming_thinning_scissors_5.jpg, http://biteinstruments.com/wp-content/uploads/2025/10/pet_grooming_thinning_scissors_6.jpg",,,,,,,,,0,,9010158502124.0,180.0,179.0,Color,Gold,0.0,0.0,Size,7.0 inches,0.0,0.0,,,,,
1372,variable,9010161156332-professional-dog-grooming-scissors-pet-curved-chunker-shears-7-0sharp-blades-440c-steel-thinning-scissors-copy,,Professional Dog Grooming Scissors Pet Curved Chunker Shears 7.0''Sharp Blades 440C Steel Thinning Scissors,1,0,visible,,"<p>Give your pets a flawless, natural look with the <strong data-start=""408"" data-end=""457"">Bite Instruments Professional Thinning Shears</strong>. Designed with 20<strong data-start=""473"" data-end=""495""> precision teeth</strong>, these Japanese stainless steel thinning scissors blend, texturize, and remove bulk without leaving harsh lines, ensuring a smooth, polished finish every time.</p>\n<p>Perfect for <strong data-start=""671"" data-end=""706"">dogs and cats of all coat types</strong>, these grooming shears are a must-have tool for professional groomers and pet owners who want salon-quality results at home. The ergonomic handle provides comfort and reduces hand fatigue, allowing for better control during extended grooming sessions.</p>\n<p>✨ Features &amp; Benefits:</p>\n<ul data-start=""991"" data-end=""1491"">\n<li class=""a-spacing-mini""><span class=""a-list-item"">✂️ <strong>sharp and Fine Cut </strong>- These professional chunker scissors are sharpened by handicraftsmen. Experts check the scissors' sharpening one by one. Consequently, the blades of these dog grooming scissors are extremely sharp, and the cut is very fine, precise, and fast, regardless of the hair's quantity or type it is being used on.</span></li>\n<li class=""a-spacing-mini""><span class=""a-list-item"">✂️<strong>440C Steel &amp; Ultra Quality - </strong>The steel quality and the fine craftsmanship it is executed are the main factors defining the hardness, sharpness, and sharpness resistance, but also the shiny and professional look of the chunker scissors. Therefore, the dog grooming scissors are made of the highest quality 440C stainless steel, containing the best quality pure metals, with the greatest resistance, hardness, and wear resistance from all the stainless alloys.</span></li>\n<li class=""a-spacing-mini""><span class=""a-list-item"">✂️<strong> Extremely Durable &amp; Multipurpose</strong> - Thanks to the 440C steel and the craftsmanship with it designed, the blades of this dog grooming chunker shears maintain their sharpness for a long time regardless of the number of uses. Bite Instruments chunker scissors are perfect both for amateurs and professionals because they are simple to use and they cut very fine any type of hair – for dogs and cats</span></li>\n<li class=""a-spacing-mini""><span class=""a-list-item"">✂️<strong>Comfortable &amp; Smooth Motion -</strong> The handle of these texturizing scissors is designed to perfectly fit the hand, so the cut is more precise and the comfort is increased. The joint of the blades is professionally made, which is why the motion and the adjustment of these thinning shears are very fine, with long-lasting resistance and reduced sound to motion.</span></li>\n<li class=""a-spacing-mini"">\n<span class=""a-list-item"">✂️<strong>We fully trust the quality</strong>, durability, and utility of these chunker scissors. Time will show that these dog grooming scissors cuts extremely well, it efficiently fulfills utility. We offer 100% satisfaction or money back. Invest with no risk.</span><br>\n</li>\n</ul>\n<p><span class=""a-list-item""><span>Elevate your hair styling capabilities with these essential <strong>Chunker Shears</strong> </span><span> from </span><strong>Bite Instruments</strong><span>. They are a must-have for anyone seeking to perfect their hair cutting techniques and achieve salon-quality results.</span></span></p>",,,taxable,,1,,,0,0,,,,,1,,,,"Pet Grooming Instruments > Blenders\, Chunkers & Thinning Scissors, Pet Grooming Instruments","Bite Instruments, Bite Instruments thinning shears, curved dog grooming scissors, curved dog scissors, dog grooming comb, dog grooming scissors, dog grooming thinning scissors, dog hair cutting kit, dog shears, dog thinning shears, home dog grooming, Japanese steel dog scissors, Moontay grooming (if applicable based on brand recognition), pet beauty tools, pet care supplies, pet grooming kit, pet thinning shears, premium pet grooming tools, professional dog grooming, professional dog shears, professional pet grooming set, professional thinning shears for pets, purple dog grooming scissors, purple grooming set, safety tip scissors, stainless steel scissors, straight dog scissors, stylish pet shears",,"http://biteinstruments.com/wp-content/uploads/2025/10/ChunkerShearsDog_1.jpg, http://biteinstruments.com/wp-content/uploads/2025/10/Chunker_Shears_Dog_2.jpg, http://biteinstruments.com/wp-content/uploads/2025/10/Chunker_Shears_Dog_3.jpg, http://biteinstruments.com/wp-content/uploads/2025/10/Chunker_Shears_Dog_4.jpg, http://biteinstruments.com/wp-content/uploads/2025/10/Chunker_Shears_Dog_5.jpg, http://biteinstruments.com/wp-content/uploads/2025/10/Chunker_Shears_Dog_6.jpg",,,,,,,,,0,,9010161156332.0,192.0,191.0,Size,7.0 inches,0.0,0.0,Color,"Rainbow, Gold",0.0,0.0,,,,,
1375,simple,,,"Professional Dog Grooming Scissors Set Stainless Steel Dog Grooming Kit - Thinning, Curved Scissors and Comb for Dog Cat Pet (Black 5 in1)",1,0,visible,,"<p data-sourcepos=""11:1-11:576"">Achieve flawless, professional-grade pet grooming with our <strong>Razor-Sharp 5-in-1 Black Stainless Steel Dog Grooming Scissors Set</strong>. This premium collection of <strong>beauty instruments</strong> is expertly crafted for precision, comfort, and durability, ensuring your furry companion receives the finest care. Made from high-quality stainless steel with a sleek black finish, these shears are designed for exceptional cutting performance and a modern aesthetic. The comprehensive kit includes essential grooming tools and a matching comb, all neatly organized in a protective storage case.</p>\n<ul data-sourcepos=""13:1-19:0"">\n<li data-sourcepos=""13:1-13:161"">\n<strong>Razor-Sharp Performance:</strong> Each scissor is designed for superior sharpness, allowing for effortless, clean cuts without pulling or tugging on your pet's fur.</li>\n<li data-sourcepos=""14:1-14:181"">\n<strong>Durable Black Stainless Steel:</strong> Constructed from high-grade stainless steel with a sophisticated black coating for enhanced longevity, rust resistance, and a professional look.</li>\n<li data-sourcepos=""15:1-15:181"">\n<strong>Comprehensive 5-in-1 Kit:</strong> Includes essential grooming shears (e.g., straight, thinning, curved as seen in similar sets) and a robust grooming comb, covering all styling needs.</li>\n<li data-sourcepos=""16:1-16:130"">\n<strong>Ergonomic Design:</strong> Features comfortable handles for a secure grip and reduced hand fatigue during extended grooming sessions.</li>\n<li data-sourcepos=""17:1-17:134"">\n<strong>Versatile Grooming:</strong> Perfect for trimming, thinning, and styling all coat types, from intricate detailing to overall body grooms.</li>\n<li data-sourcepos=""18:1-19:0"">\n<strong>Protective Storage Case:</strong> Comes with a durable zippered case to keep your tools organized, protected, and easily portable for professional use or home convenience.</li>\n</ul>\n<p data-sourcepos=""20:1-20:142"">Invest in this essential set of <strong>bite instruments</strong> for pet care and deliver precise, comfortable, and beautiful grooming results every time!</p>",,,taxable,,1,45.0,,0,0,,,,,1,,,"39,45","Pet Grooming Instruments, Pet Grooming Kits","4CR stainless steel scissors, 5-in-1 dog shears, 5-in-1 pet grooming kit, Bite Instruments, black dog shears, black grooming set, black grooming tools, blue accent scissors, curved dog grooming scissors, curved dog scissors, dog grooming comb, dog grooming scissors, dog shears, dog thinning shears, durable dog grooming kit, durable pet shears, Gimars dog grooming scissors, grooming instruments, home dog grooming, pet beauty instruments, pet beauty tools, pet care supplies, pet grooming kit, pet hair clippers, pet hair cutting kit, premium dog grooming, professional dog grooming, professional grooming instruments, professional grooming tools, professional pet grooming kit, professional pet grooming set, razor-sharp dog grooming scissors, safety tip dog scissors, safety tip scissors, sleek pet shears, stainless steel dog scissors, stainless steel scissors, straight dog scissors, titanium coated scissors",,"http://biteinstruments.com/wp-content/uploads/2025/10/DogGroomingScissorsSetStainlessSteel.jpg, http://biteinstruments.com/wp-content/uploads/2025/10/ProfessionalDogGroomingScissorSet.jpg, http://biteinstruments.com/wp-content/uploads/2025/10/CombforDogCatPet.jpg, http://biteinstruments.com/wp-content/uploads/2025/10/StainlessSteelDogGroomingKit.jpg, http://biteinstruments.com/wp-content/uploads/2025/10/Thinning_CurvedScissorsandCombforDogCatPet.jpg, http://biteinstruments.com/wp-content/uploads/2025/10/DogGroomingKit.jpg",,,,,,,,,0,,8920179441900.0,180.0,180.0,,,,,,,,,,,,,
1376,variable,8920026284268-professional-dog-grooming-scissors-set-7-inch-8-inch-pet-grooming-scissors-chunkers-shears-for-dog-curved-dog-grooming-scissors-thinning-shears-for-dog-with-grooming-comb,,"Professional Dog Grooming Scissors Set, 7 Inch/8 Inch Pet Grooming Scissors Chunkers Shears for Dog, Curved Dog Grooming Scissors, Thinning Shears for Dog with Grooming Comb",1,0,visible,,"<p data-sourcepos=""13:1-13:515"">Achieve professional-quality pet grooming at home with our comprehensive 6-in-1 Dog Grooming Scissors Set. This premium collection features essential <strong>beauty instruments</strong> designed for precision, comfort, and safety, ensuring your furry friend looks their best. Crafted from durable <strong>4CR Stainless Steel</strong> with a sleek <strong>Titanium Coating</strong>, these scissors offer superior sharpness and longevity. The set comes complete with various specialized shears and a comb, all neatly organized in a convenient storage case.</p>\n<ul data-sourcepos=""15:1-21:0"">\n<li data-sourcepos=""15:1-15:136"">\n<strong>Complete 6-in-1 Set:</strong> Includes multiple scissors (straight, thinning, curved) and a grooming comb for all your pet's styling needs.</li>\n<li data-sourcepos=""16:1-16:136"">\n<strong>High-Quality Titanium Coated 4CR Stainless Steel:</strong> Ensures exceptional sharpness, durability, and resistance to rust and corrosion.</li>\n<li data-sourcepos=""17:1-17:155"">\n<strong>Safety Round Tips:</strong> Designed with blunt, round tips for enhanced safety, reducing the risk of accidental pokes or cuts, especially in sensitive areas.</li>\n<li data-sourcepos=""18:1-18:161"">\n<strong>Ergonomic Design with Blue Accents:</strong> Comfortable finger rings with blue inserts provide a secure grip and reduce hand fatigue during long grooming sessions.</li>\n<li data-sourcepos=""19:1-19:133"">\n<strong>Versatile Grooming:</strong> Perfect for trimming, thinning, and styling all coat types, from intricate detailing to overall body trims.</li>\n<li data-sourcepos=""20:1-21:0"">\n<strong>Convenient Storage &amp; Portability:</strong> Comes with a durable case to keep your tools organized, protected, and easy to transport.</li>\n</ul>\n<p data-sourcepos=""22:1-22:124"">Invest in this essential set of <strong>bite instruments</strong> for pet care and give your dog a comfortable, stylish groom every time!</p>",,,taxable,,1,,,0,0,,,,,1,,,,"Pet Grooming Instruments, Pet Grooming Kits","Bite Instruments, curved dog grooming scissors, curved dog scissors, dog grooming comb, dog grooming scissors, dog hair cutting kit, dog shears, dog thinning shears, grooming instruments, home dog grooming, Moontay grooming (if applicable based on brand recognition), pet beauty tools, pet care supplies, pet grooming kit, pet hair clippers, pet thinning shears, professional dog grooming, professional dog shears, professional pet grooming set, purple dog grooming scissors, purple grooming set, safety tip scissors, stainless steel scissors, straight dog scissors, stylish pet shears, titanium coated scissors",,"http://biteinstruments.com/wp-content/uploads/2025/10/CurvedDogGroomingScissors.jpg, http://biteinstruments.com/wp-content/uploads/2025/10/ProfessionalDogGroomingScissorsSet.jpg, http://biteinstruments.com/wp-content/uploads/2025/10/etGroomingScissorsChunkers.jpg, http://biteinstruments.com/wp-content/uploads/2025/10/PetGroomingScissors.jpg, http://biteinstruments.com/wp-content/uploads/2025/10/ThinningShearsforDog.jpg, http://biteinstruments.com/wp-content/uploads/2025/10/ShearsforDog.jpg, http://biteinstruments.com/wp-content/uploads/2025/10/ScissorsChunkersShearsforDog.jpg, http://biteinstruments.com/wp-content/uploads/2025/10/black_Dog_Grooming_Scissors_Set.jpg, http://biteinstruments.com/wp-content/uploads/2025/10/pink_Dog_Grooming_Scissors_Set.jpg, http://biteinstruments.com/wp-content/uploads/2025/10/blue_Dog_Grooming_Scissors_Set.jpg, http://biteinstruments.com/wp-content/uploads/2025/10/rainbow_Dog_Grooming_Scissors_Set.jpg, http://biteinstruments.com/wp-content/uploads/2025/10/silver_Dog_Grooming_Scissors_Set.jpg, http://biteinstruments.com/wp-content/uploads/2025/10/golden_Dog_Grooming_Scissors_Set.jpg",,,,,,,,,0,,8920026284268.0,182.0,181.0,Color,"Purple, Black, Pink, Blue, Rainbow, Silver, Gold",0.0,0.0,Size,"7 inches, 8 inches",0.0,0.0,,,,,
1391,variable,9010161877228-professional-dog-grooming-scissors-pet-curved-chunker-shears-7-0sharp-blades-440c-steel-thinning-scissors-copy-1,,Professional Dog Grooming Thinning Shears 7inch Stainless Steel Blender Scissors,1,0,visible,,"<p><span>Achieve beautifully blended and textured hairstyles with the professional </span><strong>Stainless Steel Hair Thinning Scissors</strong><span> from </span><strong>Bite Instruments</strong><span>. Designed for precision and control, these high-quality thinning shears are an indispensable tool for barbers, stylists, and home users looking to expertly remove bulk, soften lines, and create natural-looking volume in any hair type. Trust </span><strong>Bite Instruments</strong><span> for durable, sharp, and reliable hair cutting tools.</span></p>\n<p>Perfect for <strong data-end=""706"" data-start=""671"">dogs and cats of all coat types</strong>, these grooming shears are a must-have tool for professional groomers and pet owners who want salon-quality results at home. The ergonomic handle provides comfort and reduces hand fatigue, allowing for better control during extended grooming sessions.</p>\n<p>✨ Features &amp; Benefits:</p>\n<ul data-end=""1491"" data-start=""991"">\n<li class=""a-spacing-mini""><span class=""a-list-item""><strong>High-Quality Material -</strong> Made of the high-quality 440C stainless steel, our dog grooming scissor ensures a clean, crisp and smooth cut. Easy to cut the thickest fur and toughest tangles.</span></li>\n<li class=""a-spacing-mini""><span class=""a-list-item""><strong>Personalized design: </strong>These scissors use the vacuum plating process, the color will always be bright, and shiny will not fade. The simulated emerald screw brings a new experience to the user. It also shows off the taste and personality of the user.</span></li>\n<li class=""a-spacing-mini""><span class=""a-list-item""><strong>Safe for Your Pets -</strong> These dog grooming shears have a silencer, which can reduce the sound of the scissors handle hitting the sharp stainless steel blade. That can reduce the fear of sensitive pets. Make dog grooming easy and enjoyable.</span></li>\n<li class=""a-spacing-mini""><span class=""a-list-item""><strong>Adjustable &amp; Comfortable </strong>- Adjustable screws can be tightened or loosened for sharpening and cleaning the blade, easy to operate, and make your cutting natural and smooth. You can easily adjust these scissors to suit your handle and control needs and reduce fatigue in your hand.</span></li>\n<li class=""a-spacing-mini""><span class=""a-list-item""><strong>After-sales Service.</strong> We are a professional manufacturer, very confident in the quality of the products, so we provide an unconditional return. If you are not satisfied with our products, you can contact the seller to get a replacement or refund.</span></li>\n</ul>\n<p><span class=""a-list-item""><span>Elevate your hair styling capabilities with these essential <strong>Dog Grooming Thinning Shears</strong></span><span> from </span><strong>Bite Instruments</strong><span>. They are a must-have for anyone seeking to perfect their hair cutting techniques and achieve salon-quality results.</span></span></p>",,,taxable,,1,,,0,0,,,,,1,,,,"Pet Grooming Instruments > Blenders\, Chunkers & Thinning Scissors, Pet Grooming Instruments","Bite Instruments, Bite Instruments thinning shears, curved dog grooming scissors, curved dog scissors, dog grooming comb, dog grooming scissors, dog grooming thinning scissors, dog hair cutting kit, dog shears, dog thinning shears, home dog grooming, Japanese steel dog scissors, Moontay grooming (if applicable based on brand recognition), pet beauty tools, pet care supplies, pet grooming kit, pet thinning shears, premium pet grooming tools, professional dog grooming, professional dog shears, professional pet grooming set, professional thinning shears for pets, purple dog grooming scissors, purple grooming set, safety tip scissors, stainless steel scissors, straight dog scissors, stylish pet shears",,"http://biteinstruments.com/wp-content/uploads/2025/10/dogHairthiningshears_1.jpg, http://biteinstruments.com/wp-content/uploads/2025/10/dog_thining_shears_2.jpg, http://biteinstruments.com/wp-content/uploads/2025/10/dog_thining_shears_3.jpg, http://biteinstruments.com/wp-content/uploads/2025/10/dog_thining_shears_4.jpg, http://biteinstruments.com/wp-content/uploads/2025/10/dog_thining_shears_5.jpg, http://biteinstruments.com/wp-content/uploads/2025/10/dog_thining_shears_6.jpg, http://biteinstruments.com/wp-content/uploads/2025/10/dog_thining_shears_7.jpg, http://biteinstruments.com/wp-content/uploads/2025/10/Chunker_Shears_Dog_3_7cea0fe9-8e05-491c-b24f-d803807eb427.jpg, http://biteinstruments.com/wp-content/uploads/2025/10/thining_scissors_2_e799dfe3-f6d6-4884-a111-31bac9132133.jpg",,,,,,,,,0,,9010161877228.0,213.0,212.0,Size,7.0 inches,0.0,0.0,Color,"Green, Rainbow, Black",0.0,0.0,,,,,
1395,simple,,,"Professional Dragon Style Gold Pet Grooming Scissors Set - Curved, Thinning & Straight Shears with Case for Cats & Dogs",1,0,visible,,"<p data-sourcepos=""11:1-11:524"">Unleash your inner grooming artist with our <strong>Professional Dragon Style Gold Pet Grooming Scissors Set</strong>. This exquisite collection of <strong>beauty instruments</strong> is not just a toolset, but a statement of luxury and precision. Featuring unique ""Dragon Hair Cutting Scissors"" with intricate gold-colored handles and sharp, durable blades, this set is designed for discerning pet owners and professional groomers alike. Achieve stunning, salon-quality results for your feline and canine companions with unparalleled ease and style.</p>\n<ul data-sourcepos=""13:1-19:0"">\n<li data-sourcepos=""13:1-13:170"">\n<strong>Distinctive Dragon Design:</strong> Each scissor boasts beautifully crafted gold-colored ""dragon"" handles, offering a unique and elegant aesthetic for your grooming toolkit.</li>\n<li data-sourcepos=""14:1-14:209"">\n<strong>Comprehensive 3-Shear Set:</strong> Includes a sharp straight cutting shear, a versatile thinning shear, and a precision curved shear, providing all the essential tools for various grooming styles and coat types.</li>\n<li data-sourcepos=""15:1-15:170"">\n<strong>Professional-Grade Blades:</strong> Crafted from high-quality stainless steel for exceptional sharpness, long-lasting durability, and smooth, effortless cutting performance.</li>\n<li data-sourcepos=""16:1-16:195"">\n<strong>Ergonomic &amp; Comfortable:</strong> Despite their ornate design, the handles are ergonomically shaped to provide a secure and comfortable grip, reducing hand fatigue during long grooming sessions.</li>\n<li data-sourcepos=""17:1-17:165"">\n<strong>Versatile Pet Grooming:</strong> Ideal for both cats and dogs, these shears allow for precise trimming, thinning, and shaping of fur, ensuring a neat and polished look.</li>\n<li data-sourcepos=""18:1-19:0"">\n<strong>Protective Storage:</strong> Comes with a sleek black case to keep your luxurious grooming shears organized, protected, and easily portable.</li>\n</ul>\n<p data-sourcepos=""20:1-20:118"">Discover more high-quality <strong>bite instruments</strong> and elevate your pet care routine with our premium grooming solutions.</p>",,,taxable,,1,45.0,,0,0,,,,,1,,,"54,45","Pet Grooming Instruments, Pet Grooming Kits","4-in-1 grooming set, 4CR stainless steel scissors, 5-in-1 dog shears, 5-in-1 grooming kit, 5-in-1 pet grooming kit, 6-in-1 dog shears, 6-in-1 pet grooming kit, 7 inch dog shears, 7 inch pet shears, all-in-one pet groomer, Artecare dog grooming kit, beauty instruments, Bite Instruments, black and gold dog grooming, black and gold grooming scissors, black dog shears, black grooming set, black grooming shears, black grooming tools, black titanium scissors, blue accent scissors, blunt tip scissors, cat facial trimmer, cat grooming scissors, cat grooming supplies, cat grooming tools, Citywish pet grooming kit, comfortable grooming tools, complete pet grooming, comprehensive dog grooming, comprehensive dog kit, curved dog grooming scissors, curved dog scissors, curved grooming scissors, curved thinning straight scissors, curved thinning straight shears, detail grooming scissors, dog comb, dog facial trimmer, dog grooming comb, dog grooming scissors, dog grooming shears, dog grooming supplies, dog hair cutting kit, dog nail care, dog nail clippers, dog nail file, dog scissors set, dog shears, dog styling scissors, dog thinning shears, down curved scissors, dragon style grooming scissors, durable dog grooming kit, durable dog scissors, durable pet shears, durable pet tools, ear hair scissors, fancy hair shears, Freewindo dog grooming kit, GEMEK dog grooming scissors, Gimars dog grooming scissors, gold dog grooming scissors, gold pet grooming shears, grooming instruments, grooming shears, grooming shears kit, home dog grooming, home grooming, home pet grooming, JASON dog grooming scissors, luxurious grooming kit, luxurious pet grooming, luxury pet grooming, multifunctional pet grooming set, nail clipper for dogs, paint coated shears, patterned blade scissors, paw trimming scissors, pet beauty instruments, pet beauty tools, pet body trimmer, pet care supplies, pet care tools, pet grooming comb, pet grooming kit, pet grooming scissors, pet grooming set, pet grooming supplies, pet hair clippers, pet hair cutting, pet hair cutting kit, pet safety scissors, pet styling kit, Pets First scissors, plastic handle scissors, premium dog grooming, professional cat grooming scissors, professional dog grooming, professional dog grooming set, professional dog shears, professional grooming instruments, professional grooming kit, professional grooming supplies, professional grooming tools, professional pet grooming kit, professional pet grooming set, professional pet shears, professional pet tools, razor-sharp dog grooming scissors, red accent grooming kit, safe grooming scissors, safety grooming scissors, safety tip dog scissors, safety tip scissors, salon quality grooming, salon quality pet grooming, sharp dog scissors, sleek pet shears, small medium large dog grooming, small pet scissors, stainless steel dog scissors, stainless steel grooming kit, stainless steel grooming tools, stainless steel pet scissors, stainless steel pet shears, stainless steel scissors, straight dog scissors, straight grooming scissors, straight thinning curved scissors, thinning scissors, thinning shears, titanium coated dog scissors, titanium coated scissors, titanium pet scissors, unique grooming tools, up curved scissors",,"http://biteinstruments.com/wp-content/uploads/2025/10/CatGroomingScissor.jpg, http://biteinstruments.com/wp-content/uploads/2025/10/catGroomingScissorssets.jpg, http://biteinstruments.com/wp-content/uploads/2025/10/hairtrimmingscissor.jpg, http://biteinstruments.com/wp-content/uploads/2025/10/dragonhandelscissorfordoggrooming.jpg, http://biteinstruments.com/wp-content/uploads/2025/10/seveninchesdoggroomingscissor.jpg, http://biteinstruments.com/wp-content/uploads/2025/10/dragonhandeldogcurvedscissor.jpg, http://biteinstruments.com/wp-content/uploads/2025/10/dragonhandelshearfordog.jpg",,,,,,,,,0,,8927282200812.0,201.0,200.0,,,,,,,,,,,,,
1449,variable,9002259284204-professional-hair-cutting-scissors-6-5-inch-barber-shears-by-bite-instruments-copy,,Professional Hair Cutting Scissors – 6.5” Inch Barber Shears by Bite Instruments,1,0,visible,,"<p data-start=""376"" data-end=""615"">Achieve salon-quality haircuts with the <strong data-start=""416"" data-end=""471"">Bite Instruments Professional Hair Cutting Scissors</strong>. Designed with precision and comfort in mind, these <strong data-start=""524"" data-end=""550"">6.5-inch barber shears</strong> are perfect for trimming, cutting, and styling all hair types.</p>\n<p data-start=""617"" data-end=""907"">Crafted from <strong data-start=""630"" data-end=""657"">premium stainless steel</strong>, the sharp convex-edge blades deliver smooth, clean cuts without tugging or split ends. The ergonomic handle with <strong data-start=""772"" data-end=""805"">removable blue finger inserts</strong> reduces hand fatigue, making them ideal for <strong data-start=""850"" data-end=""904"">professional barbers, hairstylists, and home users</strong>.</p>\n<ul class=""a-unordered-list a-vertical a-spacing-mini"">\n<li class=""a-spacing-mini""><span class=""a-list-item""><strong>【Premium Material 】Bite Instruments </strong> haircut scissors are made of 100% 440C Japanese stainless steel, and hand sharpened to be razor sharp. Easy to do a clean cut, hair trimming, or layering. Will not damage or split hair ends.</span></li>\n<li class=""a-spacing-mini""><span class=""a-list-item""><strong>【High End Exterior 】 </strong>Streamlined with mirror finish, the haircut shears are decorated with an artificial blue sapphire in the pivot section, leveling up the overall aesthetics.</span></li>\n<li class=""a-spacing-mini""><span class=""a-list-item""><strong>【Offset Grip】 </strong>With the thumb handle shorter than the finger handle, this ergonomic design reduces thumb and wrist motion, and relaxes your elbow and wrist. Perfect for beginners and experienced barbers to use at home or in the salon.</span></li>\n<li class=""a-spacing-mini""><span class=""a-list-item""><strong>【Versatile 】</strong> The scissors measure 6.5 inches overall with 2.5 inch cutting blades, the professional hair cutting barber scissor are safe and easy to use on men, women, the elderly, children, and babies.</span></li>\n</ul>\n<p data-start=""909"" data-end=""1141"">✨ <strong data-start=""911"" data-end=""946"">6.5” precision cutting scissors</strong><br data-start=""946"" data-end=""949"">✨ <strong data-start=""951"" data-end=""998"">High-quality stainless steel for durability</strong><br data-start=""998"" data-end=""1001"">✨ <strong data-start=""1003"" data-end=""1042"">Sharp convex blades for smooth cuts</strong><br data-start=""1042"" data-end=""1045"">✨ <strong data-start=""1047"" data-end=""1094"">Ergonomic design with finger rest &amp; inserts</strong><br data-start=""1094"" data-end=""1097"">✨ <strong data-start=""1099"" data-end=""1139"">Perfect for professional or home use</strong></p>\n<p data-start=""1143"" data-end=""1222"">Upgrade your hairstyling tools with these professional-grade barber scissors.</p>",,,taxable,,1,,,0,0,,,,,1,,,,"Pet Grooming Instruments, Pet Grooming Instruments > Pet Straight Scissors","440C stainless steel scissors, 6.25 inch straight shear, 62 HRC hardness, 7.5 inch straight scissors, Andis left handed grooming scissors, anti-rust grooming, barber scissors, barber scissors for women, beauty instruments, Bite Instruments, black grooming scissors, blue iridescent shears, cat grooming shears, cat grooming supplies, corrosion resistant shears, dog grooming scissors, dog grooming straight shear, dog grooming supplies, dog hair cutting, durable grooming shears, durable pet shears, elegant grooming scissors, ergonomic pet shears, Fenice Peak dog grooming scissors, gift idea for pet lovers, gold touch grooming shears, hair cutting scissors, high precision pet scissors, high quality grooming, home haircut scissors, JP440C steel scissors, left hand shears, left handed cat grooming, left handed dog grooming, pet grooming gift, pet grooming scissors, pet hair cutting, pet styling tool, pet styling tools, professional grooming scissors, professional grooming supplies, professional grooming tools, professional pet shears, professional shears, professional straight scissors, rose gold grooming tools, salon quality pet grooming, Sharf pet grooming scissors, sharp dog scissors, sharp durable scissors, single grooming scissor, straight cutting scissors, straight grooming shear",,"http://biteinstruments.com/wp-content/uploads/2025/10/HairCuttingScissors_1_eeaf39f9-1d76-4273-9048-2ca42ee3c42e.jpg, http://biteinstruments.com/wp-content/uploads/2025/10/Hair_Cutting_Scissors_4.jpg, http://biteinstruments.com/wp-content/uploads/2025/10/Hair_Cutting_Scissors_5.jpg, http://biteinstruments.com/wp-content/uploads/2025/10/Hair_Cutting_Scissors_3.jpg, http://biteinstruments.com/wp-content/uploads/2025/10/Hair_Cutting_Scissors_6.jpg, http://biteinstruments.com/wp-content/uploads/2025/10/Hair_Cutting_Scissors_2.jpg, http://biteinstruments.com/wp-content/uploads/2025/10/Hair_Cutting_Scissors_7.jpg",,,,,,,,,0,,9002259284204.0,194.0,193.0,Style,"Left Handed, Right Handed",0.0,0.0,,,,,,,,,
1452,variable,9002265837804-professional-hair-cutting-scissors-6-5-inch-barber-shears-by-bite-instruments-copy-1,,Professional Hair Cutting Scissors – 6.5” Inch Barber Shears by Bite Instruments,1,0,visible,,"<p data-start=""376"" data-end=""615"">Achieve salon-quality haircuts with the <strong data-start=""416"" data-end=""471"">Bite Instruments Professional Hair Cutting Scissors</strong>. Designed with precision and comfort in mind, these <strong data-start=""524"" data-end=""550"">6.5-inch barber shears</strong> are perfect for trimming, cutting, and styling all hair types.</p>\n<p data-start=""617"" data-end=""907"">Crafted from <strong data-start=""630"" data-end=""657"">premium stainless steel</strong>, the sharp convex-edge blades deliver smooth, clean cuts without tugging or split ends. The ergonomic handle with <strong data-start=""772"" data-end=""805"">removable blue finger inserts</strong> reduces hand fatigue, making them ideal for <strong data-start=""850"" data-end=""904"">professional barbers, hairstylists, and home users</strong>.</p>\n<ul class=""a-unordered-list a-vertical a-spacing-mini"">\n<li class=""a-spacing-mini""><span class=""a-list-item""><strong>【Premium Material 】Bite Instruments </strong> haircut scissors are made of 100% 440C Japanese stainless steel, and hand sharpened to be razor sharp. Easy to do a clean cut, hair trimming, or layering. Will not damage or split hair ends.</span></li>\n<li class=""a-spacing-mini""><span class=""a-list-item""><strong>【High End Exterior 】 </strong>Streamlined with mirror finish, the haircut shears are decorated with an artificial blue sapphire in the pivot section, leveling up the overall aesthetics.</span></li>\n<li class=""a-spacing-mini""><span class=""a-list-item""><strong>【Offset Grip】 </strong>With the thumb handle shorter than the finger handle, this ergonomic design reduces thumb and wrist motion, and relaxes your elbow and wrist. Perfect for beginners and experienced barbers to use at home or in the salon.</span></li>\n<li class=""a-spacing-mini""><span class=""a-list-item""><strong>【Versatile 】</strong> The scissors measure 6.5 inches overall with 2.5 inch cutting blades, the professional hair cutting barber scissor are safe and easy to use on men, women, the elderly, children, and babies.</span></li>\n</ul>\n<p data-start=""909"" data-end=""1141"">✨ <strong data-start=""911"" data-end=""946"">6.5” precision cutting scissors</strong><br data-start=""946"" data-end=""949"">✨ <strong data-start=""951"" data-end=""998"">High-quality stainless steel for durability</strong><br data-start=""998"" data-end=""1001"">✨ <strong data-start=""1003"" data-end=""1042"">Sharp convex blades for smooth cuts</strong><br data-start=""1042"" data-end=""1045"">✨ <strong data-start=""1047"" data-end=""1094"">Ergonomic design with finger rest &amp; inserts</strong><br data-start=""1094"" data-end=""1097"">✨ <strong data-start=""1099"" data-end=""1139"">Perfect for professional or home use</strong></p>\n<p data-start=""1143"" data-end=""1222"">Upgrade your hairstyling tools with these professional-grade barber scissors.</p>",,,taxable,,1,,,0,0,,,,,1,,,,"Beauty Care Instruments > Barber Tools > Hair Cutting Barber Scissors & Shears, Beauty Care Instruments > Barber Tools > Hair Dressing Scissors, Pet Grooming Instruments, Pet Grooming Instruments > Pet Straight Scissors, Beauty Care Instruments > Barber Tools > Professional Hair Thinning Scissors","440C stainless steel scissors, 6.25 inch straight shear, 62 HRC hardness, 7.5 inch straight scissors, Andis left handed grooming scissors, anti-rust grooming, barber scissors, barber scissors for women, beauty instruments, Bite Instruments, black grooming scissors, blue iridescent shears, cat grooming shears, cat grooming supplies, corrosion resistant shears, dog grooming scissors, dog grooming straight shear, dog grooming supplies, dog hair cutting, durable grooming shears, durable pet shears, elegant grooming scissors, ergonomic pet shears, Fenice Peak dog grooming scissors, gift idea for pet lovers, gold touch grooming shears, hair cutting scissors, high precision pet scissors, high quality grooming, home haircut scissors, JP440C steel scissors, left hand shears, left handed cat grooming, left handed dog grooming, pet grooming gift, pet grooming scissors, pet hair cutting, pet styling tool, pet styling tools, professional grooming scissors, professional grooming supplies, professional grooming tools, professional pet shears, professional shears, professional straight scissors, rose gold grooming tools, salon quality pet grooming, Sharf pet grooming scissors, sharp dog scissors, sharp durable scissors, single grooming scissor, straight cutting scissors, straight grooming shear",,"http://biteinstruments.com/wp-content/uploads/2025/10/Hairdressingscissors_1.jpg, http://biteinstruments.com/wp-content/uploads/2025/10/Hair_dressing_scissors_2_cf1f15be-03fd-48ce-8fd0-9915a6d596a9.jpg, http://biteinstruments.com/wp-content/uploads/2025/10/Hair_dressing_scissors_3.jpg, http://biteinstruments.com/wp-content/uploads/2025/10/Hair_dressing_scissors_5.jpg, http://biteinstruments.com/wp-content/uploads/2025/10/Hair_dressing_scissors_6.jpg, http://biteinstruments.com/wp-content/uploads/2025/10/Hair_dressing_scissors_4.jpg",,,,,,,,,0,,9002265837804.0,226.0,225.0,Style,"Left Handed, Right Handed",0.0,0.0,,,,,,,,,
1529,simple,,,Professional Pet Grooming Scissors Kit – Dog & Cat Hair Cutting Shears with Comb | Bite Instruments,1,0,visible,,"<p><strong data-start=""527"" data-end=""573"">Groom Like a Pro with Bite Instruments ✨</strong></p>\n<p>Give your pets the salon treatment they deserve! The <strong data-start=""630"" data-end=""667"">Bite Instruments Pet Grooming Kit</strong> is designed for both <strong data-start=""689"" data-end=""714"">professional groomers</strong> and <strong data-start=""719"" data-end=""734"">pet parents</strong> who want to keep their furry friends looking fresh, clean, and stylish.</p>\n<p>✅ Kit Includes:</p>\n<ul data-start=""832"" data-end=""1182"">\n<li data-start=""832"" data-end=""910"">✂️ <strong data-start=""837"" data-end=""856"">Curved Scissors</strong> – Perfect for trimming around paws, face, and tail.</li>\n<li data-start=""911"" data-end=""973"">✂️ <strong data-start=""916"" data-end=""937"">Straight Scissors</strong> – For precise, all-over trimming.</li>\n<li data-start=""974"" data-end=""1042"">✂️ <strong data-start=""979"" data-end=""998"">Thinning Shears</strong> – Blend thick coats for a natural finish.</li>\n<li data-start=""1043"" data-end=""1113"">🪮 <strong data-start=""1048"" data-end=""1072"">Stainless Steel Comb</strong> – Detangles and preps fur for cutting.</li>\n<li data-start=""1114"" data-end=""1182"">🎒 <strong data-start=""1119"" data-end=""1138"">Protective Case</strong> – Keeps your tools safe and travel-ready.</li>\n</ul>\n<p>💎 Features &amp; Benefits:</p>\n<ul data-start=""1214"" data-end=""1524"">\n<li data-start=""1214"" data-end=""1281"">Sharp <strong data-start=""1222"" data-end=""1256"">premium stainless steel blades</strong> for smooth, clean cuts</li>\n<li data-start=""1282"" data-end=""1346"">Ergonomic design with <strong data-start=""1306"" data-end=""1322"">finger rests</strong> for comfort &amp; control</li>\n<li data-start=""1347"" data-end=""1408"">\n<strong data-start=""1349"" data-end=""1365"">Rounded tips</strong> for safe grooming around sensitive areas</li>\n<li data-start=""1409"" data-end=""1479"">Durable &amp; long-lasting tools trusted by <strong data-start=""1451"" data-end=""1477"">pet groomers worldwide</strong>\n</li>\n<li data-start=""1480"" data-end=""1524"">Ideal for <strong data-start=""1492"" data-end=""1522"">dogs, cats, and small pets</strong>\n</li>\n</ul>\n<p>🎁 Perfect for at-home grooming or professional salon use!</p>",,,taxable,,1,45.0,,0,0,,,,,1,,,"25,00","Pet Grooming Instruments, Pet Grooming Kits","4-in-1 grooming set, 4CR stainless steel scissors, 5-in-1 dog shears, 5-in-1 grooming kit, 5-in-1 pet grooming kit, 6-in-1 dog shears, 6-in-1 pet grooming kit, 7 inch dog shears, 7 inch pet shears, all-in-one pet groomer, Artecare dog grooming kit, beauty instruments, Bite Instruments, black and gold dog grooming, black and gold grooming scissors, black dog shears, black grooming set, black grooming shears, black grooming tools, black titanium scissors, blue accent scissors, cat grooming scissors, cat grooming supplies, Citywish pet grooming kit, comfortable grooming tools, complete pet grooming, comprehensive dog grooming, comprehensive dog kit, curved dog grooming scissors, curved dog scissors, curved grooming scissors, curved thinning straight shears, detail grooming scissors, dog comb, dog grooming comb, dog grooming scissors, dog grooming supplies, dog hair cutting kit, dog nail care, dog nail clippers, dog nail file, dog scissors set, dog shears, dog thinning shears, down curved scissors, durable dog grooming kit, durable dog scissors, durable pet shears, durable pet tools, Freewindo dog grooming kit, GEMEK dog grooming scissors, Gimars dog grooming scissors, gold dog grooming scissors, grooming instruments, grooming shears, grooming shears kit, home dog grooming, home pet grooming, JASON dog grooming scissors, luxurious grooming kit, luxurious pet grooming, multifunctional pet grooming set, nail clipper for dogs, paint coated shears, patterned blade scissors, pet beauty instruments, pet beauty tools, pet care supplies, pet care tools, pet grooming comb, pet grooming kit, pet grooming set, pet grooming supplies, pet hair clippers, pet hair cutting kit, pet styling kit, premium dog grooming, professional dog grooming, professional dog grooming set, professional dog shears, professional grooming instruments, professional grooming supplies, professional grooming tools, professional pet grooming kit, professional pet grooming set, professional pet shears, professional pet tools, razor-sharp dog grooming scissors, red accent grooming kit, safety grooming scissors, safety tip dog scissors, safety tip scissors, salon quality pet grooming, sharp dog scissors, sleek pet shears, small medium large dog grooming, stainless steel dog scissors, stainless steel grooming kit, stainless steel grooming tools, stainless steel pet shears, stainless steel scissors, straight dog scissors, straight grooming scissors, straight thinning curved scissors, thinning scissors, thinning shears, titanium coated dog scissors, titanium coated scissors, titanium pet scissors, up curved scissors",,"http://biteinstruments.com/wp-content/uploads/2025/10/petgroomingkits_2_1.jpg, http://biteinstruments.com/wp-content/uploads/2025/10/petgroomingkits_1.jpg, http://biteinstruments.com/wp-content/uploads/2025/10/petgroomingkits_6.jpg, http://biteinstruments.com/wp-content/uploads/2025/10/petgroomingkits_5.jpg, http://biteinstruments.com/wp-content/uploads/2025/10/petgroomingkits_4_f877e6fd-ed72-426d-acf8-3ac596b7fb0e.jpg, http://biteinstruments.com/wp-content/uploads/2025/10/petgroomingkits_3.jpg",,,,,,,,,0,,9023631360236.0,170.0,169.0,,,,,,,,,,,,,
1530,simple,,,Professional Pet Nail Clippers – Safe Dog & Cat Nail Trimmer with Quick Sensor & Nail File – Stainless Steel Grooming Tool for Small & Large Pets,1,0,visible,,"<ul>\n<li>\n<p class=""ds-markdown-paragraph""><strong>Sharp, stainless steel blades for clean cuts</strong><br>✅<span> </span><strong>""Quick sensor to avoid cutting too deep""</strong><br>✅<span> </span><strong>""Includes nail file for smooth edges""</strong><br>✅<span> </span><strong>""Ergonomic grip for easy handling""</strong><br>✅<span> </span><strong>""Safe for dogs, cats, and small pets""</strong></p>\n<blockquote>\n<p class=""ds-markdown-paragraph""><em>Keep your pet’s nails trimmed safely with these professional-grade pet nail clippers. The quick sensor helps prevent over-cutting, reducing the risk of pain or bleeding. The built-in nail file ensures smooth edges, making it a complete grooming kit for dogs, cats, and small animals.""</em></p>\n</blockquote>\n<p> </p>\n</li>\n</ul>",,,taxable,,1,999.0,,0,0,,,,,1,,,"13,00","Pet Grooming Instruments, Pet Grooming Instruments > Pet Nail Cutters","cat nail trimmer, dog scissors, grooming tools",,"http://biteinstruments.com/wp-content/uploads/2025/10/dog-nail-clipper.jpg, http://biteinstruments.com/wp-content/uploads/2025/10/nail-cliper.jpg, http://biteinstruments.com/wp-content/uploads/2025/10/dog-nail-clippers.jpg, http://biteinstruments.com/wp-content/uploads/2025/10/844e866b-12c9-438b-ba90-e7017dc3a2e7.jpg",,,,,,,,,0,,8912834986220.0,352.0,350.0,,,,,,,,,,,,,
1536,simple,,,Professional Precision Blue Coated Razor Edge Hair Cutting Scissors - 6.5 Inch,1,0,visible,,"<p data-sourcepos=""9:1-9:404"">Achieve impeccable precision and sleek cuts with the professional <strong>Blue Coated Razor Scissors</strong> from <strong>Bite Instruments</strong>. These striking 6.5-inch hair cutting shears are engineered for stylists and home users who demand superior sharpness and exceptional control for all their cutting and styling needs. Experience the vibrant aesthetics and reliable performance that <strong>Bite Instruments</strong> is known for.</p>\n<p data-sourcepos=""11:1-11:28"">Key Features &amp; Benefits:</p>\n<ul data-sourcepos=""13:1-21:0"">\n<li data-sourcepos=""13:1-13:190"">\n<strong>Razor-Sharp Blade (6cm / 2.5 Inch):</strong> Crafted with a finely honed razor blade edge for incredibly smooth, precise, and effortless cuts, minimizing split ends and ensuring a clean finish.</li>\n<li data-sourcepos=""14:1-14:146"">\n<strong>Vibrant Blue Coating:</strong> Features a stunning and durable blue finish that adds a pop of color and professionalism to your hair cutting toolkit.</li>\n<li data-sourcepos=""15:1-15:175"">\n<strong>Optimal 6.5-Inch Length (16.5cm):</strong> A versatile size providing excellent maneuverability and control for various cutting techniques, from detailed work to overall styling.</li>\n<li data-sourcepos=""16:1-16:138"">\n<strong>Stable Fix Screw:</strong> Equipped with a robust ""Fix Screw"" for consistent blade tension, ensuring stable performance and accurate results.</li>\n<li data-sourcepos=""17:1-19:158"">\n<strong>Ergonomic Design for Comfort:</strong>\n<ul data-sourcepos=""18:5-19:158"">\n<li data-sourcepos=""18:5-18:145"">\n<strong>Finger Hook (1.5cm):</strong> Provides enhanced leverage and an ergonomic grip, promoting comfort and reducing hand fatigue during extended use.</li>\n<li data-sourcepos=""19:5-19:158"">\n<strong>Finger Protection Black Gel Ring:</strong> Includes soft, black gel inserts in the finger holes to cushion fingers, improve grip, and ensure maximum comfort.</li>\n</ul>\n</li>\n<li data-sourcepos=""20:1-21:0"">\n<strong>Durable Construction:</strong> Made from high-quality materials, promising long-lasting sharpness, corrosion resistance, and enduring reliability.</li>\n</ul>\n<p data-sourcepos=""22:1-22:231"">Elevate your hair cutting capabilities with these exceptional <strong>hairdressing scissors</strong> from <strong>Bite Instruments</strong>. Perfect for professional salon use, barbering, or achieving salon-quality results in your personal grooming routine.</p>",,,taxable,,1,200.0,,0,0,0.11,,,,1,,"29,45","42,00","Beauty Care Instruments > Barber Tools, Beauty Care Instruments, Pet Grooming Instruments > Blenders\, Chunkers & Thinning Scissors, Beauty Care Instruments > Barber Tools > Grooming Scissors, Pet Grooming Instruments, Pet Grooming Instruments > Pet Straight Scissors, Beauty Care Instruments > Barber Tools > Professional Hair Thinning Scissors","6.5 inch hair scissors, barber chain supplies, barber scissors, barber shear offset, Bite Instruments, blue hair scissors, buy hair scissors online, ergonomic hair scissors, ergonomic scissors, grooming scissors, hair cutting shears, hair styling tools, precision cutting, professional hair cutting, professional hairdressing scissors, razor edge scissors, salon logo engraving, salon scissors, Sialkot barber tools, titanium hair shears, vibrant hair shears, wrist pain relief",,"http://biteinstruments.com/wp-content/uploads/2025/10/BlueCoatedRazorScissors.jpg, http://biteinstruments.com/wp-content/uploads/2025/10/bestqualityBlueCoatedRazorScissors.jpg, http://biteinstruments.com/wp-content/uploads/2025/10/BlueCoatedRazorScissor.jpg",,,,,,,,,0,,8898610495724.0,260.0,257.0,,,,,,,,,,,,,
1562,variable,8927388795116-professional-rose-gold-dog-grooming-scissors-set-4-piece-kit-with-curved-thinning-straight-chunker-shears,,"Professional Rose Gold Dog Grooming Scissors Set - 4-Piece Kit with Curved, Thinning, Straight & Chunker Shears",1,0,visible,,"<p data-sourcepos=""11:1-11:440"">Elevate your pet grooming to an art form with our <strong>Professional Rose Gold Dog Grooming Scissors Set</strong>. This luxurious 4-piece kit of essential <strong>beauty instruments</strong> is designed for the ultimate precision and style, ensuring your canine companion always looks their best. Crafted with a stunning rose gold finish and accented with delicate jewels at the pivot, these shears offer both exceptional performance and a sophisticated aesthetic.</p>\n<ul data-sourcepos=""13:1-19:0"">\n<li data-sourcepos=""13:1-13:200"">\n<strong>Comprehensive 4-Piece Set:</strong> Includes a straight cutting shear, a thinning shear, a curved shear, and a chunker shear, providing all the specialized tools needed for a complete professional groom.</li>\n<li data-sourcepos=""14:1-14:147"">\n<strong>Elegant Rose Gold Finish:</strong> Features a unique and eye-catching rose gold coating, making these shears a beautiful addition to any grooming kit.</li>\n<li data-sourcepos=""15:1-15:205"">\n<strong>Precision &amp; Versatility:</strong> Each shear is designed for specific grooming tasks, allowing for precise shaping, seamless blending, effective debulking, and refined finishing touches on all coat types.</li>\n<li data-sourcepos=""16:1-16:188"">\n<strong>High-Quality Blades:</strong> Crafted from durable materials (implied by ""Professional"") for razor-sharp cutting, ensuring smooth, effortless trims without pulling or snagging your pet's fur.</li>\n<li data-sourcepos=""17:1-17:133"">\n<strong>Ergonomic Design:</strong> Engineered for comfortable handling and optimal control, reducing hand fatigue during long grooming sessions.</li>\n<li data-sourcepos=""18:1-19:0"">\n<strong>Convenient Storage:</strong> Comes with a sleek black case to keep your valuable tools organized, protected, and easily portable.</li>\n</ul>\n<p data-sourcepos=""20:1-20:118"">Discover more high-quality <strong>bite instruments</strong> and enhance your pet care routine with our premium grooming solutions.</p>",,,taxable,,1,,,0,0,,,,,1,,,,"Pet Grooming Instruments, Pet Grooming Kits","4-in-1 grooming set, 4-piece grooming kit, 4CR stainless steel scissors, 5 inch pet shears, 5-in-1 dog shears, 5-in-1 grooming kit, 5-in-1 grooming set, 5-in-1 pet grooming kit, 6-in-1 dog shears, 6-in-1 pet grooming kit, 7 inch dog shears, 7 inch pet shears, 8 inch pet shears, all-in-one pet groomer, Artecare dog grooming kit, beauty instruments, Bite Instruments, black and gold dog grooming, black and gold grooming scissors, black dog shears, black grooming set, black grooming shears, black grooming tools, black handle shears, black titanium scissors, blue accent scissors, blunt tip scissors, cat facial trimmer, cat grooming scissors, cat grooming supplies, cat grooming tools, Citywish dog grooming kit, Citywish pet grooming kit, comfortable grooming tools, compact grooming scissors, complete pet grooming, comprehensive dog grooming, comprehensive dog kit, curved dog grooming scissors, curved dog scissors, curved grooming scissors, curved thinning straight chunkers, curved thinning straight scissors, curved thinning straight shears, detail grooming scissors, detail trimmer, dog comb, dog facial trimmer, dog grooming comb, dog grooming scissors, dog grooming shears, dog grooming supplies, dog grooming tools, dog hair cutting, dog hair cutting kit, dog nail care, dog nail clippers, dog nail file, dog scissors set, dog shears, dog styling scissors, dog thinning shears, down curved scissors, dragon style grooming scissors, durable dog grooming kit, durable dog scissors, durable grooming tools, durable pet shears, durable pet tools, ear hair scissors, facial trimmer for pets, fancy hair shears, Freewindo dog grooming kit, GEMEK dog grooming scissors, Gimars dog grooming scissors, gold dog grooming scissors, gold pet grooming shears, grooming instruments, grooming shears, grooming shears kit, home dog grooming, home grooming, home grooming kit, home pet grooming, Japanese dog grooming shears, JASON dog grooming scissors, large dog grooming, luxurious grooming kit, luxurious pet grooming, luxury pet grooming, multifunctional pet grooming set, nail clipper for dogs, non-slip handle scissors, paint coated shears, patterned blade scissors, paw trimming scissors, pet beauty instruments, pet beauty tools, pet body trimmer, pet care supplies, pet care tools, pet grooming comb, pet grooming kit, pet grooming scissors, pet grooming set, pet grooming supplies, pet hair clippers, pet hair cutting, pet hair cutting kit, pet safety scissors, pet styling kit, pet styling shears, Pets First scissors, plastic handle scissors, precision grooming, premium dog grooming, professional cat grooming scissors, professional dog grooming, professional dog grooming scissors, professional dog grooming set, professional dog shears, professional grooming instruments, professional grooming kit, professional grooming supplies, professional grooming tools, professional pet grooming kit, professional pet grooming set, professional pet shears, professional pet tools, Purple Dragon dog grooming scissors, purple grooming set, razor-sharp dog grooming scissors, red accent grooming kit, rose gold dog grooming scissors, rose gold shears, safe grooming scissors, safety grooming scissors, safety tip dog scissors, safety tip scissors, salon quality grooming, salon quality pet grooming, sharp dog scissors, sleek pet shears, small medium large dog grooming, small pet scissors, stainless steel dog scissors, stainless steel dog shears, stainless steel grooming kit, stainless steel grooming shears, stainless steel grooming tools, stainless steel pet scissors, stainless steel pet shears, stainless steel scissors, straight curved chunker scissors, straight dog scissors, straight grooming scissors, straight thinning curved scissors, straight thinning scissors, texturizing shears, thinning scissors, thinning shears, titanium coated dog scissors, titanium coated scissors, titanium pet scissors, unique grooming tools, up curved scissors",,"http://biteinstruments.com/wp-content/uploads/2025/10/best_quality_scissor_set_for_dog.jpg, http://biteinstruments.com/wp-content/uploads/2025/10/DogGroomingScissorsSet4PCSCurvedThinningStraightChunkersShearsKit.jpg, http://biteinstruments.com/wp-content/uploads/2025/10/4PCSCurvedThinningStraightChunkersShearsKitwithHollowOutDesign.jpg, http://biteinstruments.com/wp-content/uploads/2025/10/4PCSCurvedThinningStraightChunkersShearssetwithHollowOutDesign.jpg, http://biteinstruments.com/wp-content/uploads/2025/10/71pIXVXI5QL._AC_SL1500.jpg, http://biteinstruments.com/wp-content/uploads/2025/10/amazonscissorset.jpg",,,,,,,,,0,,8927388795116.0,278.0,278.0,Size,"7 inches, 7.5 inches",0.0,0.0,,,,,,,,,
1577,simple,,,Professional Stainless Steel 7inch Grooming Scissors for Dogs Cats and Other Pets,1,0,visible,,"<p>Achieve salon-quality grooming at home or in your pet salon with the <strong data-start=""449"" data-end=""493"">Bite Instruments Premium Straight Shears</strong>. Designed for <strong data-start=""508"" data-end=""545"">professional dog and cat grooming</strong>, these right-handed shears deliver precision, comfort, and control for both fine detailing and full grooming sessions.</p>\n<p>Crafted from <strong data-start=""681"" data-end=""713"">high-quality stainless steel</strong>, these shears feature ultra-sharp blades for smooth, clean cuts without pulling or snagging your pet’s fur. The ergonomic handle ensures comfort during long grooming sessions, making them ideal for professional groomers and pet owners alike.</p>\n<p>✨ Features &amp; Benefits:</p>\n<ul data-start=""988"" data-end=""1470"">\n<li class=""a-spacing-mini""><span class=""a-list-item""><strong>Material: </strong>Extremely High Quality Stainless Steel-The pet scissors are made of 440C Stainless Steel, which is sharp and durable without pulling pet's hair</span></li>\n<li class=""a-spacing-mini""><span class=""a-list-item""><strong>Features: </strong>This pet straight scissors are available in 7 inches and 7.5 inches with ergonomic handles, suitable for most people. Finely polished, frosted surface, fine metal texture. precise adjustable screws effectively prevents screws from loosening due to prolonged use</span></li>\n<li class=""a-spacing-mini""><span class=""a-list-item""><strong>Quality:</strong> Pet scissors are made of high-quality manufacturing technology, after more than 30 processing technology, precision crafted, whether from the appearance of polishing, or to the inner quality of the pursuit of excellence</span></li>\n<li class=""a-spacing-mini""><span class=""a-list-item""><strong>Scope</strong>: Suitable for most novice pet groomers or home use, comfortable to hold and open and close</span></li>\n</ul>\n<p>Upgrade your hairstyling tools with these professional-grade barber scissors.</p>",,,taxable,,1,34.0,,0,0,,,,,1,,,"27,00","Pet Grooming Instruments, Pet Grooming Instruments > Pet Straight Scissors","440C stainless steel scissors, 6.25 inch straight shear, 62 HRC hardness, 7.5 inch straight scissors, Andis left handed grooming scissors, anti-rust grooming, barber scissors, barber scissors for women, beauty instruments, Bite Instruments, black grooming scissors, blue iridescent shears, cat grooming shears, cat grooming supplies, corrosion resistant shears, dog grooming scissors, dog grooming straight shear, dog grooming supplies, dog hair cutting, durable grooming shears, durable pet shears, elegant grooming scissors, ergonomic pet shears, Fenice Peak dog grooming scissors, gift idea for pet lovers, gold touch grooming shears, hair cutting scissors, high precision pet scissors, high quality grooming, home haircut scissors, JP440C steel scissors, left hand shears, left handed cat grooming, left handed dog grooming, pet grooming gift, pet grooming scissors, pet hair cutting, pet styling tool, pet styling tools, professional grooming scissors, professional grooming supplies, professional grooming tools, professional pet shears, professional shears, professional straight scissors, rose gold grooming tools, salon quality pet grooming, Sharf pet grooming scissors, sharp dog scissors, sharp durable scissors, single grooming scissor, straight cutting scissors, straight grooming shear",,"http://biteinstruments.com/wp-content/uploads/2025/10/petgromingshears_1.jpg, http://biteinstruments.com/wp-content/uploads/2025/10/pet_groming_shears_2.jpg, http://biteinstruments.com/wp-content/uploads/2025/10/pet_groming_shears_3.jpg, http://biteinstruments.com/wp-content/uploads/2025/10/pet_groming_shears_4.jpg, http://biteinstruments.com/wp-content/uploads/2025/10/pet_groming_shears_5.jpg, http://biteinstruments.com/wp-content/uploads/2025/10/pet_groming_shears_6.jpg, http://biteinstruments.com/wp-content/uploads/2025/10/pet_groming_shears_7.jpg",,,,,,,,,0,,9007960522988.0,261.0,261.0,,,,,,,,,,,,,
1578,simple,,,Professional Stainless Steel 7inch Grooming Scissors for Dogs Cats and Other Pets,1,0,visible,,"<p>Achieve salon-quality grooming at home or in your pet salon with the <strong data-start=""449"" data-end=""493"">Bite Instruments Premium Straight Shears</strong>. Designed for <strong data-start=""508"" data-end=""545"">professional dog and cat grooming</strong>, these right-handed shears deliver precision, comfort, and control for both fine detailing and full grooming sessions.</p>\n<p>Crafted from <strong data-start=""681"" data-end=""713"">high-quality stainless steel</strong>, these shears feature ultra-sharp blades for smooth, clean cuts without pulling or snagging your pet’s fur. The ergonomic handle ensures comfort during long grooming sessions, making them ideal for professional groomers and pet owners alike.</p>\n<p>✨ Features &amp; Benefits:</p>\n<ul data-start=""988"" data-end=""1470"">\n<li class=""a-spacing-mini""><span class=""a-list-item"">💎<strong>[Professional Quality]</strong> <strong>Bite Instruments</strong> straight scissors for dog grooming is made of high quality high cobalt alloy steel and is very sharp and smooth that using these grooming shears are like cutting butter with hot knife. Trimming thick coat dogs is easy and effortless.</span></li>\n<li class=""a-spacing-mini""><span class=""a-list-item"">💎<strong>[Fashion Design and Matching]</strong> The dog grooming scissors adopt vacuum electroplating titanium alloy technology, chocolate color, primitive simplicity, elegant, and stable. High precision CNC screws with blue artificial diamonds embedded on the surface, like the eyes of God, dynamic and energetic. Every time you open and close the <strong>Bite Instruments  </strong>dog scissors, it feels silky smooth like enjoying chocolate.</span></li>\n<li class=""a-spacing-mini""><span class=""a-list-item"">💎<strong>[Sharp and Effortless] </strong>The straight pet grooming scissors is suitable for dogs with explosive or thick fur, and can be used to trim rough contours. It can quickly cut off a large amount of hair and is easy to cut. It is suitable for trimming flat surfaces such as pets' bodies and legs and for fine trimming.</span></li>\n<li class=""a-spacing-mini""><span class=""a-list-item"">💎<strong>[Hollow Out design &amp; Ergonomic Handles] BITE INSTRUMENTS</strong> adopts hollow out design scissors blade, which maximizes the sharpness of the shears, reduces the weight of the pet scissors, and greatly reduces the load on the groomer's wrist. Ergonomic handle, good fit to your fingers, long use is not tired. 7'' dog shears are suitable for small dogs.</span></li>\n<li class=""a-spacing-mini"">\n<span class=""a-list-item"">💎<strong>[100% Satisfaction] </strong>Each pair of pet grooming scissors, we go through more than 10 inspection processes to ensure that you get the more satisfactory grooming shears. If you have any questions, please contact us. We offer 100% satisfaction. Invest with no risk.</span><br>\n</li>\n</ul>\n<p>Upgrade your hairstyling tools with these professional-grade barber scissors.</p>",,,taxable,,1,34.0,,0,0,,,,,1,,,"44,99","Pet Grooming Instruments, Pet Grooming Instruments > Pet Straight Scissors","440C stainless steel scissors, 6.25 inch straight shear, 62 HRC hardness, 7.5 inch straight scissors, Andis left handed grooming scissors, anti-rust grooming, barber scissors, barber scissors for women, beauty instruments, Bite Instruments, black grooming scissors, blue iridescent shears, cat grooming shears, cat grooming supplies, corrosion resistant shears, dog grooming scissors, dog grooming straight shear, dog grooming supplies, dog hair cutting, durable grooming shears, durable pet shears, elegant grooming scissors, ergonomic pet shears, Fenice Peak dog grooming scissors, gift idea for pet lovers, gold touch grooming shears, hair cutting scissors, high precision pet scissors, high quality grooming, home haircut scissors, JP440C steel scissors, left hand shears, left handed cat grooming, left handed dog grooming, pet grooming gift, pet grooming scissors, pet hair cutting, pet styling tool, pet styling tools, professional grooming scissors, professional grooming supplies, professional grooming tools, professional pet shears, professional shears, professional straight scissors, rose gold grooming tools, salon quality pet grooming, Sharf pet grooming scissors, sharp dog scissors, sharp durable scissors, single grooming scissor, straight cutting scissors, straight grooming shear",,"http://biteinstruments.com/wp-content/uploads/2025/10/pethairstylingshears_1.jpg, http://biteinstruments.com/wp-content/uploads/2025/10/pet_hair_styling_shears_2.jpg, http://biteinstruments.com/wp-content/uploads/2025/10/pet_hair_styling_shears_3.jpg, http://biteinstruments.com/wp-content/uploads/2025/10/pet_hair_styling_shears_4.jpg, http://biteinstruments.com/wp-content/uploads/2025/10/pet_hair_styling_shears_5.jpg, http://biteinstruments.com/wp-content/uploads/2025/10/pet_hair_styling_shears_6.jpg",,,,,,,,,0,,9007961145580.0,265.0,264.0,,,,,,,,,,,,,
1591,simple,,,Professional Stainless Steel Hair Thinning Scissors,1,0,visible,,"<p data-sourcepos=""9:1-9:457"">Achieve beautifully blended and textured hairstyles with the professional <strong>Stainless Steel Hair Thinning Scissors</strong> from <strong>Bite Instruments</strong>. Designed for precision and control, these high-quality thinning shears are an indispensable tool for barbers, stylists, and home users looking to expertly remove bulk, soften lines, and create natural-looking volume in any hair type. Trust <strong>Bite Instruments</strong> for durable, sharp, and reliable hair cutting tools.</p>\n<p data-sourcepos=""11:1-11:28"">Key Features &amp; Benefits:</p>\n<ul data-sourcepos=""13:1-19:0"">\n<li data-sourcepos=""13:1-13:223"">\n<strong>Efficient Hair Thinning &amp; Texturizing:</strong> Features precisely crafted toothed blades designed for effective bulk removal, seamless blending, and adding natural-looking texture without compromising overall hair length.</li>\n<li data-sourcepos=""14:1-14:185"">\n<strong>Premium Stainless Steel Construction:</strong> Made from high-grade, rust-resistant <strong>stainless steel</strong>, ensuring long-lasting sharpness, durability, and easy maintenance for hygienic use.</li>\n<li data-sourcepos=""15:1-15:176"">\n<strong>Ergonomic Design:</strong> The classic handle design provides a comfortable and secure grip, allowing for stable control and reduced hand fatigue during extended styling sessions.</li>\n<li data-sourcepos=""16:1-16:144"">\n<strong>Versatile Styling Tool:</strong> Ideal for softening blunt lines, adding movement and volume, thinning out thick hair, or creating seamless layers.</li>\n<li data-sourcepos=""17:1-17:192"">\n<strong>Smooth Cutting Action:</strong> Engineered for smooth, quiet operation, these shears glide through hair without snagging or pulling, ensuring a comfortable experience for both stylist and client.</li>\n<li data-sourcepos=""18:1-19:0"">\n<strong>Professional Grade:</strong> A reliable choice for salon professionals and home users who demand exceptional performance and a polished finish.</li>\n</ul>\n<p data-sourcepos=""20:1-20:224"">Elevate your hair styling capabilities with these essential <strong>thinning scissors</strong> from <strong>Bite Instruments</strong>. They are a must-have for anyone seeking to perfect their hair cutting techniques and achieve salon-quality results.</p>",,,taxable,,1,200.0,,0,0,0.11,,,,1,,"9,45","42,00","Beauty Care Instruments > Barber Tools, Beauty Care Instruments, Pet Grooming Instruments > Blenders\, Chunkers & Thinning Scissors, Beauty Care Instruments > Barber Tools > Grooming Scissors, Beauty Care Instruments > Barber Tools > Hair Cutting Barber Scissors & Shears, Pet Grooming Instruments","6.5 inch hair scissors, 7.5 inch hair scissors, barber chain supplies, barber scissors, barber shear offset, barber shears, barber thinning scissors, best hair shears, Bite Instruments, black barber razor scissors, black coated scissors, blue hair scissors, buy barber shears online, buy hair scissors online, buy thinning scissors online, durable thinning scissors, ergonomic barber tools, ergonomic hair scissors, ergonomic scissors, grooming scissors, hair blending shears, hair cutting shears, hair grooming, hair styling instruments, hair styling tools, hair texturizing tool, Hair Thinning Shears, hairdressing scissors, hairdressing thinning shears, precision cutting, professional grooming tools, professional hair cutting, professional hair cutting shears, professional hairdressing scissors, professional thinning scissors, razor blade shears, razor edge scissors, salon logo engraving, salon quality scissors, salon scissors, Sialkot barber tools, stainless steel thinning scissors, titanium hair shears, top professional scissors, vibrant hair shears, wrist pain relief",,"http://biteinstruments.com/wp-content/uploads/2025/10/BestThinningScissors.jpg, http://biteinstruments.com/wp-content/uploads/2025/10/thinning_scissor.jpg",,,,,,,,,0,,8898611216620.0,244.0,242.0,,,,,,,,,,,,,
1627,variable,8898014216428-texturizing-thinning-shears,,Professional Texturizing Shears (40 Teeth) - Japanese Steel Thinning Scissors for Layered Haircuts - Black/Gold,1,0,visible,,"<h4>CREATE TIKTOK’S VIRAL ""SOFT LAYER"" LOOKS ✂️</h4>\n<p>Salon-grade thinning shears designed for <strong>feathered blends</strong> and <strong>lived-in textures</strong>. Used by stylists for shags, wolf cuts, and curtain bangs.</p>\n\n<h5>WHY THESE STAND OUT:</h5>\n<ul>\n  <li>✔ <strong>40 Precision Teeth</strong> – Finer blending than standard 20-tooth shears</li>\n  <li>✔ <strong>Adjustable Tension Screw</strong> – Customize cutting resistance</li>\n  <li>✔ <strong>Two-Tone PVD Coating</strong> – Scratch-resistant black + gold finish</li>\n  <li>✔ <strong>Offset Handle</strong> – Reduces wrist fatigue during detailing</li>\n</ul>\n\n<h5>TECH SPECS:</h5>\n<ul>\n  <li>\n<strong>Blade:</strong> Japanese 440C stainless steel</li>\n  <li>\n<strong>Size:</strong> 6.5"" (165mm)</li>\n  <li>\n<strong>Weight:</strong> 0.3 lbs (lightweight for control)</li>\n  <li>\n<strong>Warranty:</strong> 3 years (covers tension mechanism)</li>\n</ul>\n\n<p>🎥 <em>Watch our <a href=""#video"">blending tutorial</a> to master these shears!</em></p>",,,taxable,,1,,,0,0,,,,,1,,,,"Beauty Care Instruments > Barber Tools, Beauty Care Instruments > Barber Tools > Grooming Scissors, Beauty Care Instruments > Barber Tools > Hair Cutting Barber Scissors & Shears, Beauty Care Instruments > Barber Tools > Hair Dressing Scissors, Pet Grooming Instruments, Beauty Care Instruments > Barber Tools > Professional Hair Thinning Scissors","Japanese steel shears, layered haircut tools, pet grooming scissors, salon blending shears, Sialkot beauty tools, texturizing shears, thinning scissors, TikTok hair trends",,http://biteinstruments.com/wp-content/uploads/2025/10/ProfessionalTexturizingShears.png,,,,,,,,,0,,8898014216428.0,252.0,251.0,Size,"6.5"" (40 Teeth), 7.0"" (50 Teeth), Custom Engraved",0.0,0.0,,,,,,,,,
1631,variable,8920265195756-professional-titanium-coated-dog-grooming-scissors-kit-3-piece-shears-set-straight-thinning-curved-with-comb,,"Professional Titanium Coated Dog Grooming Scissors Kit - 5-Piece Shears Set (Straight, Thinning, Curved) with Comb",1,0,visible,,"<p data-sourcepos=""11:1-11:505"">Elevate your pet grooming to a professional level with our <strong>Titanium Coated Dog Grooming Scissors Kit</strong>. This essential set of <strong>beauty instruments</strong> provides everything you need for precise and comfortable grooming, ensuring your furry friend always looks their best. Each shear is crafted from high-quality stainless steel and features a durable <strong>Titanium Coating</strong> for superior sharpness and longevity. The ergonomic design with vibrant blue accents offers exceptional control and comfort during use.</p>\n<ul data-sourcepos=""13:1-19:0"">\n<li data-sourcepos=""13:1-13:152"">\n<strong>Complete 5-Piece Shears Set:</strong> Includes a straight cutting scissor, a thinning shear, and a curved scissor, along with a high-quality grooming comb.</li>\n<li data-sourcepos=""14:1-14:151"">\n<strong>Titanium Coated Stainless Steel:</strong> Provides enhanced durability, exceptional sharpness, and rust resistance for long-lasting, hygienic performance.</li>\n<li data-sourcepos=""15:1-15:124"">\n<strong>Versatile Grooming:</strong> Perfect for all grooming needs, from intricate detailing to full body trims on various coat types.</li>\n<li data-sourcepos=""16:1-16:161"">\n<strong>Ergonomic Design with Blue Accents:</strong> Features comfortable finger rings with vibrant blue silicone inserts, ensuring a secure grip and reducing hand fatigue.</li>\n<li data-sourcepos=""17:1-17:133"">\n<strong>Professional &amp; Home Use:</strong> Ideal for both seasoned groomers and pet owners who want to achieve salon-quality results at home.</li>\n<li data-sourcepos=""18:1-19:0"">\n<strong>Precision &amp; Control:</strong> Designed for smooth, sharp cuts that leave your pet's coat looking neat and healthy.</li>\n</ul>\n<p data-sourcepos=""20:1-20:98"">Discover more high-quality <strong>bite instruments</strong> and comprehensive grooming solutions in our store.</p>",,,taxable,,1,,,0,0,,,,,1,,,,"Pet Grooming Instruments, Pet Grooming Kits","4CR stainless steel scissors, 5-in-1 dog shears, 5-in-1 pet grooming kit, beauty instruments, Bite Instruments, black dog shears, black grooming set, black grooming tools, blue accent scissors, cat grooming scissors, cat grooming supplies, curved dog grooming scissors, curved dog scissors, dog and cat grooming, dog grooming comb, dog grooming scissors, dog shears, dog thinning shears, durable dog grooming kit, durable pet grooming tools, durable pet shears, FAIGEO dog grooming kit, Gimars dog grooming scissors, grooming instruments, home dog grooming, home pet grooming, pet beauty instruments, pet beauty tools, pet care supplies, pet comb, pet grooming kit, pet hair clippers, pet hair cutting kit, pink accent scissors, premium dog grooming, professional dog grooming, professional grooming instruments, professional grooming tools, professional pet grooming kit, professional pet grooming set, razor-sharp dog grooming scissors, safety tip dog scissors, safety tip scissors, salon quality pet care, sleek pet shears, stainless steel dog scissors, stainless steel scissors, stainless steel shears set, straight dog scissors, straight grooming scissors, thinning shears, titanium coated scissors",,"http://biteinstruments.com/wp-content/uploads/2025/10/Professional_Dog_Grooming_Scissors_Kit_Titanium_Coated_Dog_Scissors_for_Grooming_Grooming_Shears_Kit_-_Straight_Thinning_Curved_Scissors.jpg, http://biteinstruments.com/wp-content/uploads/2025/10/Titanium_Coated_Dog_Scissors_for_Grooming.jpg, http://biteinstruments.com/wp-content/uploads/2025/10/DogGroomingKitwithSafetyRoundTips.jpg, http://biteinstruments.com/wp-content/uploads/2025/10/StainlessSteelProfessionalDogShearsSet.jpg, http://biteinstruments.com/wp-content/uploads/2025/10/CurvedScissors.jpg, http://biteinstruments.com/wp-content/uploads/2025/10/DogShearsSet.jpg, http://biteinstruments.com/wp-content/uploads/2025/10/Dogcomb.jpg, http://biteinstruments.com/wp-content/uploads/2025/10/CombforCatPet.jpg, http://biteinstruments.com/wp-content/uploads/2025/10/DogThinningscissor.jpg, http://biteinstruments.com/wp-content/uploads/2025/10/Titanium_Coated_Dog_straight_Scissors_for_Grooming.jpg",,,,,,,,,0,,8920265195756.0,338.0,337.0,Color,"Blue, Pink",0.0,0.0,,,,,,,,,
1666,variable,8927312216300-purple-dragon-professional-8-0-inch-dog-grooming-scissors-set-straight-curved-chunker-shears,,"Purple Dragon Professional 8.0-inch Dog Grooming Scissors Set - Straight, Curved & Chunker Shears",1,0,visible,,"<p data-sourcepos=""11:1-11:400"">Unleash your grooming potential with the <strong>Purple Dragon Professional 8.0-inch Dog Grooming Scissors Set</strong>. This stunning collection of <strong>beauty instruments</strong> is designed for discerning groomers and pet owners who demand precision and style. Crafted from high-quality materials with a vibrant purple finish, these shears provide exceptional sharpness and durability for all your pet's grooming needs.</p>\n<ul data-sourcepos=""13:1-19:0"">\n<li data-sourcepos=""13:1-13:203"">\n<strong>Professional 3-Piece Set:</strong> Includes an 8.0-inch straight cutting scissor, an 8.0-inch curved scissor, and an 8.0-inch chunker (thinning) scissor, offering versatile tools for diverse grooming tasks.</li>\n<li data-sourcepos=""14:1-14:132"">\n<strong>Vibrant Purple Design:</strong> Features a striking purple finish that stands out, adding a touch of elegance to your grooming toolkit.</li>\n<li data-sourcepos=""15:1-15:166"">\n<strong>8.0-inch Professional Length:</strong> Ideal size for efficient and effective grooming of medium to large dog breeds, allowing for broader strokes and faster completion.</li>\n<li data-sourcepos=""16:1-16:130"">\n<strong>Precision Blades:</strong> Designed for razor-sharp cutting, ensuring smooth, clean trims without pulling or snagging your pet's fur.</li>\n<li data-sourcepos=""17:1-17:128"">\n<strong>Ergonomic Comfort:</strong> Features comfortable finger rests and handles, reducing hand fatigue during extended grooming sessions.</li>\n<li data-sourcepos=""18:1-19:0"">\n<strong>Versatile Grooming:</strong> Perfect for shaping, trimming, thinning, and blending, helping you achieve professional salon-quality results at home.</li>\n</ul>\n<p data-sourcepos=""20:1-20:118"">Discover more high-quality <strong>bite instruments</strong> and elevate your pet care routine with our premium grooming solutions.</p>",,,taxable,,1,,,0,0,,,,,1,,,,"Pet Grooming Instruments, Pet Grooming Kits","4-in-1 grooming set, 4CR stainless steel scissors, 5-in-1 dog shears, 5-in-1 grooming kit, 5-in-1 grooming set, 5-in-1 pet grooming kit, 6-in-1 dog shears, 6-in-1 pet grooming kit, 7 inch dog shears, 7 inch pet shears, 8 inch pet shears, all-in-one pet groomer, Artecare dog grooming kit, beauty instruments, Bite Instruments, black and gold dog grooming, black and gold grooming scissors, black dog shears, black grooming set, black grooming shears, black grooming tools, black titanium scissors, blue accent scissors, blunt tip scissors, cat facial trimmer, cat grooming scissors, cat grooming supplies, cat grooming tools, Citywish dog grooming kit, Citywish pet grooming kit, comfortable grooming tools, complete pet grooming, comprehensive dog grooming, comprehensive dog kit, curved dog grooming scissors, curved dog scissors, curved grooming scissors, curved thinning straight scissors, curved thinning straight shears, detail grooming scissors, detail trimmer, dog comb, dog facial trimmer, dog grooming comb, dog grooming scissors, dog grooming shears, dog grooming supplies, dog hair cutting, dog hair cutting kit, dog nail care, dog nail clippers, dog nail file, dog scissors set, dog shears, dog styling scissors, dog thinning shears, down curved scissors, dragon style grooming scissors, durable dog grooming kit, durable dog scissors, durable pet shears, durable pet tools, ear hair scissors, facial trimmer for pets, fancy hair shears, Freewindo dog grooming kit, GEMEK dog grooming scissors, Gimars dog grooming scissors, gold dog grooming scissors, gold pet grooming shears, grooming instruments, grooming shears, grooming shears kit, home dog grooming, home grooming, home pet grooming, JASON dog grooming scissors, large dog grooming, luxurious grooming kit, luxurious pet grooming, luxury pet grooming, multifunctional pet grooming set, nail clipper for dogs, paint coated shears, patterned blade scissors, paw trimming scissors, pet beauty instruments, pet beauty tools, pet body trimmer, pet care supplies, pet care tools, pet grooming comb, pet grooming kit, pet grooming scissors, pet grooming set, pet grooming supplies, pet hair clippers, pet hair cutting, pet hair cutting kit, pet safety scissors, pet styling kit, pet styling shears, Pets First scissors, plastic handle scissors, premium dog grooming, professional cat grooming scissors, professional dog grooming, professional dog grooming set, professional dog shears, professional grooming instruments, professional grooming kit, professional grooming supplies, professional grooming tools, professional pet grooming kit, professional pet grooming set, professional pet shears, professional pet tools, Purple Dragon dog grooming scissors, purple grooming set, razor-sharp dog grooming scissors, red accent grooming kit, safe grooming scissors, safety grooming scissors, safety tip dog scissors, safety tip scissors, salon quality grooming, salon quality pet grooming, sharp dog scissors, sleek pet shears, small medium large dog grooming, small pet scissors, stainless steel dog scissors, stainless steel grooming kit, stainless steel grooming tools, stainless steel pet scissors, stainless steel pet shears, stainless steel scissors, straight curved chunker scissors, straight dog scissors, straight grooming scissors, straight thinning curved scissors, thinning scissors, thinning shears, titanium coated dog scissors, titanium coated scissors, titanium pet scissors, unique grooming tools, up curved scissors",,"http://biteinstruments.com/wp-content/uploads/2025/10/PurpleDragon8.0inchProfessionalDogGroomingHairCuttingScissor.jpg, http://biteinstruments.com/wp-content/uploads/2025/10/dogstraightscissoramazon.jpg, http://biteinstruments.com/wp-content/uploads/2025/10/chunkershear.jpg, http://biteinstruments.com/wp-content/uploads/2025/10/CurvedScissor.jpg, http://biteinstruments.com/wp-content/uploads/2025/10/DogGroomingHairCuttingScissor.jpg, http://biteinstruments.com/wp-content/uploads/2025/10/straightscissor.jpg, http://biteinstruments.com/wp-content/uploads/2025/10/shearkit.jpg, http://biteinstruments.com/wp-content/uploads/2025/10/amazonescissor.jpg, http://biteinstruments.com/wp-content/uploads/2025/10/HairCuttingScissor_CurvedScissor_ChunkerShearKitwithBag-forPetGroomer.jpg",,,,,,,,,0,,8927312216300.0,886.0,882.0,Color,"Purple, Black",0.0,0.0,Size,"7 Inches, 8 Inches",0.0,0.0,,,,,
1671,simple,,,Rainbow Color Curved Grooming Scissors for Dogs & Pets | Bite Instruments,1,0,visible,,"<p>Achieve professional grooming results at home with the <strong data-start=""439"" data-end=""502"">Bite Instruments Curved Grooming Scissors for Dogs and Pets</strong>. Crafted with <strong data-start=""517"" data-end=""551"">premium stainless steel blades</strong>, these curved shears allow for <strong data-start=""583"" data-end=""625"">precise trimming around delicate areas</strong> such as the face, ears, paws, and tail.</p>\n<p data-start=""304"" data-end=""457"">Shop Bite Instruments Curved Grooming Scissors – safe, sharp &amp; ergonomic pet shears for dogs &amp; cats. Perfect for precise trimming of face, paws &amp; body.The <strong data-start=""673"" data-end=""720"">ergonomic design with a comfort grip handle</strong> reduces hand fatigue, making them perfect for long grooming sessions. The <strong data-start=""795"" data-end=""818"">rounded safety tips</strong> ensure your pet’s safety, giving you peace of mind while providing a smooth and stylish trim. Whether you’re a professional groomer or a pet parent, these scissors are an <strong data-start=""993"" data-end=""1020"">essential grooming tool</strong> for maintaining your pet’s healthy, neat, and tangle-free coat.</p>\n<p>✅ <strong data-start=""1090"" data-end=""1114"">Features &amp; Benefits:</strong></p>\n<ul data-start=""1117"" data-end=""1552"">\n<li class=""a-spacing-mini""><span class=""a-list-item""><strong>Premium Steel:</strong> Our dog grooming scissors are crafted from premium quality Japanese 440C stainless steel, manually forged by professional steel workers with more than 10-year experience, ensuring blades always sharp for smoothly trimming that won't damage your pet's coat.</span></li>\n<li class=""a-spacing-mini""><span class=""a-list-item""><strong>Ergonomical Design: </strong>The shear for dog grooming designed with ergonomical handle, ensuring hours of comfortable use while reducing strain on your hands and wrists. Our scissor is ideal for pet owners or professional groomers. Also, the handle could prevent sliding from hands while using, which is safer for your pets.</span></li>\n<li class=""a-spacing-mini""><span class=""a-list-item""><strong>Professional Results: </strong>With razor-sharp blades, these grooming scissors deliver professional results every time. The grooming shear is also easy for carry, so you can trimming the hairs of your dog or cat anywhere, which is really convinent and economical.</span></li>\n<li class=""a-spacing-mini""><span class=""a-list-item""><strong>Solid &amp; Long-lasting:</strong> Covered with a beautiful color coating, our shears are anti-rust. Meticulously designed and polished, our pet scissors are built to withstand frequent use. You won't have to replace them anytime soon.</span></li>\n<li class=""a-spacing-mini"">\n<span class=""a-list-item""><strong>Meet Diverse Needs:</strong> The 7.5 inch up-curved dog scissor is convenient for grooming the sensitive areas such as face, ears, head, tail and so on. Our shear is also equipped with an adjustable screw, making it suitable for various fur thickness.</span><br>\n</li>\n</ul>\n<p>Give your pets a salon-quality grooming experience with <strong data-start=""1610"" data-end=""1655"">Bite Instruments Curved Grooming Scissors</strong> – combining <strong data-start=""1668"" data-end=""1702"">safety, precision, and comfort</strong> in one tool.</p>",,,taxable,,1,500.0,,0,0,,,,,1,,,"27,30","Pet Grooming Instruments > Curved Scissors, Beauty Care Instruments > Barber Tools > Grooming Scissors","7 inch dog shears, beauty instruments, beauty tool, best grooming scissors for dogs, Bite Instruments, black dog grooming scissors, cat grooming scissors safe tips, cat grooming shears, cat grooming tools, curved blade scissors, curved dog grooming scissors, curved dog scissors, curved grooming scissors, curved grooming scissors Bite Instruments, curved scissors, curved shears for pets, dog grooming curved shears, dog grooming scissors, dog grooming shears, dog grooming straight shear, dog grooming supplies, dog grooming supplies Bite Instruments, dog hair cutting scissors, dog scissors, grooming instrument, grooming scissors, grooming shears, grooming supplies, grooming tools, home dog grooming, paw trimming scissors, pet beauty instruments, pet grooming, pet grooming accessories, pet grooming scissors, pet grooming scissors curved blades, pet grooming supplies, professional dog grooming tools, professional grooming tools",,"http://biteinstruments.com/wp-content/uploads/2025/10/petcurvedgroomingscissors_1_1.jpg, http://biteinstruments.com/wp-content/uploads/2025/10/pet_curved_grooming_scissors_2_72975e32-894d-485b-9cc0-9850e8e20e35.jpg, http://biteinstruments.com/wp-content/uploads/2025/10/pet_curved_grooming_scissors_3_90d1d8cd-6e1b-4f9e-937d-15d784efb807.jpg, http://biteinstruments.com/wp-content/uploads/2025/10/pet_curved_grooming_scissors_4_7ca47225-163d-4711-ac81-0ec313bde9a2.jpg, http://biteinstruments.com/wp-content/uploads/2025/10/pet_curved_grooming_scissors_5_e2dd85c0-467d-4434-bb77-90e5a56d8a19.jpg, http://biteinstruments.com/wp-content/uploads/2025/10/pet_curved_grooming_scissors_6_0353418e-f4a2-4e3f-bf7d-9e111b48efc7.jpg",,,,,,,,,0,,9012170129644.0,224.0,224.0,,,,,,,,,,,,,
1672,variable,8898149744876-rainbow-tie-dye-hair-shears,,Rainbow Tie-Dye Hair Shears – Stainless Steel with Anti-Rust Coating,1,0,visible,,"<p class="""" data-end=""783"" data-start=""717""><strong data-end=""783"" data-start=""717"">🌈 Rainbow/Tie-Dye Patterned Hair Shears – By Bite Instruments</strong></p>\n<p class="""" data-end=""939"" data-start=""785"">Turn your toolkit into a statement piece. Designed for trendsetters and young stylists, these shears deliver both visual flair and professional precision.</p>\n<p class="""" data-end=""960"" data-start=""941""><strong data-end=""960"" data-start=""941"">✨ Key Features:</strong></p>\n<ul>\n<li data-end=""1037"" data-start=""963"">🎨 <strong data-end=""998"" data-start=""966"">Hydro-Dipped Rainbow Pattern</strong> – Vibrant, unique, and truly aesthetic</li>\n<li data-end=""1097"" data-start=""1040"">✂️ <strong data-end=""1069"" data-start=""1043"">Stainless Steel Blades</strong> – Ensures sharp, clean cuts</li>\n<li data-end=""1159"" data-start=""1100"">🛡️ <strong data-end=""1125"" data-start=""1104"">Anti-Rust Coating</strong> – Durable and long-lasting finish</li>\n<li data-end=""1231"" data-start=""1162"">💖 <strong data-end=""1191"" data-start=""1165"">Lightweight &amp; Balanced</strong> – Comfortable for long styling sessions</li>\n<li data-end=""1310"" data-start=""1234"">🎁 <strong data-end=""1256"" data-start=""1237"">Great Gift Item</strong> – A favorite among Gen Z and fashion-forward stylists</li>\n</ul>\n<p class="""" data-end=""1403"" data-start=""1312"">Perfect for Gen Z stylists, boutique gift shops, and salons that value form <em data-end=""1393"" data-start=""1388"">and</em> function.</p>",,,taxable,,1,,,0,0,,,,,1,,,,"Beauty Care Instruments > Barber Tools, Beauty Care Instruments, Pet Grooming Instruments > Blenders\, Chunkers & Thinning Scissors, Beauty Care Instruments > Barber Tools > Professional Hair Thinning Scissors","aesthetic tools, Bite Instruments, colorful barber tools, Gen Z stylist tools, rainbow shears, tie-dye scissors",,"http://biteinstruments.com/wp-content/uploads/2025/10/RainbowTie-DyeHairShears4.jpg, http://biteinstruments.com/wp-content/uploads/2025/10/RainbowTie-DyeHairShears.jpg, http://biteinstruments.com/wp-content/uploads/2025/10/RainbowTie-DyeHairShears3.jpg, http://biteinstruments.com/wp-content/uploads/2025/10/RainbowTie-DyeHairShears2.jpg, http://biteinstruments.com/wp-content/uploads/2025/10/videoframe_16923.png",,,,,,,,,0,,8898149744876.0,238.0,237.0,Size,"6.0"", 6.5"", 7.0"", 5.5""",0.0,0.0,,,,,,,,,
1677,simple,,,Safe Curved Pet Grooming Scissors for Dogs & Cats – Rounded Tip Shears | Bite Instruments,1,0,visible,,"<p>Achieve professional grooming results at home with the <strong data-start=""439"" data-end=""502"">Bite Instruments Curved Grooming Scissors for Dogs and Pets</strong>. Crafted with <strong data-start=""517"" data-end=""551"">premium stainless steel blades</strong>, these curved shears allow for <strong data-start=""583"" data-end=""625"">precise trimming around delicate areas</strong> such as the face, ears, paws, and tail.</p>\n<p data-start=""304"" data-end=""457"">Shop Bite Instruments Curved Grooming Scissors – safe, sharp &amp; ergonomic pet shears for dogs &amp; cats. Perfect for precise trimming of face, paws &amp; body.</p>\n<p>The <strong data-start=""673"" data-end=""720"">ergonomic design with a comfort grip handle</strong> reduces hand fatigue, making them perfect for long grooming sessions. The <strong data-start=""795"" data-end=""818"">rounded safety tips</strong> ensure your pet’s safety, giving you peace of mind while providing a smooth and stylish trim.</p>\n<p>Whether you’re a professional groomer or a pet parent, these scissors are an <strong data-start=""993"" data-end=""1020"">essential grooming tool</strong> for maintaining your pet’s healthy, neat, and tangle-free coat.</p>\n<p>✅ <strong data-start=""1090"" data-end=""1114"">Features &amp; Benefits:</strong></p>\n<ul data-start=""1117"" data-end=""1552"">\n<li class=""a-spacing-mini""><span class=""a-list-item""><strong>High-Quality Material </strong>- Made of high-quality 440C stainless steel, our dog grooming scissor ensures a clean, crisp and smooth cut. Easy to cut the thickest fur and toughest tangles.</span></li>\n<li class=""a-spacing-mini""><span class=""a-list-item""><strong>Personalized design: </strong>These scissors use Teflon coating, the color will always be bright and shiny, and will not fade. The multi-colored scissors bring a new experience to the user. It also shows off the taste and personality of the user.</span></li>\n<li class=""a-spacing-mini""><span class=""a-list-item""><strong>Safe for Your Pets </strong>- These dog grooming shears have a silencer, which can reduce the sound of the scissors handle hitting the sharp stainless steel blade. That can reduce the fear of sensitive pets. Make dog grooming easy and enjoyable.</span></li>\n<li class=""a-spacing-mini""><span class=""a-list-item""><strong>Scope:</strong> Suitable for any high-end barbers and beauty workers as well as families, you can easily cut pet hair in a dimensional look as you want without any sophisticated techniques.</span></li>\n<li class=""a-spacing-mini"">\n<span class=""a-list-item""><strong>Adjustable &amp; Comfortable </strong>- Adjustable screws can be tightened or loosened for sharpening and cleaning the blade, easy to operate, and making your cutting natural and smooth. You can easily adjust these scissors to suit your handle and control needs and reduce fatigue in your hand.</span><br>\n</li>\n</ul>\n<p>Give your pets a salon-quality grooming experience with <strong data-start=""1610"" data-end=""1655"">Bite Instruments Curved Grooming Scissors</strong> – combining <strong data-start=""1668"" data-end=""1702"">safety, precision, and comfort</strong> in one tool.</p>",,,taxable,,1,500.0,,0,0,,,,,1,,,"30,00","Pet Grooming Instruments > Curved Scissors, Beauty Care Instruments > Barber Tools > Grooming Scissors","7 inch dog shears, beauty instruments, beauty tool, best grooming scissors for dogs, Bite Instruments, black dog grooming scissors, cat grooming scissors safe tips, cat grooming shears, cat grooming tools, curved blade scissors, curved dog grooming scissors, curved dog scissors, curved grooming scissors, curved grooming scissors Bite Instruments, curved scissors, curved shears for pets, dog grooming curved shears, dog grooming scissors, dog grooming shears, dog grooming straight shear, dog grooming supplies, dog grooming supplies Bite Instruments, dog hair cutting scissors, dog scissors, grooming instrument, grooming scissors, grooming shears, grooming supplies, grooming tools, home dog grooming, paw trimming scissors, pet beauty instruments, pet grooming, pet grooming accessories, pet grooming scissors, pet grooming scissors curved blades, pet grooming supplies, professional dog grooming tools, professional grooming tools",,"http://biteinstruments.com/wp-content/uploads/2025/10/petcurvedgroomingscissors_2_1.jpg, http://biteinstruments.com/wp-content/uploads/2025/10/pet_curved_grooming_scissors_3_8a8650f8-4219-4d6c-ba9b-8cd1039497eb.jpg, http://biteinstruments.com/wp-content/uploads/2025/10/pet_curved_grooming_scissors_4_d241bb05-86f2-4a2a-84a9-b8f5727d3dcd.jpg, http://biteinstruments.com/wp-content/uploads/2025/10/pet_curved_grooming_scissors_5_18a0d8a2-4750-41ad-9d33-b47cd60dea28.jpg, http://biteinstruments.com/wp-content/uploads/2025/10/pet_curved_grooming_scissors_6_60cc6f8f-7ef3-416f-be67-bc69d56627d4.jpg, http://biteinstruments.com/wp-content/uploads/2025/10/pet_curved_grooming_scissors_7_7fb376d5-2149-4532-a1fd-6edb884c46d7.jpg",,,,,,,,,0,,9012169146604.0,254.0,254.0,,,,,,,,,,,,,
